song_ids,songs,support,item_count
80165,Danger In Dependency (Featuring Alena Sola) — Mabafu,0.203125,1
145915,The Mountain's Lament — MMFFF,0.1953125,1
50672,Sentimental-Fields 4 Don't Be A Luddy Duddy — The Superfools,0.1875,1
30199,Soho Joe — Lee Rosevere,0.1640625,1
113727,Whaledive — Martin Lowack,0.1640625,1
120475,Tidings of Comfort (Instrumental) — Tidings of Comfort,0.1640625,1
145914,The Lion & The Snake — MMFFF,0.1640625,1
20695,Free Dschimi — Tracky Birthday,0.15625,1
72511,Heaven — Zero V,0.15625,1
145911,Quantum — MMFFF,0.15625,1
50671,Sentimental-Fields 3 All Kinds Of Gibberish Sounds — The Superfools,0.1484375,1
50673,Sentimental-Fields 5 Sentimental Fields — The Superfools,0.1484375,1
120474,Tidings of Comfort — Tidings of Comfort,0.1484375,1
145909,Houdini's Last Trick — MMFFF,0.1484375,1
50954,Soporific — Kevin MacLeod,0.140625,1
80169,Bersarinplatz — Mabafu,0.140625,1
145912,North Pole — MMFFF,0.140625,1
50670,Sentimental-Fields 2 Here I Am — The Superfools,0.1328125,1
145913,"Untold, unspoken — MMFFF",0.125,1
80166,Oblivion (Featuring Knixx) — Mabafu,0.1171875,1
80168,All I Need (Featuring Alena Sola) — Mabafu,0.1171875,1
50674,Sentimental-Fields 1 WC-Fields — The Superfools,0.109375,1
80164,Changes (Featuring Alena Sola) — Mabafu,0.1015625,1
80167,So Much More (Featuring Alena Sola) — Mabafu,0.1015625,1
59173,She Gets All That She Wants — Ignatz,0.0859375,1
4538,There Is No Light — Wildbirds and Peacedrums,0.078125,1
38544,Women Be Wise — Nobody's Bizness,0.078125,1
1044,Last Double Eagle — Little Howlin' Wolf,0.0703125,1
3425,Nothing Really — Brother JT,0.0703125,1
19132,I Love My Babe — T-Model Ford,0.0703125,1
50892,Slow Burn — Kevin MacLeod,0.0703125,1
62435,Boulevard St Germain — Jahzzar,0.0703125,1
145129,Help Me After You Die [kat330 mash] — Kathleen Martin,0.0703125,1
740,Life After Sundown — Glass Candy,0.0625,1
3444,Hypocrite Shoes — Brother JT,0.0625,1
3842,Shes Too Fat — Little Howlin' Wolf,0.0625,1
14898,Nothin' But Nothin' — Rex Hobart &amp; the Misery Boys,0.0625,1
61487,Stormy Blues — Arne Bang Huseby,0.0625,1
78750,Untitled 4 — Loren Connors and Bill Orcutt,0.0625,1
123623,Playon Playaz — Pimpstrut Local #13,0.0625,1
123638,The Glory of Life's Glory — Pimpstrut Local #13,0.0625,1
1043,I'm Shufflin' — Little Howlin' Wolf,0.0546875,1
3424,Interview — Brother JT,0.0546875,1
3426,Hey Mr. Sun — Brother JT,0.0546875,1
3431,Throwaway — Brother JT,0.0546875,1
3435,Let's Not And Say We Did — Brother JT,0.0546875,1
3440,Floatin' — Brother JT,0.0546875,1
3445,Young But Daily Growing — Brother JT,0.0546875,1
3716,I Got to Cross the River Jordan — Immortal Lee County Killers,0.0546875,1
4536,I Can't Tell In His Eyes — Wildbirds and Peacedrums,0.0546875,1
11209,Cornbread Sally — Sawtooth Mountain Boys,0.0546875,1
11957,Scared of My Own Blood A Cappella — Sunbyrn,0.0546875,1
12574,Comeback Kid — Deano Waco,0.0546875,1
14899,I'll Never Sleep It Off — Rex Hobart &amp; the Misery Boys,0.0546875,1
19134,Wish I Was a Catfish — T-Model Ford,0.0546875,1
25067,Workin Boy Blues — Bombay Laughing Club,0.0546875,1
28277,Funk Shoppe — CSC Funk Band,0.0546875,1
56173,DK's song 'untitled' (live at WFMU Record Fair) — CSC Funk Band,0.0546875,1
56177,We Don't Care (live at WFMU Record Fair) — CSC Funk Band,0.0546875,1
61489,Fjcb Reddit Gtr Fills Mix — Phoephus,0.0546875,1
118654,Where You Do Belong — Cullah,0.0546875,1
118657,To The Rhythm of the Funk — Cullah,0.0546875,1
118658,No Home — Cullah,0.0546875,1
118874,Tubby Brothers — Jon Langford,0.0546875,1
129499,Wishing Him Away — Big Sandy and His Fly-Rite Boys,0.0546875,1
129502,Don't Sweetheart Me — Big Sandy and His Fly-Rite Boys,0.0546875,1
132228,High Class Girl From The Country — Zephaniah And The 18 Wheelers,0.0546875,1
736,You Are the Fly — Glass Candy,0.046875,1
737,Youe Deam Lover's On Video Again — Glass Candy,0.046875,1
745,Nite Nurses — Glass Candy,0.046875,1
4540,Doubt/Hope — Wildbirds and Peacedrums,0.046875,1
12787,Old Plank Road — Roger McGuinn,0.046875,1
12790,Nobody Knows You When You're Down and Out — Roger McGuinn,0.046875,1
12795,Going Down The Road Feeling Bad — Roger McGuinn,0.046875,1
13671,Good 'ol Shoe — Patchwork on the Blues,0.046875,1
14014,Good BBQ — The Riptones,0.046875,1
14017,I Can't and I Won't — The Riptones,0.046875,1
19135,Somebody Knockin' — T-Model Ford,0.046875,1
19137,"If You Love Me Like You Say — Paul ""Wine"" Jones",0.046875,1
23539,Can Opener — The Discoghosts,0.046875,1
50884,Aces High — Kevin MacLeod,0.046875,1
50888,DD Groove — Kevin MacLeod,0.046875,1
74982,Little Miss Fortune — Megan Jean and the Klay Family Band,0.046875,1
77381,Just Be — BJ Block & Dawn Pemberton,0.046875,1
87598,Lift Off — Jahzzar,0.046875,1
113354,Para Agradecer — Chicano Batman,0.046875,1
114308,Hard Miles — Bryan Mathys,0.046875,1
118656,Gone Away — Cullah,0.046875,1
118873,Luxury — Jon Langford,0.046875,1
128475,Blues do Cangaço — Molodoys,0.046875,1
129492,How Did You Love Someone Like Me — Big Sandy and His Fly-Rite Boys,0.046875,1
129496,Happy Birthday — Big Sandy and His Fly-Rite Boys,0.046875,1
755,Love On a Plate — Glass Candy,0.0390625,1
12792,500 Miles — Roger McGuinn,0.0390625,1
14900,Bridge Burners Union (Local 36) — Rex Hobart &amp; the Misery Boys,0.0390625,1
50891,Dirt Rhodes — Kevin MacLeod,0.0390625,1
87600,Venus — Jahzzar,0.0390625,1
127048,Gravedigger — Cletus Got Shot,0.0390625,1
140585,Freedom — Taina Asili,0.0390625,1
20696,Balla! — Tracky Birthday,0.03125,1
"30199, 120475",Soho Joe — Lee Rosevere | Tidings of Comfort (Instrumental) — Tidings of Comfort,0.109375,2
"113727, 145914",Whaledive — Martin Lowack | The Lion & The Snake — MMFFF,0.109375,2
"20695, 50670",Free Dschimi — Tracky Birthday | Sentimental-Fields 2 Here I Am — The Superfools,0.1015625,2
"20695, 145914",Free Dschimi — Tracky Birthday | The Lion & The Snake — MMFFF,0.1015625,2
"30199, 145914",Soho Joe — Lee Rosevere | The Lion & The Snake — MMFFF,0.1015625,2
"50672, 120474",Sentimental-Fields 4 Don't Be A Luddy Duddy — The Superfools | Tidings of Comfort — Tidings of Comfort,0.1015625,2
"80164, 145914",Changes (Featuring Alena Sola) — Mabafu | The Lion & The Snake — MMFFF,0.1015625,2
"80169, 120475",Bersarinplatz — Mabafu | Tidings of Comfort (Instrumental) — Tidings of Comfort,0.1015625,2
"20695, 50673",Free Dschimi — Tracky Birthday | Sentimental-Fields 5 Sentimental Fields — The Superfools,0.09375,2
"20695, 113727",Free Dschimi — Tracky Birthday | Whaledive — Martin Lowack,0.09375,2
"20695, 120475",Free Dschimi — Tracky Birthday | Tidings of Comfort (Instrumental) — Tidings of Comfort,0.09375,2
"30199, 113727",Soho Joe — Lee Rosevere | Whaledive — Martin Lowack,0.09375,2
"30199, 120474",Soho Joe — Lee Rosevere | Tidings of Comfort — Tidings of Comfort,0.09375,2
"30199, 145909",Soho Joe — Lee Rosevere | Houdini's Last Trick — MMFFF,0.09375,2
"50672, 50673",Sentimental-Fields 4 Don't Be A Luddy Duddy — The Superfools | Sentimental-Fields 5 Sentimental Fields — The Superfools,0.09375,2
"50672, 120475",Sentimental-Fields 4 Don't Be A Luddy Duddy — The Superfools | Tidings of Comfort (Instrumental) — Tidings of Comfort,0.09375,2
"50672, 145914",Sentimental-Fields 4 Don't Be A Luddy Duddy — The Superfools | The Lion & The Snake — MMFFF,0.09375,2
"50673, 113727",Sentimental-Fields 5 Sentimental Fields — The Superfools | Whaledive — Martin Lowack,0.09375,2
"50673, 120474",Sentimental-Fields 5 Sentimental Fields — The Superfools | Tidings of Comfort — Tidings of Comfort,0.09375,2
"50954, 80165",Soporific — Kevin MacLeod | Danger In Dependency (Featuring Alena Sola) — Mabafu,0.09375,2
"50954, 145914",Soporific — Kevin MacLeod | The Lion & The Snake — MMFFF,0.09375,2
"80165, 145914",Danger In Dependency (Featuring Alena Sola) — Mabafu | The Lion & The Snake — MMFFF,0.09375,2
"80168, 145914",All I Need (Featuring Alena Sola) — Mabafu | The Lion & The Snake — MMFFF,0.09375,2
"113727, 120474",Whaledive — Martin Lowack | Tidings of Comfort — Tidings of Comfort,0.09375,2
"120474, 120475",Tidings of Comfort — Tidings of Comfort | Tidings of Comfort (Instrumental) — Tidings of Comfort,0.09375,2
"120475, 145914",Tidings of Comfort (Instrumental) — Tidings of Comfort | The Lion & The Snake — MMFFF,0.09375,2
"20695, 30199",Free Dschimi — Tracky Birthday | Soho Joe — Lee Rosevere,0.0859375,2
"20695, 50672",Free Dschimi — Tracky Birthday | Sentimental-Fields 4 Don't Be A Luddy Duddy — The Superfools,0.0859375,2
"20695, 80164",Free Dschimi — Tracky Birthday | Changes (Featuring Alena Sola) — Mabafu,0.0859375,2
"20695, 80165",Free Dschimi — Tracky Birthday | Danger In Dependency (Featuring Alena Sola) — Mabafu,0.0859375,2
"20695, 120474",Free Dschimi — Tracky Birthday | Tidings of Comfort — Tidings of Comfort,0.0859375,2
"20695, 145911",Free Dschimi — Tracky Birthday | Quantum — MMFFF,0.0859375,2
"30199, 50671",Soho Joe — Lee Rosevere | Sentimental-Fields 3 All Kinds Of Gibberish Sounds — The Superfools,0.0859375,2
"30199, 50672",Soho Joe — Lee Rosevere | Sentimental-Fields 4 Don't Be A Luddy Duddy — The Superfools,0.0859375,2
"30199, 72511",Soho Joe — Lee Rosevere | Heaven — Zero V,0.0859375,2
"30199, 145913","Soho Joe — Lee Rosevere | Untold, unspoken — MMFFF",0.0859375,2
"50671, 50673",Sentimental-Fields 3 All Kinds Of Gibberish Sounds — The Superfools | Sentimental-Fields 5 Sentimental Fields — The Superfools,0.0859375,2
"50672, 80165",Sentimental-Fields 4 Don't Be A Luddy Duddy — The Superfools | Danger In Dependency (Featuring Alena Sola) — Mabafu,0.0859375,2
"50672, 80169",Sentimental-Fields 4 Don't Be A Luddy Duddy — The Superfools | Bersarinplatz — Mabafu,0.0859375,2
"50672, 113727",Sentimental-Fields 4 Don't Be A Luddy Duddy — The Superfools | Whaledive — Martin Lowack,0.0859375,2
"50672, 145909",Sentimental-Fields 4 Don't Be A Luddy Duddy — The Superfools | Houdini's Last Trick — MMFFF,0.0859375,2
"50672, 145911",Sentimental-Fields 4 Don't Be A Luddy Duddy — The Superfools | Quantum — MMFFF,0.0859375,2
"50673, 50954",Sentimental-Fields 5 Sentimental Fields — The Superfools | Soporific — Kevin MacLeod,0.0859375,2
"50673, 145911",Sentimental-Fields 5 Sentimental Fields — The Superfools | Quantum — MMFFF,0.0859375,2
"50673, 145914",Sentimental-Fields 5 Sentimental Fields — The Superfools | The Lion & The Snake — MMFFF,0.0859375,2
"50954, 80168",Soporific — Kevin MacLeod | All I Need (Featuring Alena Sola) — Mabafu,0.0859375,2
"50954, 120474",Soporific — Kevin MacLeod | Tidings of Comfort — Tidings of Comfort,0.0859375,2
"80164, 80165",Changes (Featuring Alena Sola) — Mabafu | Danger In Dependency (Featuring Alena Sola) — Mabafu,0.0859375,2
"80165, 80168",Danger In Dependency (Featuring Alena Sola) — Mabafu | All I Need (Featuring Alena Sola) — Mabafu,0.0859375,2
"80165, 120475",Danger In Dependency (Featuring Alena Sola) — Mabafu | Tidings of Comfort (Instrumental) — Tidings of Comfort,0.0859375,2
"80165, 145911",Danger In Dependency (Featuring Alena Sola) — Mabafu | Quantum — MMFFF,0.0859375,2
"113727, 145909",Whaledive — Martin Lowack | Houdini's Last Trick — MMFFF,0.0859375,2
"113727, 145911",Whaledive — Martin Lowack | Quantum — MMFFF,0.0859375,2
"113727, 145913","Whaledive — Martin Lowack | Untold, unspoken — MMFFF",0.0859375,2
"120474, 145909",Tidings of Comfort — Tidings of Comfort | Houdini's Last Trick — MMFFF,0.0859375,2
"120474, 145913","Tidings of Comfort — Tidings of Comfort | Untold, unspoken — MMFFF",0.0859375,2
"120474, 145914",Tidings of Comfort — Tidings of Comfort | The Lion & The Snake — MMFFF,0.0859375,2
"120474, 145915",Tidings of Comfort — Tidings of Comfort | The Mountain's Lament — MMFFF,0.0859375,2
"145909, 145914",Houdini's Last Trick — MMFFF | The Lion & The Snake — MMFFF,0.0859375,2
"145911, 145914",Quantum — MMFFF | The Lion & The Snake — MMFFF,0.0859375,2
"145912, 145914",North Pole — MMFFF | The Lion & The Snake — MMFFF,0.0859375,2
"20695, 50671",Free Dschimi — Tracky Birthday | Sentimental-Fields 3 All Kinds Of Gibberish Sounds — The Superfools,0.078125,2
"20695, 50954",Free Dschimi — Tracky Birthday | Soporific — Kevin MacLeod,0.078125,2
"20695, 80169",Free Dschimi — Tracky Birthday | Bersarinplatz — Mabafu,0.078125,2
"20695, 145912",Free Dschimi — Tracky Birthday | North Pole — MMFFF,0.078125,2
"20695, 145913","Free Dschimi — Tracky Birthday | Untold, unspoken — MMFFF",0.078125,2
"30199, 50670",Soho Joe — Lee Rosevere | Sentimental-Fields 2 Here I Am — The Superfools,0.078125,2
"30199, 50673",Soho Joe — Lee Rosevere | Sentimental-Fields 5 Sentimental Fields — The Superfools,0.078125,2
"30199, 80165",Soho Joe — Lee Rosevere | Danger In Dependency (Featuring Alena Sola) — Mabafu,0.078125,2
"30199, 80167",Soho Joe — Lee Rosevere | So Much More (Featuring Alena Sola) — Mabafu,0.078125,2
"30199, 80169",Soho Joe — Lee Rosevere | Bersarinplatz — Mabafu,0.078125,2
"30199, 145911",Soho Joe — Lee Rosevere | Quantum — MMFFF,0.078125,2
"50670, 50673",Sentimental-Fields 2 Here I Am — The Superfools | Sentimental-Fields 5 Sentimental Fields — The Superfools,0.078125,2
"50670, 80165",Sentimental-Fields 2 Here I Am — The Superfools | Danger In Dependency (Featuring Alena Sola) — Mabafu,0.078125,2
"50670, 120475",Sentimental-Fields 2 Here I Am — The Superfools | Tidings of Comfort (Instrumental) — Tidings of Comfort,0.078125,2
"50670, 145911",Sentimental-Fields 2 Here I Am — The Superfools | Quantum — MMFFF,0.078125,2
"50670, 145914",Sentimental-Fields 2 Here I Am — The Superfools | The Lion & The Snake — MMFFF,0.078125,2
"50671, 50672",Sentimental-Fields 3 All Kinds Of Gibberish Sounds — The Superfools | Sentimental-Fields 4 Don't Be A Luddy Duddy — The Superfools,0.078125,2
"50671, 72511",Sentimental-Fields 3 All Kinds Of Gibberish Sounds — The Superfools | Heaven — Zero V,0.078125,2
"50671, 113727",Sentimental-Fields 3 All Kinds Of Gibberish Sounds — The Superfools | Whaledive — Martin Lowack,0.078125,2
"50671, 120474",Sentimental-Fields 3 All Kinds Of Gibberish Sounds — The Superfools | Tidings of Comfort — Tidings of Comfort,0.078125,2
"50671, 120475",Sentimental-Fields 3 All Kinds Of Gibberish Sounds — The Superfools | Tidings of Comfort (Instrumental) — Tidings of Comfort,0.078125,2
"50671, 145914",Sentimental-Fields 3 All Kinds Of Gibberish Sounds — The Superfools | The Lion & The Snake — MMFFF,0.078125,2
"50671, 145915",Sentimental-Fields 3 All Kinds Of Gibberish Sounds — The Superfools | The Mountain's Lament — MMFFF,0.078125,2
"50672, 50954",Sentimental-Fields 4 Don't Be A Luddy Duddy — The Superfools | Soporific — Kevin MacLeod,0.078125,2
"50672, 80164",Sentimental-Fields 4 Don't Be A Luddy Duddy — The Superfools | Changes (Featuring Alena Sola) — Mabafu,0.078125,2
"50672, 145913","Sentimental-Fields 4 Don't Be A Luddy Duddy — The Superfools | Untold, unspoken — MMFFF",0.078125,2
"50673, 145909",Sentimental-Fields 5 Sentimental Fields — The Superfools | Houdini's Last Trick — MMFFF,0.078125,2
"50673, 145913","Sentimental-Fields 5 Sentimental Fields — The Superfools | Untold, unspoken — MMFFF",0.078125,2
"50954, 113727",Soporific — Kevin MacLeod | Whaledive — Martin Lowack,0.078125,2
"50954, 145911",Soporific — Kevin MacLeod | Quantum — MMFFF,0.078125,2
"50954, 145912",Soporific — Kevin MacLeod | North Pole — MMFFF,0.078125,2
"80165, 80169",Danger In Dependency (Featuring Alena Sola) — Mabafu | Bersarinplatz — Mabafu,0.078125,2
"80165, 145912",Danger In Dependency (Featuring Alena Sola) — Mabafu | North Pole — MMFFF,0.078125,2
"80167, 145914",So Much More (Featuring Alena Sola) — Mabafu | The Lion & The Snake — MMFFF,0.078125,2
"113727, 120475",Whaledive — Martin Lowack | Tidings of Comfort (Instrumental) — Tidings of Comfort,0.078125,2
"113727, 145912",Whaledive — Martin Lowack | North Pole — MMFFF,0.078125,2
"120475, 145911",Tidings of Comfort (Instrumental) — Tidings of Comfort | Quantum — MMFFF,0.078125,2
"120475, 145913","Tidings of Comfort (Instrumental) — Tidings of Comfort | Untold, unspoken — MMFFF",0.078125,2
"145911, 145912",Quantum — MMFFF | North Pole — MMFFF,0.078125,2
"20695, 80167",Free Dschimi — Tracky Birthday | So Much More (Featuring Alena Sola) — Mabafu,0.0703125,2
"20695, 80168",Free Dschimi — Tracky Birthday | All I Need (Featuring Alena Sola) — Mabafu,0.0703125,2
"20695, 145909",Free Dschimi — Tracky Birthday | Houdini's Last Trick — MMFFF,0.0703125,2
"30199, 80168",Soho Joe — Lee Rosevere | All I Need (Featuring Alena Sola) — Mabafu,0.0703125,2
"50670, 80164",Sentimental-Fields 2 Here I Am — The Superfools | Changes (Featuring Alena Sola) — Mabafu,0.0703125,2
"50670, 113727",Sentimental-Fields 2 Here I Am — The Superfools | Whaledive — Martin Lowack,0.0703125,2
"50670, 120474",Sentimental-Fields 2 Here I Am — The Superfools | Tidings of Comfort — Tidings of Comfort,0.0703125,2
"50671, 80164",Sentimental-Fields 3 All Kinds Of Gibberish Sounds — The Superfools | Changes (Featuring Alena Sola) — Mabafu,0.0703125,2
"50671, 80165",Sentimental-Fields 3 All Kinds Of Gibberish Sounds — The Superfools | Danger In Dependency (Featuring Alena Sola) — Mabafu,0.0703125,2
"50671, 145912",Sentimental-Fields 3 All Kinds Of Gibberish Sounds — The Superfools | North Pole — MMFFF,0.0703125,2
"50671, 145913","Sentimental-Fields 3 All Kinds Of Gibberish Sounds — The Superfools | Untold, unspoken — MMFFF",0.0703125,2
"50672, 72511",Sentimental-Fields 4 Don't Be A Luddy Duddy — The Superfools | Heaven — Zero V,0.0703125,2
"50672, 80168",Sentimental-Fields 4 Don't Be A Luddy Duddy — The Superfools | All I Need (Featuring Alena Sola) — Mabafu,0.0703125,2
"50672, 145912",Sentimental-Fields 4 Don't Be A Luddy Duddy — The Superfools | North Pole — MMFFF,0.0703125,2
"50672, 145915",Sentimental-Fields 4 Don't Be A Luddy Duddy — The Superfools | The Mountain's Lament — MMFFF,0.0703125,2
"50673, 80164",Sentimental-Fields 5 Sentimental Fields — The Superfools | Changes (Featuring Alena Sola) — Mabafu,0.0703125,2
"50673, 80165",Sentimental-Fields 5 Sentimental Fields — The Superfools | Danger In Dependency (Featuring Alena Sola) — Mabafu,0.0703125,2
"50673, 80168",Sentimental-Fields 5 Sentimental Fields — The Superfools | All I Need (Featuring Alena Sola) — Mabafu,0.0703125,2
"50673, 80169",Sentimental-Fields 5 Sentimental Fields — The Superfools | Bersarinplatz — Mabafu,0.0703125,2
"50673, 120475",Sentimental-Fields 5 Sentimental Fields — The Superfools | Tidings of Comfort (Instrumental) — Tidings of Comfort,0.0703125,2
"50673, 145912",Sentimental-Fields 5 Sentimental Fields — The Superfools | North Pole — MMFFF,0.0703125,2
"50674, 145911",Sentimental-Fields 1 WC-Fields — The Superfools | Quantum — MMFFF,0.0703125,2
"50954, 80164",Soporific — Kevin MacLeod | Changes (Featuring Alena Sola) — Mabafu,0.0703125,2
"50954, 120475",Soporific — Kevin MacLeod | Tidings of Comfort (Instrumental) — Tidings of Comfort,0.0703125,2
"50954, 145909",Soporific — Kevin MacLeod | Houdini's Last Trick — MMFFF,0.0703125,2
"72511, 113727",Heaven — Zero V | Whaledive — Martin Lowack,0.0703125,2
"72511, 145914",Heaven — Zero V | The Lion & The Snake — MMFFF,0.0703125,2
"80164, 80168",Changes (Featuring Alena Sola) — Mabafu | All I Need (Featuring Alena Sola) — Mabafu,0.0703125,2
"80164, 120475",Changes (Featuring Alena Sola) — Mabafu | Tidings of Comfort (Instrumental) — Tidings of Comfort,0.0703125,2
"80164, 145911",Changes (Featuring Alena Sola) — Mabafu | Quantum — MMFFF,0.0703125,2
"80164, 145912",Changes (Featuring Alena Sola) — Mabafu | North Pole — MMFFF,0.0703125,2
"80165, 80167",Danger In Dependency (Featuring Alena Sola) — Mabafu | So Much More (Featuring Alena Sola) — Mabafu,0.0703125,2
"80165, 113727",Danger In Dependency (Featuring Alena Sola) — Mabafu | Whaledive — Martin Lowack,0.0703125,2
"80165, 120474",Danger In Dependency (Featuring Alena Sola) — Mabafu | Tidings of Comfort — Tidings of Comfort,0.0703125,2
"80165, 145909",Danger In Dependency (Featuring Alena Sola) — Mabafu | Houdini's Last Trick — MMFFF,0.0703125,2
"80165, 145913","Danger In Dependency (Featuring Alena Sola) — Mabafu | Untold, unspoken — MMFFF",0.0703125,2
"80167, 80168",So Much More (Featuring Alena Sola) — Mabafu | All I Need (Featuring Alena Sola) — Mabafu,0.0703125,2
"80167, 113727",So Much More (Featuring Alena Sola) — Mabafu | Whaledive — Martin Lowack,0.0703125,2
"80168, 113727",All I Need (Featuring Alena Sola) — Mabafu | Whaledive — Martin Lowack,0.0703125,2
"80168, 120474",All I Need (Featuring Alena Sola) — Mabafu | Tidings of Comfort — Tidings of Comfort,0.0703125,2
"80168, 120475",All I Need (Featuring Alena Sola) — Mabafu | Tidings of Comfort (Instrumental) — Tidings of Comfort,0.0703125,2
"80168, 145911",All I Need (Featuring Alena Sola) — Mabafu | Quantum — MMFFF,0.0703125,2
"80169, 113727",Bersarinplatz — Mabafu | Whaledive — Martin Lowack,0.0703125,2
"80169, 120474",Bersarinplatz — Mabafu | Tidings of Comfort — Tidings of Comfort,0.0703125,2
"80169, 145911",Bersarinplatz — Mabafu | Quantum — MMFFF,0.0703125,2
"80169, 145914",Bersarinplatz — Mabafu | The Lion & The Snake — MMFFF,0.0703125,2
"113727, 145915",Whaledive — Martin Lowack | The Mountain's Lament — MMFFF,0.0703125,2
"120474, 145911",Tidings of Comfort — Tidings of Comfort | Quantum — MMFFF,0.0703125,2
"120474, 145912",Tidings of Comfort — Tidings of Comfort | North Pole — MMFFF,0.0703125,2
"120475, 145909",Tidings of Comfort (Instrumental) — Tidings of Comfort | Houdini's Last Trick — MMFFF,0.0703125,2
"120475, 145912",Tidings of Comfort (Instrumental) — Tidings of Comfort | North Pole — MMFFF,0.0703125,2
"145909, 145912",Houdini's Last Trick — MMFFF | North Pole — MMFFF,0.0703125,2
"145909, 145913","Houdini's Last Trick — MMFFF | Untold, unspoken — MMFFF",0.0703125,2
"145912, 145915",North Pole — MMFFF | The Mountain's Lament — MMFFF,0.0703125,2
"145913, 145914","Untold, unspoken — MMFFF | The Lion & The Snake — MMFFF",0.0703125,2
"20695, 50674",Free Dschimi — Tracky Birthday | Sentimental-Fields 1 WC-Fields — The Superfools,0.0625,2
"30199, 50954",Soho Joe — Lee Rosevere | Soporific — Kevin MacLeod,0.0625,2
"30199, 80164",Soho Joe — Lee Rosevere | Changes (Featuring Alena Sola) — Mabafu,0.0625,2
"30199, 80166",Soho Joe — Lee Rosevere | Oblivion (Featuring Knixx) — Mabafu,0.0625,2
"30199, 145912",Soho Joe — Lee Rosevere | North Pole — MMFFF,0.0625,2
"30199, 145915",Soho Joe — Lee Rosevere | The Mountain's Lament — MMFFF,0.0625,2
"50670, 50671",Sentimental-Fields 2 Here I Am — The Superfools | Sentimental-Fields 3 All Kinds Of Gibberish Sounds — The Superfools,0.0625,2
"50670, 50672",Sentimental-Fields 2 Here I Am — The Superfools | Sentimental-Fields 4 Don't Be A Luddy Duddy — The Superfools,0.0625,2
"50670, 50954",Sentimental-Fields 2 Here I Am — The Superfools | Soporific — Kevin MacLeod,0.0625,2
"50670, 80167",Sentimental-Fields 2 Here I Am — The Superfools | So Much More (Featuring Alena Sola) — Mabafu,0.0625,2
"50670, 80168",Sentimental-Fields 2 Here I Am — The Superfools | All I Need (Featuring Alena Sola) — Mabafu,0.0625,2
"50670, 80169",Sentimental-Fields 2 Here I Am — The Superfools | Bersarinplatz — Mabafu,0.0625,2
"50670, 145912",Sentimental-Fields 2 Here I Am — The Superfools | North Pole — MMFFF,0.0625,2
"50671, 50954",Sentimental-Fields 3 All Kinds Of Gibberish Sounds — The Superfools | Soporific — Kevin MacLeod,0.0625,2
"50671, 80168",Sentimental-Fields 3 All Kinds Of Gibberish Sounds — The Superfools | All I Need (Featuring Alena Sola) — Mabafu,0.0625,2
"50671, 145909",Sentimental-Fields 3 All Kinds Of Gibberish Sounds — The Superfools | Houdini's Last Trick — MMFFF,0.0625,2
"50673, 72511",Sentimental-Fields 5 Sentimental Fields — The Superfools | Heaven — Zero V,0.0625,2
"50673, 145915",Sentimental-Fields 5 Sentimental Fields — The Superfools | The Mountain's Lament — MMFFF,0.0625,2
"50674, 113727",Sentimental-Fields 1 WC-Fields — The Superfools | Whaledive — Martin Lowack,0.0625,2
"50674, 145914",Sentimental-Fields 1 WC-Fields — The Superfools | The Lion & The Snake — MMFFF,0.0625,2
"50954, 145913","Soporific — Kevin MacLeod | Untold, unspoken — MMFFF",0.0625,2
"72511, 120474",Heaven — Zero V | Tidings of Comfort — Tidings of Comfort,0.0625,2
"72511, 120475",Heaven — Zero V | Tidings of Comfort (Instrumental) — Tidings of Comfort,0.0625,2
"72511, 145915",Heaven — Zero V | The Mountain's Lament — MMFFF,0.0625,2
"80164, 113727",Changes (Featuring Alena Sola) — Mabafu | Whaledive — Martin Lowack,0.0625,2
"80166, 145914",Oblivion (Featuring Knixx) — Mabafu | The Lion & The Snake — MMFFF,0.0625,2
"80167, 145911",So Much More (Featuring Alena Sola) — Mabafu | Quantum — MMFFF,0.0625,2
"80168, 145912",All I Need (Featuring Alena Sola) — Mabafu | North Pole — MMFFF,0.0625,2
"80168, 145915",All I Need (Featuring Alena Sola) — Mabafu | The Mountain's Lament — MMFFF,0.0625,2
"80169, 145913","Bersarinplatz — Mabafu | Untold, unspoken — MMFFF",0.0625,2
"120475, 145915",Tidings of Comfort (Instrumental) — Tidings of Comfort | The Mountain's Lament — MMFFF,0.0625,2
"145909, 145911",Houdini's Last Trick — MMFFF | Quantum — MMFFF,0.0625,2
"145911, 145913","Quantum — MMFFF | Untold, unspoken — MMFFF",0.0625,2
"145914, 145915",The Lion & The Snake — MMFFF | The Mountain's Lament — MMFFF,0.0625,2
"20695, 72511",Free Dschimi — Tracky Birthday | Heaven — Zero V,0.0546875,2
"20695, 80166",Free Dschimi — Tracky Birthday | Oblivion (Featuring Knixx) — Mabafu,0.0546875,2
"50670, 145909",Sentimental-Fields 2 Here I Am — The Superfools | Houdini's Last Trick — MMFFF,0.0546875,2
"50670, 145913","Sentimental-Fields 2 Here I Am — The Superfools | Untold, unspoken — MMFFF",0.0546875,2
"50671, 80167",Sentimental-Fields 3 All Kinds Of Gibberish Sounds — The Superfools | So Much More (Featuring Alena Sola) — Mabafu,0.0546875,2
"50671, 80169",Sentimental-Fields 3 All Kinds Of Gibberish Sounds — The Superfools | Bersarinplatz — Mabafu,0.0546875,2
"50671, 145911",Sentimental-Fields 3 All Kinds Of Gibberish Sounds — The Superfools | Quantum — MMFFF,0.0546875,2
"50672, 50674",Sentimental-Fields 4 Don't Be A Luddy Duddy — The Superfools | Sentimental-Fields 1 WC-Fields — The Superfools,0.0546875,2
"50673, 80166",Sentimental-Fields 5 Sentimental Fields — The Superfools | Oblivion (Featuring Knixx) — Mabafu,0.0546875,2
"50674, 50954",Sentimental-Fields 1 WC-Fields — The Superfools | Soporific — Kevin MacLeod,0.0546875,2
"50674, 80164",Sentimental-Fields 1 WC-Fields — The Superfools | Changes (Featuring Alena Sola) — Mabafu,0.0546875,2
"50674, 80165",Sentimental-Fields 1 WC-Fields — The Superfools | Danger In Dependency (Featuring Alena Sola) — Mabafu,0.0546875,2
"50674, 120475",Sentimental-Fields 1 WC-Fields — The Superfools | Tidings of Comfort (Instrumental) — Tidings of Comfort,0.0546875,2
"50674, 145912",Sentimental-Fields 1 WC-Fields — The Superfools | North Pole — MMFFF,0.0546875,2
"50674, 145913","Sentimental-Fields 1 WC-Fields — The Superfools | Untold, unspoken — MMFFF",0.0546875,2
"50954, 80167",Soporific — Kevin MacLeod | So Much More (Featuring Alena Sola) — Mabafu,0.0546875,2
"50954, 80169",Soporific — Kevin MacLeod | Bersarinplatz — Mabafu,0.0546875,2
"50954, 145915",Soporific — Kevin MacLeod | The Mountain's Lament — MMFFF,0.0546875,2
"72511, 80165",Heaven — Zero V | Danger In Dependency (Featuring Alena Sola) — Mabafu,0.0546875,2
"72511, 80167",Heaven — Zero V | So Much More (Featuring Alena Sola) — Mabafu,0.0546875,2
"72511, 80168",Heaven — Zero V | All I Need (Featuring Alena Sola) — Mabafu,0.0546875,2
"72511, 80169",Heaven — Zero V | Bersarinplatz — Mabafu,0.0546875,2
"72511, 145909",Heaven — Zero V | Houdini's Last Trick — MMFFF,0.0546875,2
"80164, 80167",Changes (Featuring Alena Sola) — Mabafu | So Much More (Featuring Alena Sola) — Mabafu,0.0546875,2
"80164, 80169",Changes (Featuring Alena Sola) — Mabafu | Bersarinplatz — Mabafu,0.0546875,2
"80164, 120474",Changes (Featuring Alena Sola) — Mabafu | Tidings of Comfort — Tidings of Comfort,0.0546875,2
"80164, 145909",Changes (Featuring Alena Sola) — Mabafu | Houdini's Last Trick — MMFFF,0.0546875,2
"80165, 145915",Danger In Dependency (Featuring Alena Sola) — Mabafu | The Mountain's Lament — MMFFF,0.0546875,2
"80166, 80169",Oblivion (Featuring Knixx) — Mabafu | Bersarinplatz — Mabafu,0.0546875,2
"80166, 113727",Oblivion (Featuring Knixx) — Mabafu | Whaledive — Martin Lowack,0.0546875,2
"80166, 145912",Oblivion (Featuring Knixx) — Mabafu | North Pole — MMFFF,0.0546875,2
"80167, 120475",So Much More (Featuring Alena Sola) — Mabafu | Tidings of Comfort (Instrumental) — Tidings of Comfort,0.0546875,2
"80167, 145912",So Much More (Featuring Alena Sola) — Mabafu | North Pole — MMFFF,0.0546875,2
"80168, 80169",All I Need (Featuring Alena Sola) — Mabafu | Bersarinplatz — Mabafu,0.0546875,2
"80168, 145909",All I Need (Featuring Alena Sola) — Mabafu | Houdini's Last Trick — MMFFF,0.0546875,2
"80169, 145912",Bersarinplatz — Mabafu | North Pole — MMFFF,0.0546875,2
"145909, 145915",Houdini's Last Trick — MMFFF | The Mountain's Lament — MMFFF,0.0546875,2
"145912, 145913","North Pole — MMFFF | Untold, unspoken — MMFFF",0.0546875,2
"20695, 145915",Free Dschimi — Tracky Birthday | The Mountain's Lament — MMFFF,0.046875,2
"50670, 50674",Sentimental-Fields 2 Here I Am — The Superfools | Sentimental-Fields 1 WC-Fields — The Superfools,0.046875,2
"50670, 72511",Sentimental-Fields 2 Here I Am — The Superfools | Heaven — Zero V,0.046875,2
"50670, 80166",Sentimental-Fields 2 Here I Am — The Superfools | Oblivion (Featuring Knixx) — Mabafu,0.046875,2
"50670, 145915",Sentimental-Fields 2 Here I Am — The Superfools | The Mountain's Lament — MMFFF,0.046875,2
"50672, 80167",Sentimental-Fields 4 Don't Be A Luddy Duddy — The Superfools | So Much More (Featuring Alena Sola) — Mabafu,0.046875,2
"50673, 50674",Sentimental-Fields 5 Sentimental Fields — The Superfools | Sentimental-Fields 1 WC-Fields — The Superfools,0.046875,2
"50673, 80167",Sentimental-Fields 5 Sentimental Fields — The Superfools | So Much More (Featuring Alena Sola) — Mabafu,0.046875,2
"50674, 80168",Sentimental-Fields 1 WC-Fields — The Superfools | All I Need (Featuring Alena Sola) — Mabafu,0.046875,2
"50674, 80169",Sentimental-Fields 1 WC-Fields — The Superfools | Bersarinplatz — Mabafu,0.046875,2
"50674, 120474",Sentimental-Fields 1 WC-Fields — The Superfools | Tidings of Comfort — Tidings of Comfort,0.046875,2
"50674, 145909",Sentimental-Fields 1 WC-Fields — The Superfools | Houdini's Last Trick — MMFFF,0.046875,2
"50954, 72511",Soporific — Kevin MacLeod | Heaven — Zero V,0.046875,2
"72511, 80164",Heaven — Zero V | Changes (Featuring Alena Sola) — Mabafu,0.046875,2
"72511, 145911",Heaven — Zero V | Quantum — MMFFF,0.046875,2
"72511, 145913","Heaven — Zero V | Untold, unspoken — MMFFF",0.046875,2
"80164, 145913","Changes (Featuring Alena Sola) — Mabafu | Untold, unspoken — MMFFF",0.046875,2
"80164, 145915",Changes (Featuring Alena Sola) — Mabafu | The Mountain's Lament — MMFFF,0.046875,2
"80166, 120475",Oblivion (Featuring Knixx) — Mabafu | Tidings of Comfort (Instrumental) — Tidings of Comfort,0.046875,2
"80166, 145911",Oblivion (Featuring Knixx) — Mabafu | Quantum — MMFFF,0.046875,2
"80166, 145915",Oblivion (Featuring Knixx) — Mabafu | The Mountain's Lament — MMFFF,0.046875,2
"80167, 120474",So Much More (Featuring Alena Sola) — Mabafu | Tidings of Comfort — Tidings of Comfort,0.046875,2
"80167, 145909",So Much More (Featuring Alena Sola) — Mabafu | Houdini's Last Trick — MMFFF,0.046875,2
"80167, 145913","So Much More (Featuring Alena Sola) — Mabafu | Untold, unspoken — MMFFF",0.046875,2
"80167, 145915",So Much More (Featuring Alena Sola) — Mabafu | The Mountain's Lament — MMFFF,0.046875,2
"80168, 145913","All I Need (Featuring Alena Sola) — Mabafu | Untold, unspoken — MMFFF",0.046875,2
"80169, 145909",Bersarinplatz — Mabafu | Houdini's Last Trick — MMFFF,0.046875,2
"80169, 145915",Bersarinplatz — Mabafu | The Mountain's Lament — MMFFF,0.046875,2
"145911, 145915",Quantum — MMFFF | The Mountain's Lament — MMFFF,0.046875,2
"1044, 19135",Last Double Eagle — Little Howlin' Wolf | Somebody Knockin' — T-Model Ford,0.0390625,2
"4538, 12795",There Is No Light — Wildbirds and Peacedrums | Going Down The Road Feeling Bad — Roger McGuinn,0.0390625,2
"4538, 118658",There Is No Light — Wildbirds and Peacedrums | No Home — Cullah,0.0390625,2
"14898, 129499",Nothin' But Nothin' — Rex Hobart &amp; the Misery Boys | Wishing Him Away — Big Sandy and His Fly-Rite Boys,0.0390625,2
"19132, 59173",I Love My Babe — T-Model Ford | She Gets All That She Wants — Ignatz,0.0390625,2
"30199, 50674",Soho Joe — Lee Rosevere | Sentimental-Fields 1 WC-Fields — The Superfools,0.0390625,2
"50671, 80166",Sentimental-Fields 3 All Kinds Of Gibberish Sounds — The Superfools | Oblivion (Featuring Knixx) — Mabafu,0.0390625,2
"50672, 80166",Sentimental-Fields 4 Don't Be A Luddy Duddy — The Superfools | Oblivion (Featuring Knixx) — Mabafu,0.0390625,2
"50674, 80167",Sentimental-Fields 1 WC-Fields — The Superfools | So Much More (Featuring Alena Sola) — Mabafu,0.0390625,2
"50954, 80166",Soporific — Kevin MacLeod | Oblivion (Featuring Knixx) — Mabafu,0.0390625,2
"72511, 80166",Heaven — Zero V | Oblivion (Featuring Knixx) — Mabafu,0.0390625,2
"72511, 145912",Heaven — Zero V | North Pole — MMFFF,0.0390625,2
"80164, 80166",Changes (Featuring Alena Sola) — Mabafu | Oblivion (Featuring Knixx) — Mabafu,0.0390625,2
"80165, 80166",Danger In Dependency (Featuring Alena Sola) — Mabafu | Oblivion (Featuring Knixx) — Mabafu,0.0390625,2
"80166, 80168",Oblivion (Featuring Knixx) — Mabafu | All I Need (Featuring Alena Sola) — Mabafu,0.0390625,2
"80166, 120474",Oblivion (Featuring Knixx) — Mabafu | Tidings of Comfort — Tidings of Comfort,0.0390625,2
"80166, 145909",Oblivion (Featuring Knixx) — Mabafu | Houdini's Last Trick — MMFFF,0.0390625,2
"80167, 80169",So Much More (Featuring Alena Sola) — Mabafu | Bersarinplatz — Mabafu,0.0390625,2
"737, 113354",Youe Deam Lover's On Video Again — Glass Candy | Para Agradecer — Chicano Batman,0.03125,2
"1043, 19132",I'm Shufflin' — Little Howlin' Wolf | I Love My Babe — T-Model Ford,0.03125,2
"1043, 59173",I'm Shufflin' — Little Howlin' Wolf | She Gets All That She Wants — Ignatz,0.03125,2
"1044, 3424",Last Double Eagle — Little Howlin' Wolf | Interview — Brother JT,0.03125,2
"3424, 59173",Interview — Brother JT | She Gets All That She Wants — Ignatz,0.03125,2
"3425, 3444",Nothing Really — Brother JT | Hypocrite Shoes — Brother JT,0.03125,2
"3425, 25067",Nothing Really — Brother JT | Workin Boy Blues — Bombay Laughing Club,0.03125,2
"3425, 50892",Nothing Really — Brother JT | Slow Burn — Kevin MacLeod,0.03125,2
"3425, 61489",Nothing Really — Brother JT | Fjcb Reddit Gtr Fills Mix — Phoephus,0.03125,2
"3426, 4538",Hey Mr. Sun — Brother JT | There Is No Light — Wildbirds and Peacedrums,0.03125,2
"3426, 4540",Hey Mr. Sun — Brother JT | Doubt/Hope — Wildbirds and Peacedrums,0.03125,2
"3426, 50892",Hey Mr. Sun — Brother JT | Slow Burn — Kevin MacLeod,0.03125,2
"3426, 62435",Hey Mr. Sun — Brother JT | Boulevard St Germain — Jahzzar,0.03125,2
"3431, 19132",Throwaway — Brother JT | I Love My Babe — T-Model Ford,0.03125,2
"3435, 59173",Let's Not And Say We Did — Brother JT | She Gets All That She Wants — Ignatz,0.03125,2
"3435, 62435",Let's Not And Say We Did — Brother JT | Boulevard St Germain — Jahzzar,0.03125,2
"3444, 4536",Hypocrite Shoes — Brother JT | I Can't Tell In His Eyes — Wildbirds and Peacedrums,0.03125,2
"3444, 145129",Hypocrite Shoes — Brother JT | Help Me After You Die [kat330 mash] — Kathleen Martin,0.03125,2
"3445, 4538",Young But Daily Growing — Brother JT | There Is No Light — Wildbirds and Peacedrums,0.03125,2
"3445, 62435",Young But Daily Growing — Brother JT | Boulevard St Germain — Jahzzar,0.03125,2
"4538, 11957",There Is No Light — Wildbirds and Peacedrums | Scared of My Own Blood A Cappella — Sunbyrn,0.03125,2
"4538, 13671",There Is No Light — Wildbirds and Peacedrums | Good 'ol Shoe — Patchwork on the Blues,0.03125,2
"4538, 19132",There Is No Light — Wildbirds and Peacedrums | I Love My Babe — T-Model Ford,0.03125,2
"4538, 19137","There Is No Light — Wildbirds and Peacedrums | If You Love Me Like You Say — Paul ""Wine"" Jones",0.03125,2
"4538, 62435",There Is No Light — Wildbirds and Peacedrums | Boulevard St Germain — Jahzzar,0.03125,2
"4538, 145129",There Is No Light — Wildbirds and Peacedrums | Help Me After You Die [kat330 mash] — Kathleen Martin,0.03125,2
"11957, 62435",Scared of My Own Blood A Cappella — Sunbyrn | Boulevard St Germain — Jahzzar,0.03125,2
"12574, 114308",Comeback Kid — Deano Waco | Hard Miles — Bryan Mathys,0.03125,2
"12574, 129499",Comeback Kid — Deano Waco | Wishing Him Away — Big Sandy and His Fly-Rite Boys,0.03125,2
"12790, 19134",Nobody Knows You When You're Down and Out — Roger McGuinn | Wish I Was a Catfish — T-Model Ford,0.03125,2
"12795, 19132",Going Down The Road Feeling Bad — Roger McGuinn | I Love My Babe — T-Model Ford,0.03125,2
"14014, 129499",Good BBQ — The Riptones | Wishing Him Away — Big Sandy and His Fly-Rite Boys,0.03125,2
"19132, 50888",I Love My Babe — T-Model Ford | DD Groove — Kevin MacLeod,0.03125,2
"19132, 62435",I Love My Babe — T-Model Ford | Boulevard St Germain — Jahzzar,0.03125,2
"19134, 80165",Wish I Was a Catfish — T-Model Ford | Danger In Dependency (Featuring Alena Sola) — Mabafu,0.03125,2
"19135, 59173",Somebody Knockin' — T-Model Ford | She Gets All That She Wants — Ignatz,0.03125,2
"50671, 50674",Sentimental-Fields 3 All Kinds Of Gibberish Sounds — The Superfools | Sentimental-Fields 1 WC-Fields — The Superfools,0.03125,2
"50674, 72511",Sentimental-Fields 1 WC-Fields — The Superfools | Heaven — Zero V,0.03125,2
"50888, 118654",DD Groove — Kevin MacLeod | Where You Do Belong — Cullah,0.03125,2
"50892, 62435",Slow Burn — Kevin MacLeod | Boulevard St Germain — Jahzzar,0.03125,2
"50892, 80165",Slow Burn — Kevin MacLeod | Danger In Dependency (Featuring Alena Sola) — Mabafu,0.03125,2
"50892, 145129",Slow Burn — Kevin MacLeod | Help Me After You Die [kat330 mash] — Kathleen Martin,0.03125,2
"59173, 62435",She Gets All That She Wants — Ignatz | Boulevard St Germain — Jahzzar,0.03125,2
"59173, 118654",She Gets All That She Wants — Ignatz | Where You Do Belong — Cullah,0.03125,2
"62435, 80165",Boulevard St Germain — Jahzzar | Danger In Dependency (Featuring Alena Sola) — Mabafu,0.03125,2
"80165, 118657",Danger In Dependency (Featuring Alena Sola) — Mabafu | To The Rhythm of the Funk — Cullah,0.03125,2
"80166, 80167",Oblivion (Featuring Knixx) — Mabafu | So Much More (Featuring Alena Sola) — Mabafu,0.03125,2
"80166, 145913","Oblivion (Featuring Knixx) — Mabafu | Untold, unspoken — MMFFF",0.03125,2
"114308, 129499",Hard Miles — Bryan Mathys | Wishing Him Away — Big Sandy and His Fly-Rite Boys,0.03125,2
"118658, 145129",No Home — Cullah | Help Me After You Die [kat330 mash] — Kathleen Martin,0.03125,2
"128475, 145129",Blues do Cangaço — Molodoys | Help Me After You Die [kat330 mash] — Kathleen Martin,0.03125,2
"145913, 145915","Untold, unspoken — MMFFF | The Mountain's Lament — MMFFF",0.03125,2
"736, 745",You Are the Fly — Glass Candy | Nite Nurses — Glass Candy,0.0234375,2
"736, 123638",You Are the Fly — Glass Candy | The Glory of Life's Glory — Pimpstrut Local #13,0.0234375,2
"740, 77381",Life After Sundown — Glass Candy | Just Be — BJ Block & Dawn Pemberton,0.0234375,2
"740, 113354",Life After Sundown — Glass Candy | Para Agradecer — Chicano Batman,0.0234375,2
"745, 50673",Nite Nurses — Glass Candy | Sentimental-Fields 5 Sentimental Fields — The Superfools,0.0234375,2
"745, 113727",Nite Nurses — Glass Candy | Whaledive — Martin Lowack,0.0234375,2
"745, 120474",Nite Nurses — Glass Candy | Tidings of Comfort — Tidings of Comfort,0.0234375,2
"745, 123638",Nite Nurses — Glass Candy | The Glory of Life's Glory — Pimpstrut Local #13,0.0234375,2
"745, 140585",Nite Nurses — Glass Candy | Freedom — Taina Asili,0.0234375,2
"745, 145912",Nite Nurses — Glass Candy | North Pole — MMFFF,0.0234375,2
"745, 145915",Nite Nurses — Glass Candy | The Mountain's Lament — MMFFF,0.0234375,2
"755, 113727",Love On a Plate — Glass Candy | Whaledive — Martin Lowack,0.0234375,2
"1043, 1044",I'm Shufflin' — Little Howlin' Wolf | Last Double Eagle — Little Howlin' Wolf,0.0234375,2
"1043, 3435",I'm Shufflin' — Little Howlin' Wolf | Let's Not And Say We Did — Brother JT,0.0234375,2
"1043, 4536",I'm Shufflin' — Little Howlin' Wolf | I Can't Tell In His Eyes — Wildbirds and Peacedrums,0.0234375,2
"1043, 19135",I'm Shufflin' — Little Howlin' Wolf | Somebody Knockin' — T-Model Ford,0.0234375,2
"1043, 25067",I'm Shufflin' — Little Howlin' Wolf | Workin Boy Blues — Bombay Laughing Club,0.0234375,2
"1043, 128475",I'm Shufflin' — Little Howlin' Wolf | Blues do Cangaço — Molodoys,0.0234375,2
"1043, 145915",I'm Shufflin' — Little Howlin' Wolf | The Mountain's Lament — MMFFF,0.0234375,2
"1044, 3425",Last Double Eagle — Little Howlin' Wolf | Nothing Really — Brother JT,0.0234375,2
"1044, 3426",Last Double Eagle — Little Howlin' Wolf | Hey Mr. Sun — Brother JT,0.0234375,2
"1044, 3431",Last Double Eagle — Little Howlin' Wolf | Throwaway — Brother JT,0.0234375,2
"1044, 3440",Last Double Eagle — Little Howlin' Wolf | Floatin' — Brother JT,0.0234375,2
"1044, 4538",Last Double Eagle — Little Howlin' Wolf | There Is No Light — Wildbirds and Peacedrums,0.0234375,2
"1044, 4540",Last Double Eagle — Little Howlin' Wolf | Doubt/Hope — Wildbirds and Peacedrums,0.0234375,2
"1044, 11957",Last Double Eagle — Little Howlin' Wolf | Scared of My Own Blood A Cappella — Sunbyrn,0.0234375,2
"1044, 12790",Last Double Eagle — Little Howlin' Wolf | Nobody Knows You When You're Down and Out — Roger McGuinn,0.0234375,2
"1044, 12792",Last Double Eagle — Little Howlin' Wolf | 500 Miles — Roger McGuinn,0.0234375,2
"1044, 13671",Last Double Eagle — Little Howlin' Wolf | Good 'ol Shoe — Patchwork on the Blues,0.0234375,2
"1044, 19132",Last Double Eagle — Little Howlin' Wolf | I Love My Babe — T-Model Ford,0.0234375,2
"1044, 19134",Last Double Eagle — Little Howlin' Wolf | Wish I Was a Catfish — T-Model Ford,0.0234375,2
"1044, 19137","Last Double Eagle — Little Howlin' Wolf | If You Love Me Like You Say — Paul ""Wine"" Jones",0.0234375,2
"1044, 25067",Last Double Eagle — Little Howlin' Wolf | Workin Boy Blues — Bombay Laughing Club,0.0234375,2
"1044, 38544",Last Double Eagle — Little Howlin' Wolf | Women Be Wise — Nobody's Bizness,0.0234375,2
"1044, 50888",Last Double Eagle — Little Howlin' Wolf | DD Groove — Kevin MacLeod,0.0234375,2
"1044, 59173",Last Double Eagle — Little Howlin' Wolf | She Gets All That She Wants — Ignatz,0.0234375,2
"1044, 77381",Last Double Eagle — Little Howlin' Wolf | Just Be — BJ Block & Dawn Pemberton,0.0234375,2
"1044, 118654",Last Double Eagle — Little Howlin' Wolf | Where You Do Belong — Cullah,0.0234375,2
"3424, 3425",Interview — Brother JT | Nothing Really — Brother JT,0.0234375,2
"3424, 3426",Interview — Brother JT | Hey Mr. Sun — Brother JT,0.0234375,2
"3424, 3431",Interview — Brother JT | Throwaway — Brother JT,0.0234375,2
"3424, 4540",Interview — Brother JT | Doubt/Hope — Wildbirds and Peacedrums,0.0234375,2
"3424, 13671",Interview — Brother JT | Good 'ol Shoe — Patchwork on the Blues,0.0234375,2
"3424, 50892",Interview — Brother JT | Slow Burn — Kevin MacLeod,0.0234375,2
"3424, 145129",Interview — Brother JT | Help Me After You Die [kat330 mash] — Kathleen Martin,0.0234375,2
"3425, 3445",Nothing Really — Brother JT | Young But Daily Growing — Brother JT,0.0234375,2
"3425, 3842",Nothing Really — Brother JT | Shes Too Fat — Little Howlin' Wolf,0.0234375,2
"3425, 4536",Nothing Really — Brother JT | I Can't Tell In His Eyes — Wildbirds and Peacedrums,0.0234375,2
"3425, 19134",Nothing Really — Brother JT | Wish I Was a Catfish — T-Model Ford,0.0234375,2
"3425, 19135",Nothing Really — Brother JT | Somebody Knockin' — T-Model Ford,0.0234375,2
"3425, 50891",Nothing Really — Brother JT | Dirt Rhodes — Kevin MacLeod,0.0234375,2
"3425, 59173",Nothing Really — Brother JT | She Gets All That She Wants — Ignatz,0.0234375,2
"3425, 61487",Nothing Really — Brother JT | Stormy Blues — Arne Bang Huseby,0.0234375,2
"3425, 128475",Nothing Really — Brother JT | Blues do Cangaço — Molodoys,0.0234375,2
"3425, 145129",Nothing Really — Brother JT | Help Me After You Die [kat330 mash] — Kathleen Martin,0.0234375,2
"3426, 3440",Hey Mr. Sun — Brother JT | Floatin' — Brother JT,0.0234375,2
"3426, 11957",Hey Mr. Sun — Brother JT | Scared of My Own Blood A Cappella — Sunbyrn,0.0234375,2
"3426, 12795",Hey Mr. Sun — Brother JT | Going Down The Road Feeling Bad — Roger McGuinn,0.0234375,2
"3426, 19134",Hey Mr. Sun — Brother JT | Wish I Was a Catfish — T-Model Ford,0.0234375,2
"3426, 74982",Hey Mr. Sun — Brother JT | Little Miss Fortune — Megan Jean and the Klay Family Band,0.0234375,2
"3426, 80165",Hey Mr. Sun — Brother JT | Danger In Dependency (Featuring Alena Sola) — Mabafu,0.0234375,2
"3426, 118657",Hey Mr. Sun — Brother JT | To The Rhythm of the Funk — Cullah,0.0234375,2
"3426, 118658",Hey Mr. Sun — Brother JT | No Home — Cullah,0.0234375,2
"3431, 4536",Throwaway — Brother JT | I Can't Tell In His Eyes — Wildbirds and Peacedrums,0.0234375,2
"3431, 4538",Throwaway — Brother JT | There Is No Light — Wildbirds and Peacedrums,0.0234375,2
"3431, 12795",Throwaway — Brother JT | Going Down The Road Feeling Bad — Roger McGuinn,0.0234375,2
"3431, 19137","Throwaway — Brother JT | If You Love Me Like You Say — Paul ""Wine"" Jones",0.0234375,2
"3431, 50888",Throwaway — Brother JT | DD Groove — Kevin MacLeod,0.0234375,2
"3431, 59173",Throwaway — Brother JT | She Gets All That She Wants — Ignatz,0.0234375,2
"3431, 118656",Throwaway — Brother JT | Gone Away — Cullah,0.0234375,2
"3435, 19132",Let's Not And Say We Did — Brother JT | I Love My Babe — T-Model Ford,0.0234375,2
"3435, 19135",Let's Not And Say We Did — Brother JT | Somebody Knockin' — T-Model Ford,0.0234375,2
"3435, 118657",Let's Not And Say We Did — Brother JT | To The Rhythm of the Funk — Cullah,0.0234375,2
"3440, 4538",Floatin' — Brother JT | There Is No Light — Wildbirds and Peacedrums,0.0234375,2
"3440, 4540",Floatin' — Brother JT | Doubt/Hope — Wildbirds and Peacedrums,0.0234375,2
"3440, 19134",Floatin' — Brother JT | Wish I Was a Catfish — T-Model Ford,0.0234375,2
"3440, 19137","Floatin' — Brother JT | If You Love Me Like You Say — Paul ""Wine"" Jones",0.0234375,2
"3440, 61487",Floatin' — Brother JT | Stormy Blues — Arne Bang Huseby,0.0234375,2
"3440, 80165",Floatin' — Brother JT | Danger In Dependency (Featuring Alena Sola) — Mabafu,0.0234375,2
"3440, 118656",Floatin' — Brother JT | Gone Away — Cullah,0.0234375,2
"3444, 3842",Hypocrite Shoes — Brother JT | Shes Too Fat — Little Howlin' Wolf,0.0234375,2
"3444, 50892",Hypocrite Shoes — Brother JT | Slow Burn — Kevin MacLeod,0.0234375,2
"3444, 128475",Hypocrite Shoes — Brother JT | Blues do Cangaço — Molodoys,0.0234375,2
"3445, 59173",Young But Daily Growing — Brother JT | She Gets All That She Wants — Ignatz,0.0234375,2
"3445, 61487",Young But Daily Growing — Brother JT | Stormy Blues — Arne Bang Huseby,0.0234375,2
"3716, 12574",I Got to Cross the River Jordan — Immortal Lee County Killers | Comeback Kid — Deano Waco,0.0234375,2
"3716, 129499",I Got to Cross the River Jordan — Immortal Lee County Killers | Wishing Him Away — Big Sandy and His Fly-Rite Boys,0.0234375,2
"3842, 80165",Shes Too Fat — Little Howlin' Wolf | Danger In Dependency (Featuring Alena Sola) — Mabafu,0.0234375,2
"3842, 80168",Shes Too Fat — Little Howlin' Wolf | All I Need (Featuring Alena Sola) — Mabafu,0.0234375,2
"3842, 128475",Shes Too Fat — Little Howlin' Wolf | Blues do Cangaço — Molodoys,0.0234375,2
"3842, 145129",Shes Too Fat — Little Howlin' Wolf | Help Me After You Die [kat330 mash] — Kathleen Martin,0.0234375,2
"4536, 61489",I Can't Tell In His Eyes — Wildbirds and Peacedrums | Fjcb Reddit Gtr Fills Mix — Phoephus,0.0234375,2
"4536, 118656",I Can't Tell In His Eyes — Wildbirds and Peacedrums | Gone Away — Cullah,0.0234375,2
"4538, 4540",There Is No Light — Wildbirds and Peacedrums | Doubt/Hope — Wildbirds and Peacedrums,0.0234375,2
"4538, 38544",There Is No Light — Wildbirds and Peacedrums | Women Be Wise — Nobody's Bizness,0.0234375,2
"4538, 50892",There Is No Light — Wildbirds and Peacedrums | Slow Burn — Kevin MacLeod,0.0234375,2
"4538, 118654",There Is No Light — Wildbirds and Peacedrums | Where You Do Belong — Cullah,0.0234375,2
"4538, 128475",There Is No Light — Wildbirds and Peacedrums | Blues do Cangaço — Molodoys,0.0234375,2
"4540, 13671",Doubt/Hope — Wildbirds and Peacedrums | Good 'ol Shoe — Patchwork on the Blues,0.0234375,2
"4540, 50892",Doubt/Hope — Wildbirds and Peacedrums | Slow Burn — Kevin MacLeod,0.0234375,2
"4540, 118656",Doubt/Hope — Wildbirds and Peacedrums | Gone Away — Cullah,0.0234375,2
"4540, 118658",Doubt/Hope — Wildbirds and Peacedrums | No Home — Cullah,0.0234375,2
"11957, 12792",Scared of My Own Blood A Cappella — Sunbyrn | 500 Miles — Roger McGuinn,0.0234375,2
"11957, 19134",Scared of My Own Blood A Cappella — Sunbyrn | Wish I Was a Catfish — T-Model Ford,0.0234375,2
"11957, 19137","Scared of My Own Blood A Cappella — Sunbyrn | If You Love Me Like You Say — Paul ""Wine"" Jones",0.0234375,2
"11957, 50888",Scared of My Own Blood A Cappella — Sunbyrn | DD Groove — Kevin MacLeod,0.0234375,2
"11957, 118654",Scared of My Own Blood A Cappella — Sunbyrn | Where You Do Belong — Cullah,0.0234375,2
"11957, 118658",Scared of My Own Blood A Cappella — Sunbyrn | No Home — Cullah,0.0234375,2
"12574, 14014",Comeback Kid — Deano Waco | Good BBQ — The Riptones,0.0234375,2
"12574, 14898",Comeback Kid — Deano Waco | Nothin' But Nothin' — Rex Hobart &amp; the Misery Boys,0.0234375,2
"12574, 74982",Comeback Kid — Deano Waco | Little Miss Fortune — Megan Jean and the Klay Family Band,0.0234375,2
"12574, 118873",Comeback Kid — Deano Waco | Luxury — Jon Langford,0.0234375,2
"12790, 80165",Nobody Knows You When You're Down and Out — Roger McGuinn | Danger In Dependency (Featuring Alena Sola) — Mabafu,0.0234375,2
"12792, 19132",500 Miles — Roger McGuinn | I Love My Babe — T-Model Ford,0.0234375,2
"12792, 19135",500 Miles — Roger McGuinn | Somebody Knockin' — T-Model Ford,0.0234375,2
"12792, 19137","500 Miles — Roger McGuinn | If You Love Me Like You Say — Paul ""Wine"" Jones",0.0234375,2
"12792, 50888",500 Miles — Roger McGuinn | DD Groove — Kevin MacLeod,0.0234375,2
"12792, 118654",500 Miles — Roger McGuinn | Where You Do Belong — Cullah,0.0234375,2
"12795, 59173",Going Down The Road Feeling Bad — Roger McGuinn | She Gets All That She Wants — Ignatz,0.0234375,2
"12795, 118658",Going Down The Road Feeling Bad — Roger McGuinn | No Home — Cullah,0.0234375,2
"12795, 145129",Going Down The Road Feeling Bad — Roger McGuinn | Help Me After You Die [kat330 mash] — Kathleen Martin,0.0234375,2
"13671, 38544",Good 'ol Shoe — Patchwork on the Blues | Women Be Wise — Nobody's Bizness,0.0234375,2
"13671, 118654",Good 'ol Shoe — Patchwork on the Blues | Where You Do Belong — Cullah,0.0234375,2
"13671, 118658",Good 'ol Shoe — Patchwork on the Blues | No Home — Cullah,0.0234375,2
"13671, 145129",Good 'ol Shoe — Patchwork on the Blues | Help Me After You Die [kat330 mash] — Kathleen Martin,0.0234375,2
"14014, 14898",Good BBQ — The Riptones | Nothin' But Nothin' — Rex Hobart &amp; the Misery Boys,0.0234375,2
"14014, 114308",Good BBQ — The Riptones | Hard Miles — Bryan Mathys,0.0234375,2
"14898, 114308",Nothin' But Nothin' — Rex Hobart &amp; the Misery Boys | Hard Miles — Bryan Mathys,0.0234375,2
"14898, 132228",Nothin' But Nothin' — Rex Hobart &amp; the Misery Boys | High Class Girl From The Country — Zephaniah And The 18 Wheelers,0.0234375,2
"14899, 74982",I'll Never Sleep It Off — Rex Hobart &amp; the Misery Boys | Little Miss Fortune — Megan Jean and the Klay Family Band,0.0234375,2
"19132, 19135",I Love My Babe — T-Model Ford | Somebody Knockin' — T-Model Ford,0.0234375,2
"19132, 19137","I Love My Babe — T-Model Ford | If You Love Me Like You Say — Paul ""Wine"" Jones",0.0234375,2
"19132, 50892",I Love My Babe — T-Model Ford | Slow Burn — Kevin MacLeod,0.0234375,2
"19132, 72511",I Love My Babe — T-Model Ford | Heaven — Zero V,0.0234375,2
"19132, 118654",I Love My Babe — T-Model Ford | Where You Do Belong — Cullah,0.0234375,2
"19132, 145129",I Love My Babe — T-Model Ford | Help Me After You Die [kat330 mash] — Kathleen Martin,0.0234375,2
"19134, 25067",Wish I Was a Catfish — T-Model Ford | Workin Boy Blues — Bombay Laughing Club,0.0234375,2
"19134, 50892",Wish I Was a Catfish — T-Model Ford | Slow Burn — Kevin MacLeod,0.0234375,2
"19134, 62435",Wish I Was a Catfish — T-Model Ford | Boulevard St Germain — Jahzzar,0.0234375,2
"19135, 25067",Somebody Knockin' — T-Model Ford | Workin Boy Blues — Bombay Laughing Club,0.0234375,2
"19135, 38544",Somebody Knockin' — T-Model Ford | Women Be Wise — Nobody's Bizness,0.0234375,2
"19135, 50888",Somebody Knockin' — T-Model Ford | DD Groove — Kevin MacLeod,0.0234375,2
"19135, 118654",Somebody Knockin' — T-Model Ford | Where You Do Belong — Cullah,0.0234375,2
"20696, 123638",Balla! — Tracky Birthday | The Glory of Life's Glory — Pimpstrut Local #13,0.0234375,2
"25067, 50888",Workin Boy Blues — Bombay Laughing Club | DD Groove — Kevin MacLeod,0.0234375,2
"25067, 50892",Workin Boy Blues — Bombay Laughing Club | Slow Burn — Kevin MacLeod,0.0234375,2
"25067, 128475",Workin Boy Blues — Bombay Laughing Club | Blues do Cangaço — Molodoys,0.0234375,2
"25067, 145129",Workin Boy Blues — Bombay Laughing Club | Help Me After You Die [kat330 mash] — Kathleen Martin,0.0234375,2
"28277, 56177",Funk Shoppe — CSC Funk Band | We Don't Care (live at WFMU Record Fair) — CSC Funk Band,0.0234375,2
"38544, 59173",Women Be Wise — Nobody's Bizness | She Gets All That She Wants — Ignatz,0.0234375,2
"38544, 72511",Women Be Wise — Nobody's Bizness | Heaven — Zero V,0.0234375,2
"38544, 128475",Women Be Wise — Nobody's Bizness | Blues do Cangaço — Molodoys,0.0234375,2
"50673, 56177",Sentimental-Fields 5 Sentimental Fields — The Superfools | We Don't Care (live at WFMU Record Fair) — CSC Funk Band,0.0234375,2
"50888, 59173",DD Groove — Kevin MacLeod | She Gets All That She Wants — Ignatz,0.0234375,2
"50891, 118658",Dirt Rhodes — Kevin MacLeod | No Home — Cullah,0.0234375,2
"50892, 74982",Slow Burn — Kevin MacLeod | Little Miss Fortune — Megan Jean and the Klay Family Band,0.0234375,2
"50892, 118657",Slow Burn — Kevin MacLeod | To The Rhythm of the Funk — Cullah,0.0234375,2
"50892, 118658",Slow Burn — Kevin MacLeod | No Home — Cullah,0.0234375,2
"56177, 87598",We Don't Care (live at WFMU Record Fair) — CSC Funk Band | Lift Off — Jahzzar,0.0234375,2
"59173, 61487",She Gets All That She Wants — Ignatz | Stormy Blues — Arne Bang Huseby,0.0234375,2
"59173, 72511",She Gets All That She Wants — Ignatz | Heaven — Zero V,0.0234375,2
"59173, 118657",She Gets All That She Wants — Ignatz | To The Rhythm of the Funk — Cullah,0.0234375,2
"59173, 128475",She Gets All That She Wants — Ignatz | Blues do Cangaço — Molodoys,0.0234375,2
"59173, 145129",She Gets All That She Wants — Ignatz | Help Me After You Die [kat330 mash] — Kathleen Martin,0.0234375,2
"59173, 145915",She Gets All That She Wants — Ignatz | The Mountain's Lament — MMFFF,0.0234375,2
"61487, 77381",Stormy Blues — Arne Bang Huseby | Just Be — BJ Block & Dawn Pemberton,0.0234375,2
"62435, 74982",Boulevard St Germain — Jahzzar | Little Miss Fortune — Megan Jean and the Klay Family Band,0.0234375,2
"62435, 118654",Boulevard St Germain — Jahzzar | Where You Do Belong — Cullah,0.0234375,2
"62435, 118657",Boulevard St Germain — Jahzzar | To The Rhythm of the Funk — Cullah,0.0234375,2
"74982, 80165",Little Miss Fortune — Megan Jean and the Klay Family Band | Danger In Dependency (Featuring Alena Sola) — Mabafu,0.0234375,2
"74982, 129499",Little Miss Fortune — Megan Jean and the Klay Family Band | Wishing Him Away — Big Sandy and His Fly-Rite Boys,0.0234375,2
"74982, 132228",Little Miss Fortune — Megan Jean and the Klay Family Band | High Class Girl From The Country — Zephaniah And The 18 Wheelers,0.0234375,2
"77381, 113354",Just Be — BJ Block & Dawn Pemberton | Para Agradecer — Chicano Batman,0.0234375,2
"78750, 145915",Untitled 4 — Loren Connors and Bill Orcutt | The Mountain's Lament — MMFFF,0.0234375,2
"114308, 118873",Hard Miles — Bryan Mathys | Luxury — Jon Langford,0.0234375,2
"118656, 145129",Gone Away — Cullah | Help Me After You Die [kat330 mash] — Kathleen Martin,0.0234375,2
"118873, 129499",Luxury — Jon Langford | Wishing Him Away — Big Sandy and His Fly-Rite Boys,0.0234375,2
"118874, 129499",Tubby Brothers — Jon Langford | Wishing Him Away — Big Sandy and His Fly-Rite Boys,0.0234375,2
"129499, 129502",Wishing Him Away — Big Sandy and His Fly-Rite Boys | Don't Sweetheart Me — Big Sandy and His Fly-Rite Boys,0.0234375,2
"129499, 132228",Wishing Him Away — Big Sandy and His Fly-Rite Boys | High Class Girl From The Country — Zephaniah And The 18 Wheelers,0.0234375,2
"145129, 145915",Help Me After You Die [kat330 mash] — Kathleen Martin | The Mountain's Lament — MMFFF,0.0234375,2
"736, 23539",You Are the Fly — Glass Candy | Can Opener — The Discoghosts,0.015625,2
"736, 87598",You Are the Fly — Glass Candy | Lift Off — Jahzzar,0.015625,2
"736, 87600",You Are the Fly — Glass Candy | Venus — Jahzzar,0.015625,2
"736, 145909",You Are the Fly — Glass Candy | Houdini's Last Trick — MMFFF,0.015625,2
"736, 145914",You Are the Fly — Glass Candy | The Lion & The Snake — MMFFF,0.015625,2
"737, 740",Youe Deam Lover's On Video Again — Glass Candy | Life After Sundown — Glass Candy,0.015625,2
"737, 3445",Youe Deam Lover's On Video Again — Glass Candy | Young But Daily Growing — Brother JT,0.015625,2
"737, 20696",Youe Deam Lover's On Video Again — Glass Candy | Balla! — Tracky Birthday,0.015625,2
"737, 23539",Youe Deam Lover's On Video Again — Glass Candy | Can Opener — The Discoghosts,0.015625,2
"737, 56173",Youe Deam Lover's On Video Again — Glass Candy | DK's song 'untitled' (live at WFMU Record Fair) — CSC Funk Band,0.015625,2
"737, 77381",Youe Deam Lover's On Video Again — Glass Candy | Just Be — BJ Block & Dawn Pemberton,0.015625,2
"737, 80165",Youe Deam Lover's On Video Again — Glass Candy | Danger In Dependency (Featuring Alena Sola) — Mabafu,0.015625,2
"737, 80166",Youe Deam Lover's On Video Again — Glass Candy | Oblivion (Featuring Knixx) — Mabafu,0.015625,2
"740, 1044",Life After Sundown — Glass Candy | Last Double Eagle — Little Howlin' Wolf,0.015625,2
"740, 3445",Life After Sundown — Glass Candy | Young But Daily Growing — Brother JT,0.015625,2
"740, 11957",Life After Sundown — Glass Candy | Scared of My Own Blood A Cappella — Sunbyrn,0.015625,2
"740, 12790",Life After Sundown — Glass Candy | Nobody Knows You When You're Down and Out — Roger McGuinn,0.015625,2
"740, 19134",Life After Sundown — Glass Candy | Wish I Was a Catfish — T-Model Ford,0.015625,2
"740, 20696",Life After Sundown — Glass Candy | Balla! — Tracky Birthday,0.015625,2
"740, 28277",Life After Sundown — Glass Candy | Funk Shoppe — CSC Funk Band,0.015625,2
"740, 56173",Life After Sundown — Glass Candy | DK's song 'untitled' (live at WFMU Record Fair) — CSC Funk Band,0.015625,2
"740, 61487",Life After Sundown — Glass Candy | Stormy Blues — Arne Bang Huseby,0.015625,2
"740, 62435",Life After Sundown — Glass Candy | Boulevard St Germain — Jahzzar,0.015625,2
"740, 87598",Life After Sundown — Glass Candy | Lift Off — Jahzzar,0.015625,2
"740, 87600",Life After Sundown — Glass Candy | Venus — Jahzzar,0.015625,2
"740, 123623",Life After Sundown — Glass Candy | Playon Playaz — Pimpstrut Local #13,0.015625,2
"740, 123638",Life After Sundown — Glass Candy | The Glory of Life's Glory — Pimpstrut Local #13,0.015625,2
"745, 20695",Nite Nurses — Glass Candy | Free Dschimi — Tracky Birthday,0.015625,2
"745, 23539",Nite Nurses — Glass Candy | Can Opener — The Discoghosts,0.015625,2
"745, 50671",Nite Nurses — Glass Candy | Sentimental-Fields 3 All Kinds Of Gibberish Sounds — The Superfools,0.015625,2
"745, 50672",Nite Nurses — Glass Candy | Sentimental-Fields 4 Don't Be A Luddy Duddy — The Superfools,0.015625,2
"745, 50884",Nite Nurses — Glass Candy | Aces High — Kevin MacLeod,0.015625,2
"745, 50954",Nite Nurses — Glass Candy | Soporific — Kevin MacLeod,0.015625,2
"745, 56177",Nite Nurses — Glass Candy | We Don't Care (live at WFMU Record Fair) — CSC Funk Band,0.015625,2
"745, 80164",Nite Nurses — Glass Candy | Changes (Featuring Alena Sola) — Mabafu,0.015625,2
"745, 80165",Nite Nurses — Glass Candy | Danger In Dependency (Featuring Alena Sola) — Mabafu,0.015625,2
"745, 80166",Nite Nurses — Glass Candy | Oblivion (Featuring Knixx) — Mabafu,0.015625,2
"745, 80168",Nite Nurses — Glass Candy | All I Need (Featuring Alena Sola) — Mabafu,0.015625,2
"745, 80169",Nite Nurses — Glass Candy | Bersarinplatz — Mabafu,0.015625,2
"745, 87600",Nite Nurses — Glass Candy | Venus — Jahzzar,0.015625,2
"745, 145909",Nite Nurses — Glass Candy | Houdini's Last Trick — MMFFF,0.015625,2
"745, 145914",Nite Nurses — Glass Candy | The Lion & The Snake — MMFFF,0.015625,2
"755, 80165",Love On a Plate — Glass Candy | Danger In Dependency (Featuring Alena Sola) — Mabafu,0.015625,2
"755, 145915",Love On a Plate — Glass Candy | The Mountain's Lament — MMFFF,0.015625,2
"1043, 3425",I'm Shufflin' — Little Howlin' Wolf | Nothing Really — Brother JT,0.015625,2
"1043, 3431",I'm Shufflin' — Little Howlin' Wolf | Throwaway — Brother JT,0.015625,2
"1043, 3444",I'm Shufflin' — Little Howlin' Wolf | Hypocrite Shoes — Brother JT,0.015625,2
"1043, 3842",I'm Shufflin' — Little Howlin' Wolf | Shes Too Fat — Little Howlin' Wolf,0.015625,2
"1043, 12792",I'm Shufflin' — Little Howlin' Wolf | 500 Miles — Roger McGuinn,0.015625,2
"1043, 19134",I'm Shufflin' — Little Howlin' Wolf | Wish I Was a Catfish — T-Model Ford,0.015625,2
"1043, 19137","I'm Shufflin' — Little Howlin' Wolf | If You Love Me Like You Say — Paul ""Wine"" Jones",0.015625,2
"1043, 38544",I'm Shufflin' — Little Howlin' Wolf | Women Be Wise — Nobody's Bizness,0.015625,2
"1043, 50888",I'm Shufflin' — Little Howlin' Wolf | DD Groove — Kevin MacLeod,0.015625,2
"1043, 62435",I'm Shufflin' — Little Howlin' Wolf | Boulevard St Germain — Jahzzar,0.015625,2
"1043, 72511",I'm Shufflin' — Little Howlin' Wolf | Heaven — Zero V,0.015625,2
"1043, 80166",I'm Shufflin' — Little Howlin' Wolf | Oblivion (Featuring Knixx) — Mabafu,0.015625,2
"1043, 118654",I'm Shufflin' — Little Howlin' Wolf | Where You Do Belong — Cullah,0.015625,2
"1043, 118656",I'm Shufflin' — Little Howlin' Wolf | Gone Away — Cullah,0.015625,2
"1043, 118657",I'm Shufflin' — Little Howlin' Wolf | To The Rhythm of the Funk — Cullah,0.015625,2
"1043, 145129",I'm Shufflin' — Little Howlin' Wolf | Help Me After You Die [kat330 mash] — Kathleen Martin,0.015625,2
"1044, 3435",Last Double Eagle — Little Howlin' Wolf | Let's Not And Say We Did — Brother JT,0.015625,2
"1044, 3445",Last Double Eagle — Little Howlin' Wolf | Young But Daily Growing — Brother JT,0.015625,2
"1044, 3842",Last Double Eagle — Little Howlin' Wolf | Shes Too Fat — Little Howlin' Wolf,0.015625,2
"1044, 4536",Last Double Eagle — Little Howlin' Wolf | I Can't Tell In His Eyes — Wildbirds and Peacedrums,0.015625,2
"1044, 12787",Last Double Eagle — Little Howlin' Wolf | Old Plank Road — Roger McGuinn,0.015625,2
"1044, 12795",Last Double Eagle — Little Howlin' Wolf | Going Down The Road Feeling Bad — Roger McGuinn,0.015625,2
"1044, 50891",Last Double Eagle — Little Howlin' Wolf | Dirt Rhodes — Kevin MacLeod,0.015625,2
"1044, 61487",Last Double Eagle — Little Howlin' Wolf | Stormy Blues — Arne Bang Huseby,0.015625,2
"1044, 61489",Last Double Eagle — Little Howlin' Wolf | Fjcb Reddit Gtr Fills Mix — Phoephus,0.015625,2
"1044, 113354",Last Double Eagle — Little Howlin' Wolf | Para Agradecer — Chicano Batman,0.015625,2
"1044, 118656",Last Double Eagle — Little Howlin' Wolf | Gone Away — Cullah,0.015625,2
"1044, 118657",Last Double Eagle — Little Howlin' Wolf | To The Rhythm of the Funk — Cullah,0.015625,2
"1044, 118658",Last Double Eagle — Little Howlin' Wolf | No Home — Cullah,0.015625,2
"1044, 128475",Last Double Eagle — Little Howlin' Wolf | Blues do Cangaço — Molodoys,0.015625,2
"1044, 145129",Last Double Eagle — Little Howlin' Wolf | Help Me After You Die [kat330 mash] — Kathleen Martin,0.015625,2
"3424, 3440",Interview — Brother JT | Floatin' — Brother JT,0.015625,2
"3424, 3445",Interview — Brother JT | Young But Daily Growing — Brother JT,0.015625,2
"3424, 3842",Interview — Brother JT | Shes Too Fat — Little Howlin' Wolf,0.015625,2
"3424, 4538",Interview — Brother JT | There Is No Light — Wildbirds and Peacedrums,0.015625,2
"3424, 12795",Interview — Brother JT | Going Down The Road Feeling Bad — Roger McGuinn,0.015625,2
"3424, 19132",Interview — Brother JT | I Love My Babe — T-Model Ford,0.015625,2
"3424, 19135",Interview — Brother JT | Somebody Knockin' — T-Model Ford,0.015625,2
"3424, 25067",Interview — Brother JT | Workin Boy Blues — Bombay Laughing Club,0.015625,2
"3424, 38544",Interview — Brother JT | Women Be Wise — Nobody's Bizness,0.015625,2
"3424, 50888",Interview — Brother JT | DD Groove — Kevin MacLeod,0.015625,2
"3424, 50891",Interview — Brother JT | Dirt Rhodes — Kevin MacLeod,0.015625,2
"3424, 61487",Interview — Brother JT | Stormy Blues — Arne Bang Huseby,0.015625,2
"3424, 72511",Interview — Brother JT | Heaven — Zero V,0.015625,2
"3424, 80165",Interview — Brother JT | Danger In Dependency (Featuring Alena Sola) — Mabafu,0.015625,2
"3424, 118654",Interview — Brother JT | Where You Do Belong — Cullah,0.015625,2
"3424, 118656",Interview — Brother JT | Gone Away — Cullah,0.015625,2
"3424, 118657",Interview — Brother JT | To The Rhythm of the Funk — Cullah,0.015625,2
"3424, 118658",Interview — Brother JT | No Home — Cullah,0.015625,2
"3424, 127048",Interview — Brother JT | Gravedigger — Cletus Got Shot,0.015625,2
"3425, 3426",Nothing Really — Brother JT | Hey Mr. Sun — Brother JT,0.015625,2
"3425, 3431",Nothing Really — Brother JT | Throwaway — Brother JT,0.015625,2
"3425, 4538",Nothing Really — Brother JT | There Is No Light — Wildbirds and Peacedrums,0.015625,2
"3425, 12787",Nothing Really — Brother JT | Old Plank Road — Roger McGuinn,0.015625,2
"3425, 12790",Nothing Really — Brother JT | Nobody Knows You When You're Down and Out — Roger McGuinn,0.015625,2
"3425, 12795",Nothing Really — Brother JT | Going Down The Road Feeling Bad — Roger McGuinn,0.015625,2
"3425, 19132",Nothing Really — Brother JT | I Love My Babe — T-Model Ford,0.015625,2
"3425, 50888",Nothing Really — Brother JT | DD Groove — Kevin MacLeod,0.015625,2
"3425, 62435",Nothing Really — Brother JT | Boulevard St Germain — Jahzzar,0.015625,2
"3425, 80165",Nothing Really — Brother JT | Danger In Dependency (Featuring Alena Sola) — Mabafu,0.015625,2
"3425, 129496",Nothing Really — Brother JT | Happy Birthday — Big Sandy and His Fly-Rite Boys,0.015625,2
"3425, 145911",Nothing Really — Brother JT | Quantum — MMFFF,0.015625,2
"3426, 3431",Hey Mr. Sun — Brother JT | Throwaway — Brother JT,0.015625,2
"3426, 3445",Hey Mr. Sun — Brother JT | Young But Daily Growing — Brother JT,0.015625,2
"3426, 12790",Hey Mr. Sun — Brother JT | Nobody Knows You When You're Down and Out — Roger McGuinn,0.015625,2
"3426, 13671",Hey Mr. Sun — Brother JT | Good 'ol Shoe — Patchwork on the Blues,0.015625,2
"3426, 19132",Hey Mr. Sun — Brother JT | I Love My Babe — T-Model Ford,0.015625,2
"3426, 19135",Hey Mr. Sun — Brother JT | Somebody Knockin' — T-Model Ford,0.015625,2
"3426, 19137","Hey Mr. Sun — Brother JT | If You Love Me Like You Say — Paul ""Wine"" Jones",0.015625,2
"3426, 25067",Hey Mr. Sun — Brother JT | Workin Boy Blues — Bombay Laughing Club,0.015625,2
"3426, 50891",Hey Mr. Sun — Brother JT | Dirt Rhodes — Kevin MacLeod,0.015625,2
"3426, 59173",Hey Mr. Sun — Brother JT | She Gets All That She Wants — Ignatz,0.015625,2
"3426, 61489",Hey Mr. Sun — Brother JT | Fjcb Reddit Gtr Fills Mix — Phoephus,0.015625,2
"3426, 118654",Hey Mr. Sun — Brother JT | Where You Do Belong — Cullah,0.015625,2
"3426, 118656",Hey Mr. Sun — Brother JT | Gone Away — Cullah,0.015625,2
"3426, 128475",Hey Mr. Sun — Brother JT | Blues do Cangaço — Molodoys,0.015625,2
"3426, 145129",Hey Mr. Sun — Brother JT | Help Me After You Die [kat330 mash] — Kathleen Martin,0.015625,2
"3431, 3440",Throwaway — Brother JT | Floatin' — Brother JT,0.015625,2
"3431, 3445",Throwaway — Brother JT | Young But Daily Growing — Brother JT,0.015625,2
"3431, 4540",Throwaway — Brother JT | Doubt/Hope — Wildbirds and Peacedrums,0.015625,2
"3431, 11957",Throwaway — Brother JT | Scared of My Own Blood A Cappella — Sunbyrn,0.015625,2
"3431, 13671",Throwaway — Brother JT | Good 'ol Shoe — Patchwork on the Blues,0.015625,2
"3431, 19135",Throwaway — Brother JT | Somebody Knockin' — T-Model Ford,0.015625,2
"3431, 25067",Throwaway — Brother JT | Workin Boy Blues — Bombay Laughing Club,0.015625,2
"3431, 38544",Throwaway — Brother JT | Women Be Wise — Nobody's Bizness,0.015625,2
"3431, 50670",Throwaway — Brother JT | Sentimental-Fields 2 Here I Am — The Superfools,0.015625,2
"3431, 61487",Throwaway — Brother JT | Stormy Blues — Arne Bang Huseby,0.015625,2
"3431, 72511",Throwaway — Brother JT | Heaven — Zero V,0.015625,2
"3431, 118654",Throwaway — Brother JT | Where You Do Belong — Cullah,0.015625,2
"3431, 145129",Throwaway — Brother JT | Help Me After You Die [kat330 mash] — Kathleen Martin,0.015625,2
"3431, 145911",Throwaway — Brother JT | Quantum — MMFFF,0.015625,2
"3435, 3440",Let's Not And Say We Did — Brother JT | Floatin' — Brother JT,0.015625,2
"3435, 3444",Let's Not And Say We Did — Brother JT | Hypocrite Shoes — Brother JT,0.015625,2
"3435, 3445",Let's Not And Say We Did — Brother JT | Young But Daily Growing — Brother JT,0.015625,2
"3435, 4540",Let's Not And Say We Did — Brother JT | Doubt/Hope — Wildbirds and Peacedrums,0.015625,2
"3435, 11957",Let's Not And Say We Did — Brother JT | Scared of My Own Blood A Cappella — Sunbyrn,0.015625,2
"3435, 13671",Let's Not And Say We Did — Brother JT | Good 'ol Shoe — Patchwork on the Blues,0.015625,2
"3435, 38544",Let's Not And Say We Did — Brother JT | Women Be Wise — Nobody's Bizness,0.015625,2
"3435, 50891",Let's Not And Say We Did — Brother JT | Dirt Rhodes — Kevin MacLeod,0.015625,2
"3435, 61487",Let's Not And Say We Did — Brother JT | Stormy Blues — Arne Bang Huseby,0.015625,2
"3435, 72511",Let's Not And Say We Did — Brother JT | Heaven — Zero V,0.015625,2
"3435, 77381",Let's Not And Say We Did — Brother JT | Just Be — BJ Block & Dawn Pemberton,0.015625,2
"3435, 80165",Let's Not And Say We Did — Brother JT | Danger In Dependency (Featuring Alena Sola) — Mabafu,0.015625,2
"3435, 118656",Let's Not And Say We Did — Brother JT | Gone Away — Cullah,0.015625,2
"3435, 123623",Let's Not And Say We Did — Brother JT | Playon Playaz — Pimpstrut Local #13,0.015625,2
"3440, 3445",Floatin' — Brother JT | Young But Daily Growing — Brother JT,0.015625,2
"3440, 3716",Floatin' — Brother JT | I Got to Cross the River Jordan — Immortal Lee County Killers,0.015625,2
"3440, 11957",Floatin' — Brother JT | Scared of My Own Blood A Cappella — Sunbyrn,0.015625,2
"3440, 12790",Floatin' — Brother JT | Nobody Knows You When You're Down and Out — Roger McGuinn,0.015625,2
"3440, 12795",Floatin' — Brother JT | Going Down The Road Feeling Bad — Roger McGuinn,0.015625,2
"3440, 19132",Floatin' — Brother JT | I Love My Babe — T-Model Ford,0.015625,2
"3440, 38544",Floatin' — Brother JT | Women Be Wise — Nobody's Bizness,0.015625,2
"3440, 50891",Floatin' — Brother JT | Dirt Rhodes — Kevin MacLeod,0.015625,2
"3440, 50892",Floatin' — Brother JT | Slow Burn — Kevin MacLeod,0.015625,2
"3440, 62435",Floatin' — Brother JT | Boulevard St Germain — Jahzzar,0.015625,2
"3440, 72511",Floatin' — Brother JT | Heaven — Zero V,0.015625,2
"3440, 74982",Floatin' — Brother JT | Little Miss Fortune — Megan Jean and the Klay Family Band,0.015625,2
"3440, 77381",Floatin' — Brother JT | Just Be — BJ Block & Dawn Pemberton,0.015625,2
"3440, 118657",Floatin' — Brother JT | To The Rhythm of the Funk — Cullah,0.015625,2
"3440, 118658",Floatin' — Brother JT | No Home — Cullah,0.015625,2
"3444, 3445",Hypocrite Shoes — Brother JT | Young But Daily Growing — Brother JT,0.015625,2
"3444, 4538",Hypocrite Shoes — Brother JT | There Is No Light — Wildbirds and Peacedrums,0.015625,2
"3444, 12787",Hypocrite Shoes — Brother JT | Old Plank Road — Roger McGuinn,0.015625,2
"3444, 19135",Hypocrite Shoes — Brother JT | Somebody Knockin' — T-Model Ford,0.015625,2
"3444, 25067",Hypocrite Shoes — Brother JT | Workin Boy Blues — Bombay Laughing Club,0.015625,2
"3444, 30199",Hypocrite Shoes — Brother JT | Soho Joe — Lee Rosevere,0.015625,2
"3444, 38544",Hypocrite Shoes — Brother JT | Women Be Wise — Nobody's Bizness,0.015625,2
"3444, 50670",Hypocrite Shoes — Brother JT | Sentimental-Fields 2 Here I Am — The Superfools,0.015625,2
"3444, 50891",Hypocrite Shoes — Brother JT | Dirt Rhodes — Kevin MacLeod,0.015625,2
"3444, 59173",Hypocrite Shoes — Brother JT | She Gets All That She Wants — Ignatz,0.015625,2
"3444, 61487",Hypocrite Shoes — Brother JT | Stormy Blues — Arne Bang Huseby,0.015625,2
"3444, 61489",Hypocrite Shoes — Brother JT | Fjcb Reddit Gtr Fills Mix — Phoephus,0.015625,2
"3444, 62435",Hypocrite Shoes — Brother JT | Boulevard St Germain — Jahzzar,0.015625,2
"3444, 72511",Hypocrite Shoes — Brother JT | Heaven — Zero V,0.015625,2
"3444, 80166",Hypocrite Shoes — Brother JT | Oblivion (Featuring Knixx) — Mabafu,0.015625,2
"3444, 80169",Hypocrite Shoes — Brother JT | Bersarinplatz — Mabafu,0.015625,2
"3444, 118656",Hypocrite Shoes — Brother JT | Gone Away — Cullah,0.015625,2
"3444, 118657",Hypocrite Shoes — Brother JT | To The Rhythm of the Funk — Cullah,0.015625,2
"3444, 120475",Hypocrite Shoes — Brother JT | Tidings of Comfort (Instrumental) — Tidings of Comfort,0.015625,2
"3444, 145914",Hypocrite Shoes — Brother JT | The Lion & The Snake — MMFFF,0.015625,2
"3444, 145915",Hypocrite Shoes — Brother JT | The Mountain's Lament — MMFFF,0.015625,2
"3445, 3842",Young But Daily Growing — Brother JT | Shes Too Fat — Little Howlin' Wolf,0.015625,2
"3445, 4536",Young But Daily Growing — Brother JT | I Can't Tell In His Eyes — Wildbirds and Peacedrums,0.015625,2
"3445, 11957",Young But Daily Growing — Brother JT | Scared of My Own Blood A Cappella — Sunbyrn,0.015625,2
"3445, 12790",Young But Daily Growing — Brother JT | Nobody Knows You When You're Down and Out — Roger McGuinn,0.015625,2
"3445, 12795",Young But Daily Growing — Brother JT | Going Down The Road Feeling Bad — Roger McGuinn,0.015625,2
"3445, 19132",Young But Daily Growing — Brother JT | I Love My Babe — T-Model Ford,0.015625,2
"3445, 19134",Young But Daily Growing — Brother JT | Wish I Was a Catfish — T-Model Ford,0.015625,2
"3445, 19135",Young But Daily Growing — Brother JT | Somebody Knockin' — T-Model Ford,0.015625,2
"3445, 19137","Young But Daily Growing — Brother JT | If You Love Me Like You Say — Paul ""Wine"" Jones",0.015625,2
"3445, 50891",Young But Daily Growing — Brother JT | Dirt Rhodes — Kevin MacLeod,0.015625,2
"3445, 77381",Young But Daily Growing — Brother JT | Just Be — BJ Block & Dawn Pemberton,0.015625,2
"3445, 80165",Young But Daily Growing — Brother JT | Danger In Dependency (Featuring Alena Sola) — Mabafu,0.015625,2
"3445, 113354",Young But Daily Growing — Brother JT | Para Agradecer — Chicano Batman,0.015625,2
"3445, 118654",Young But Daily Growing — Brother JT | Where You Do Belong — Cullah,0.015625,2
"3445, 127048",Young But Daily Growing — Brother JT | Gravedigger — Cletus Got Shot,0.015625,2
"3716, 4538",I Got to Cross the River Jordan — Immortal Lee County Killers | There Is No Light — Wildbirds and Peacedrums,0.015625,2
"3716, 14014",I Got to Cross the River Jordan — Immortal Lee County Killers | Good BBQ — The Riptones,0.015625,2
"3716, 14898",I Got to Cross the River Jordan — Immortal Lee County Killers | Nothin' But Nothin' — Rex Hobart &amp; the Misery Boys,0.015625,2
"3716, 50672",I Got to Cross the River Jordan — Immortal Lee County Killers | Sentimental-Fields 4 Don't Be A Luddy Duddy — The Superfools,0.015625,2
"3716, 74982",I Got to Cross the River Jordan — Immortal Lee County Killers | Little Miss Fortune — Megan Jean and the Klay Family Band,0.015625,2
"3716, 80165",I Got to Cross the River Jordan — Immortal Lee County Killers | Danger In Dependency (Featuring Alena Sola) — Mabafu,0.015625,2
"3716, 114308",I Got to Cross the River Jordan — Immortal Lee County Killers | Hard Miles — Bryan Mathys,0.015625,2
"3716, 118874",I Got to Cross the River Jordan — Immortal Lee County Killers | Tubby Brothers — Jon Langford,0.015625,2
"3716, 129492",I Got to Cross the River Jordan — Immortal Lee County Killers | How Did You Love Someone Like Me — Big Sandy and His Fly-Rite Boys,0.015625,2
"3842, 4538",Shes Too Fat — Little Howlin' Wolf | There Is No Light — Wildbirds and Peacedrums,0.015625,2
"3842, 14898",Shes Too Fat — Little Howlin' Wolf | Nothin' But Nothin' — Rex Hobart &amp; the Misery Boys,0.015625,2
"3842, 14899",Shes Too Fat — Little Howlin' Wolf | I'll Never Sleep It Off — Rex Hobart &amp; the Misery Boys,0.015625,2
"3842, 19132",Shes Too Fat — Little Howlin' Wolf | I Love My Babe — T-Model Ford,0.015625,2
"3842, 19134",Shes Too Fat — Little Howlin' Wolf | Wish I Was a Catfish — T-Model Ford,0.015625,2
"3842, 25067",Shes Too Fat — Little Howlin' Wolf | Workin Boy Blues — Bombay Laughing Club,0.015625,2
"3842, 50670",Shes Too Fat — Little Howlin' Wolf | Sentimental-Fields 2 Here I Am — The Superfools,0.015625,2
"3842, 50891",Shes Too Fat — Little Howlin' Wolf | Dirt Rhodes — Kevin MacLeod,0.015625,2
"3842, 50892",Shes Too Fat — Little Howlin' Wolf | Slow Burn — Kevin MacLeod,0.015625,2
"3842, 80164",Shes Too Fat — Little Howlin' Wolf | Changes (Featuring Alena Sola) — Mabafu,0.015625,2
"3842, 80169",Shes Too Fat — Little Howlin' Wolf | Bersarinplatz — Mabafu,0.015625,2
"3842, 118657",Shes Too Fat — Little Howlin' Wolf | To The Rhythm of the Funk — Cullah,0.015625,2
"3842, 118658",Shes Too Fat — Little Howlin' Wolf | No Home — Cullah,0.015625,2
"3842, 120475",Shes Too Fat — Little Howlin' Wolf | Tidings of Comfort (Instrumental) — Tidings of Comfort,0.015625,2
"3842, 129496",Shes Too Fat — Little Howlin' Wolf | Happy Birthday — Big Sandy and His Fly-Rite Boys,0.015625,2
"3842, 145912",Shes Too Fat — Little Howlin' Wolf | North Pole — MMFFF,0.015625,2
"3842, 145914",Shes Too Fat — Little Howlin' Wolf | The Lion & The Snake — MMFFF,0.015625,2
"4536, 4538",I Can't Tell In His Eyes — Wildbirds and Peacedrums | There Is No Light — Wildbirds and Peacedrums,0.015625,2
"4536, 19132",I Can't Tell In His Eyes — Wildbirds and Peacedrums | I Love My Babe — T-Model Ford,0.015625,2
"4536, 19134",I Can't Tell In His Eyes — Wildbirds and Peacedrums | Wish I Was a Catfish — T-Model Ford,0.015625,2
"4536, 19135",I Can't Tell In His Eyes — Wildbirds and Peacedrums | Somebody Knockin' — T-Model Ford,0.015625,2
"4536, 19137","I Can't Tell In His Eyes — Wildbirds and Peacedrums | If You Love Me Like You Say — Paul ""Wine"" Jones",0.015625,2
"4536, 25067",I Can't Tell In His Eyes — Wildbirds and Peacedrums | Workin Boy Blues — Bombay Laughing Club,0.015625,2
"4536, 38544",I Can't Tell In His Eyes — Wildbirds and Peacedrums | Women Be Wise — Nobody's Bizness,0.015625,2
"4536, 50888",I Can't Tell In His Eyes — Wildbirds and Peacedrums | DD Groove — Kevin MacLeod,0.015625,2
"4536, 50892",I Can't Tell In His Eyes — Wildbirds and Peacedrums | Slow Burn — Kevin MacLeod,0.015625,2
"4536, 59173",I Can't Tell In His Eyes — Wildbirds and Peacedrums | She Gets All That She Wants — Ignatz,0.015625,2
"4536, 72511",I Can't Tell In His Eyes — Wildbirds and Peacedrums | Heaven — Zero V,0.015625,2
"4536, 118654",I Can't Tell In His Eyes — Wildbirds and Peacedrums | Where You Do Belong — Cullah,0.015625,2
"4536, 128475",I Can't Tell In His Eyes — Wildbirds and Peacedrums | Blues do Cangaço — Molodoys,0.015625,2
"4538, 12790",There Is No Light — Wildbirds and Peacedrums | Nobody Knows You When You're Down and Out — Roger McGuinn,0.015625,2
"4538, 12792",There Is No Light — Wildbirds and Peacedrums | 500 Miles — Roger McGuinn,0.015625,2
"4538, 14899",There Is No Light — Wildbirds and Peacedrums | I'll Never Sleep It Off — Rex Hobart &amp; the Misery Boys,0.015625,2
"4538, 19134",There Is No Light — Wildbirds and Peacedrums | Wish I Was a Catfish — T-Model Ford,0.015625,2
"4538, 19135",There Is No Light — Wildbirds and Peacedrums | Somebody Knockin' — T-Model Ford,0.015625,2
"4538, 25067",There Is No Light — Wildbirds and Peacedrums | Workin Boy Blues — Bombay Laughing Club,0.015625,2
"4538, 50888",There Is No Light — Wildbirds and Peacedrums | DD Groove — Kevin MacLeod,0.015625,2
"4538, 50891",There Is No Light — Wildbirds and Peacedrums | Dirt Rhodes — Kevin MacLeod,0.015625,2
"4538, 59173",There Is No Light — Wildbirds and Peacedrums | She Gets All That She Wants — Ignatz,0.015625,2
"4538, 61489",There Is No Light — Wildbirds and Peacedrums | Fjcb Reddit Gtr Fills Mix — Phoephus,0.015625,2
"4538, 72511",There Is No Light — Wildbirds and Peacedrums | Heaven — Zero V,0.015625,2
"4538, 78750",There Is No Light — Wildbirds and Peacedrums | Untitled 4 — Loren Connors and Bill Orcutt,0.015625,2
"4538, 118656",There Is No Light — Wildbirds and Peacedrums | Gone Away — Cullah,0.015625,2
"4538, 145915",There Is No Light — Wildbirds and Peacedrums | The Mountain's Lament — MMFFF,0.015625,2
"4540, 11957",Doubt/Hope — Wildbirds and Peacedrums | Scared of My Own Blood A Cappella — Sunbyrn,0.015625,2
"4540, 12795",Doubt/Hope — Wildbirds and Peacedrums | Going Down The Road Feeling Bad — Roger McGuinn,0.015625,2
"4540, 19132",Doubt/Hope — Wildbirds and Peacedrums | I Love My Babe — T-Model Ford,0.015625,2
"4540, 19134",Doubt/Hope — Wildbirds and Peacedrums | Wish I Was a Catfish — T-Model Ford,0.015625,2
"4540, 19135",Doubt/Hope — Wildbirds and Peacedrums | Somebody Knockin' — T-Model Ford,0.015625,2
"4540, 38544",Doubt/Hope — Wildbirds and Peacedrums | Women Be Wise — Nobody's Bizness,0.015625,2
"4540, 50891",Doubt/Hope — Wildbirds and Peacedrums | Dirt Rhodes — Kevin MacLeod,0.015625,2
"4540, 62435",Doubt/Hope — Wildbirds and Peacedrums | Boulevard St Germain — Jahzzar,0.015625,2
"4540, 74982",Doubt/Hope — Wildbirds and Peacedrums | Little Miss Fortune — Megan Jean and the Klay Family Band,0.015625,2
"4540, 80165",Doubt/Hope — Wildbirds and Peacedrums | Danger In Dependency (Featuring Alena Sola) — Mabafu,0.015625,2
"4540, 118657",Doubt/Hope — Wildbirds and Peacedrums | To The Rhythm of the Funk — Cullah,0.015625,2
"4540, 145129",Doubt/Hope — Wildbirds and Peacedrums | Help Me After You Die [kat330 mash] — Kathleen Martin,0.015625,2
"11209, 12792",Cornbread Sally — Sawtooth Mountain Boys | 500 Miles — Roger McGuinn,0.015625,2
"11209, 14898",Cornbread Sally — Sawtooth Mountain Boys | Nothin' But Nothin' — Rex Hobart &amp; the Misery Boys,0.015625,2
"11209, 14899",Cornbread Sally — Sawtooth Mountain Boys | I'll Never Sleep It Off — Rex Hobart &amp; the Misery Boys,0.015625,2
"11209, 30199",Cornbread Sally — Sawtooth Mountain Boys | Soho Joe — Lee Rosevere,0.015625,2
"11209, 80168",Cornbread Sally — Sawtooth Mountain Boys | All I Need (Featuring Alena Sola) — Mabafu,0.015625,2
"11957, 12790",Scared of My Own Blood A Cappella — Sunbyrn | Nobody Knows You When You're Down and Out — Roger McGuinn,0.015625,2
"11957, 12795",Scared of My Own Blood A Cappella — Sunbyrn | Going Down The Road Feeling Bad — Roger McGuinn,0.015625,2
"11957, 13671",Scared of My Own Blood A Cappella — Sunbyrn | Good 'ol Shoe — Patchwork on the Blues,0.015625,2
"11957, 19132",Scared of My Own Blood A Cappella — Sunbyrn | I Love My Babe — T-Model Ford,0.015625,2
"11957, 19135",Scared of My Own Blood A Cappella — Sunbyrn | Somebody Knockin' — T-Model Ford,0.015625,2
"11957, 25067",Scared of My Own Blood A Cappella — Sunbyrn | Workin Boy Blues — Bombay Laughing Club,0.015625,2
"11957, 50892",Scared of My Own Blood A Cappella — Sunbyrn | Slow Burn — Kevin MacLeod,0.015625,2
"11957, 59173",Scared of My Own Blood A Cappella — Sunbyrn | She Gets All That She Wants — Ignatz,0.015625,2
"11957, 77381",Scared of My Own Blood A Cappella — Sunbyrn | Just Be — BJ Block & Dawn Pemberton,0.015625,2
"11957, 113354",Scared of My Own Blood A Cappella — Sunbyrn | Para Agradecer — Chicano Batman,0.015625,2
"11957, 118656",Scared of My Own Blood A Cappella — Sunbyrn | Gone Away — Cullah,0.015625,2
"11957, 123623",Scared of My Own Blood A Cappella — Sunbyrn | Playon Playaz — Pimpstrut Local #13,0.015625,2
"11957, 145129",Scared of My Own Blood A Cappella — Sunbyrn | Help Me After You Die [kat330 mash] — Kathleen Martin,0.015625,2
"12574, 80165",Comeback Kid — Deano Waco | Danger In Dependency (Featuring Alena Sola) — Mabafu,0.015625,2
"12574, 127048",Comeback Kid — Deano Waco | Gravedigger — Cletus Got Shot,0.015625,2
"12574, 129492",Comeback Kid — Deano Waco | How Did You Love Someone Like Me — Big Sandy and His Fly-Rite Boys,0.015625,2
"12574, 132228",Comeback Kid — Deano Waco | High Class Girl From The Country — Zephaniah And The 18 Wheelers,0.015625,2
"12787, 50892",Old Plank Road — Roger McGuinn | Slow Burn — Kevin MacLeod,0.015625,2
"12787, 61489",Old Plank Road — Roger McGuinn | Fjcb Reddit Gtr Fills Mix — Phoephus,0.015625,2
"12787, 123623",Old Plank Road — Roger McGuinn | Playon Playaz — Pimpstrut Local #13,0.015625,2
"12790, 12792",Nobody Knows You When You're Down and Out — Roger McGuinn | 500 Miles — Roger McGuinn,0.015625,2
"12790, 12795",Nobody Knows You When You're Down and Out — Roger McGuinn | Going Down The Road Feeling Bad — Roger McGuinn,0.015625,2
"12790, 19132",Nobody Knows You When You're Down and Out — Roger McGuinn | I Love My Babe — T-Model Ford,0.015625,2
"12790, 19135",Nobody Knows You When You're Down and Out — Roger McGuinn | Somebody Knockin' — T-Model Ford,0.015625,2
"12790, 19137","Nobody Knows You When You're Down and Out — Roger McGuinn | If You Love Me Like You Say — Paul ""Wine"" Jones",0.015625,2
"12790, 25067",Nobody Knows You When You're Down and Out — Roger McGuinn | Workin Boy Blues — Bombay Laughing Club,0.015625,2
"12790, 50888",Nobody Knows You When You're Down and Out — Roger McGuinn | DD Groove — Kevin MacLeod,0.015625,2
"12790, 61489",Nobody Knows You When You're Down and Out — Roger McGuinn | Fjcb Reddit Gtr Fills Mix — Phoephus,0.015625,2
"12790, 62435",Nobody Knows You When You're Down and Out — Roger McGuinn | Boulevard St Germain — Jahzzar,0.015625,2
"12790, 77381",Nobody Knows You When You're Down and Out — Roger McGuinn | Just Be — BJ Block & Dawn Pemberton,0.015625,2
"12790, 113354",Nobody Knows You When You're Down and Out — Roger McGuinn | Para Agradecer — Chicano Batman,0.015625,2
"12790, 118654",Nobody Knows You When You're Down and Out — Roger McGuinn | Where You Do Belong — Cullah,0.015625,2
"12792, 19134",500 Miles — Roger McGuinn | Wish I Was a Catfish — T-Model Ford,0.015625,2
"12792, 25067",500 Miles — Roger McGuinn | Workin Boy Blues — Bombay Laughing Club,0.015625,2
"12792, 59173",500 Miles — Roger McGuinn | She Gets All That She Wants — Ignatz,0.015625,2
"12792, 62435",500 Miles — Roger McGuinn | Boulevard St Germain — Jahzzar,0.015625,2
"12792, 77381",500 Miles — Roger McGuinn | Just Be — BJ Block & Dawn Pemberton,0.015625,2
"12795, 13671",Going Down The Road Feeling Bad — Roger McGuinn | Good 'ol Shoe — Patchwork on the Blues,0.015625,2
"12795, 14899",Going Down The Road Feeling Bad — Roger McGuinn | I'll Never Sleep It Off — Rex Hobart &amp; the Misery Boys,0.015625,2
"12795, 19134",Going Down The Road Feeling Bad — Roger McGuinn | Wish I Was a Catfish — T-Model Ford,0.015625,2
"12795, 19137","Going Down The Road Feeling Bad — Roger McGuinn | If You Love Me Like You Say — Paul ""Wine"" Jones",0.015625,2
"12795, 25067",Going Down The Road Feeling Bad — Roger McGuinn | Workin Boy Blues — Bombay Laughing Club,0.015625,2
"12795, 50888",Going Down The Road Feeling Bad — Roger McGuinn | DD Groove — Kevin MacLeod,0.015625,2
"12795, 50892",Going Down The Road Feeling Bad — Roger McGuinn | Slow Burn — Kevin MacLeod,0.015625,2
"12795, 62435",Going Down The Road Feeling Bad — Roger McGuinn | Boulevard St Germain — Jahzzar,0.015625,2
"12795, 78750",Going Down The Road Feeling Bad — Roger McGuinn | Untitled 4 — Loren Connors and Bill Orcutt,0.015625,2
"12795, 118654",Going Down The Road Feeling Bad — Roger McGuinn | Where You Do Belong — Cullah,0.015625,2
"12795, 128475",Going Down The Road Feeling Bad — Roger McGuinn | Blues do Cangaço — Molodoys,0.015625,2
"13671, 19135",Good 'ol Shoe — Patchwork on the Blues | Somebody Knockin' — T-Model Ford,0.015625,2
"13671, 50891",Good 'ol Shoe — Patchwork on the Blues | Dirt Rhodes — Kevin MacLeod,0.015625,2
"13671, 59173",Good 'ol Shoe — Patchwork on the Blues | She Gets All That She Wants — Ignatz,0.015625,2
"13671, 118656",Good 'ol Shoe — Patchwork on the Blues | Gone Away — Cullah,0.015625,2
"13671, 128475",Good 'ol Shoe — Patchwork on the Blues | Blues do Cangaço — Molodoys,0.015625,2
"14014, 50671",Good BBQ — The Riptones | Sentimental-Fields 3 All Kinds Of Gibberish Sounds — The Superfools,0.015625,2
"14014, 74982",Good BBQ — The Riptones | Little Miss Fortune — Megan Jean and the Klay Family Band,0.015625,2
"14014, 118873",Good BBQ — The Riptones | Luxury — Jon Langford,0.015625,2
"14014, 129492",Good BBQ — The Riptones | How Did You Love Someone Like Me — Big Sandy and His Fly-Rite Boys,0.015625,2
"14014, 129502",Good BBQ — The Riptones | Don't Sweetheart Me — Big Sandy and His Fly-Rite Boys,0.015625,2
"14014, 132228",Good BBQ — The Riptones | High Class Girl From The Country — Zephaniah And The 18 Wheelers,0.015625,2
"14017, 14898",I Can't and I Won't — The Riptones | Nothin' But Nothin' — Rex Hobart &amp; the Misery Boys,0.015625,2
"14017, 20695",I Can't and I Won't — The Riptones | Free Dschimi — Tracky Birthday,0.015625,2
"14017, 50671",I Can't and I Won't — The Riptones | Sentimental-Fields 3 All Kinds Of Gibberish Sounds — The Superfools,0.015625,2
"14017, 74982",I Can't and I Won't — The Riptones | Little Miss Fortune — Megan Jean and the Klay Family Band,0.015625,2
"14017, 120475",I Can't and I Won't — The Riptones | Tidings of Comfort (Instrumental) — Tidings of Comfort,0.015625,2
"14017, 129499",I Can't and I Won't — The Riptones | Wishing Him Away — Big Sandy and His Fly-Rite Boys,0.015625,2
"14017, 129502",I Can't and I Won't — The Riptones | Don't Sweetheart Me — Big Sandy and His Fly-Rite Boys,0.015625,2
"14898, 14899",Nothin' But Nothin' — Rex Hobart &amp; the Misery Boys | I'll Never Sleep It Off — Rex Hobart &amp; the Misery Boys,0.015625,2
"14898, 74982",Nothin' But Nothin' — Rex Hobart &amp; the Misery Boys | Little Miss Fortune — Megan Jean and the Klay Family Band,0.015625,2
"14898, 80168",Nothin' But Nothin' — Rex Hobart &amp; the Misery Boys | All I Need (Featuring Alena Sola) — Mabafu,0.015625,2
"14898, 118873",Nothin' But Nothin' — Rex Hobart &amp; the Misery Boys | Luxury — Jon Langford,0.015625,2
"14898, 118874",Nothin' But Nothin' — Rex Hobart &amp; the Misery Boys | Tubby Brothers — Jon Langford,0.015625,2
"14898, 129492",Nothin' But Nothin' — Rex Hobart &amp; the Misery Boys | How Did You Love Someone Like Me — Big Sandy and His Fly-Rite Boys,0.015625,2
"14898, 129496",Nothin' But Nothin' — Rex Hobart &amp; the Misery Boys | Happy Birthday — Big Sandy and His Fly-Rite Boys,0.015625,2
"14898, 129502",Nothin' But Nothin' — Rex Hobart &amp; the Misery Boys | Don't Sweetheart Me — Big Sandy and His Fly-Rite Boys,0.015625,2
"14899, 19132",I'll Never Sleep It Off — Rex Hobart &amp; the Misery Boys | I Love My Babe — T-Model Ford,0.015625,2
"14899, 50892",I'll Never Sleep It Off — Rex Hobart &amp; the Misery Boys | Slow Burn — Kevin MacLeod,0.015625,2
"14899, 80165",I'll Never Sleep It Off — Rex Hobart &amp; the Misery Boys | Danger In Dependency (Featuring Alena Sola) — Mabafu,0.015625,2
"14899, 129499",I'll Never Sleep It Off — Rex Hobart &amp; the Misery Boys | Wishing Him Away — Big Sandy and His Fly-Rite Boys,0.015625,2
"14899, 129502",I'll Never Sleep It Off — Rex Hobart &amp; the Misery Boys | Don't Sweetheart Me — Big Sandy and His Fly-Rite Boys,0.015625,2
"14899, 132228",I'll Never Sleep It Off — Rex Hobart &amp; the Misery Boys | High Class Girl From The Country — Zephaniah And The 18 Wheelers,0.015625,2
"14900, 72511",Bridge Burners Union (Local 36) — Rex Hobart &amp; the Misery Boys | Heaven — Zero V,0.015625,2
"14900, 120475",Bridge Burners Union (Local 36) — Rex Hobart &amp; the Misery Boys | Tidings of Comfort (Instrumental) — Tidings of Comfort,0.015625,2
"19132, 19134",I Love My Babe — T-Model Ford | Wish I Was a Catfish — T-Model Ford,0.015625,2
"19132, 25067",I Love My Babe — T-Model Ford | Workin Boy Blues — Bombay Laughing Club,0.015625,2
"19132, 38544",I Love My Babe — T-Model Ford | Women Be Wise — Nobody's Bizness,0.015625,2
"19132, 50670",I Love My Babe — T-Model Ford | Sentimental-Fields 2 Here I Am — The Superfools,0.015625,2
"19132, 61487",I Love My Babe — T-Model Ford | Stormy Blues — Arne Bang Huseby,0.015625,2
"19132, 80165",I Love My Babe — T-Model Ford | Danger In Dependency (Featuring Alena Sola) — Mabafu,0.015625,2
"19132, 118657",I Love My Babe — T-Model Ford | To The Rhythm of the Funk — Cullah,0.015625,2
"19132, 118658",I Love My Babe — T-Model Ford | No Home — Cullah,0.015625,2
"19132, 128475",I Love My Babe — T-Model Ford | Blues do Cangaço — Molodoys,0.015625,2
"19134, 19135",Wish I Was a Catfish — T-Model Ford | Somebody Knockin' — T-Model Ford,0.015625,2
"19134, 50888",Wish I Was a Catfish — T-Model Ford | DD Groove — Kevin MacLeod,0.015625,2
"19134, 50891",Wish I Was a Catfish — T-Model Ford | Dirt Rhodes — Kevin MacLeod,0.015625,2
"19134, 74982",Wish I Was a Catfish — T-Model Ford | Little Miss Fortune — Megan Jean and the Klay Family Band,0.015625,2
"19134, 77381",Wish I Was a Catfish — T-Model Ford | Just Be — BJ Block & Dawn Pemberton,0.015625,2
"19134, 113354",Wish I Was a Catfish — T-Model Ford | Para Agradecer — Chicano Batman,0.015625,2
"19134, 118654",Wish I Was a Catfish — T-Model Ford | Where You Do Belong — Cullah,0.015625,2
"19134, 118656",Wish I Was a Catfish — T-Model Ford | Gone Away — Cullah,0.015625,2
"19134, 128475",Wish I Was a Catfish — T-Model Ford | Blues do Cangaço — Molodoys,0.015625,2
"19135, 19137","Somebody Knockin' — T-Model Ford | If You Love Me Like You Say — Paul ""Wine"" Jones",0.015625,2
"19135, 50891",Somebody Knockin' — T-Model Ford | Dirt Rhodes — Kevin MacLeod,0.015625,2
"19135, 61487",Somebody Knockin' — T-Model Ford | Stormy Blues — Arne Bang Huseby,0.015625,2
"19135, 61489",Somebody Knockin' — T-Model Ford | Fjcb Reddit Gtr Fills Mix — Phoephus,0.015625,2
"19135, 62435",Somebody Knockin' — T-Model Ford | Boulevard St Germain — Jahzzar,0.015625,2
"19135, 77381",Somebody Knockin' — T-Model Ford | Just Be — BJ Block & Dawn Pemberton,0.015625,2
"19135, 118657",Somebody Knockin' — T-Model Ford | To The Rhythm of the Funk — Cullah,0.015625,2
"19135, 128475",Somebody Knockin' — T-Model Ford | Blues do Cangaço — Molodoys,0.015625,2
"19137, 38544","If You Love Me Like You Say — Paul ""Wine"" Jones | Women Be Wise — Nobody's Bizness",0.015625,2
"19137, 50888","If You Love Me Like You Say — Paul ""Wine"" Jones | DD Groove — Kevin MacLeod",0.015625,2
"19137, 59173","If You Love Me Like You Say — Paul ""Wine"" Jones | She Gets All That She Wants — Ignatz",0.015625,2
"19137, 61487","If You Love Me Like You Say — Paul ""Wine"" Jones | Stormy Blues — Arne Bang Huseby",0.015625,2
"19137, 62435","If You Love Me Like You Say — Paul ""Wine"" Jones | Boulevard St Germain — Jahzzar",0.015625,2
"19137, 72511","If You Love Me Like You Say — Paul ""Wine"" Jones | Heaven — Zero V",0.015625,2
"19137, 118654","If You Love Me Like You Say — Paul ""Wine"" Jones | Where You Do Belong — Cullah",0.015625,2
"19137, 118656","If You Love Me Like You Say — Paul ""Wine"" Jones | Gone Away — Cullah",0.015625,2
"19137, 118658","If You Love Me Like You Say — Paul ""Wine"" Jones | No Home — Cullah",0.015625,2
"19137, 145129","If You Love Me Like You Say — Paul ""Wine"" Jones | Help Me After You Die [kat330 mash] — Kathleen Martin",0.015625,2
"19137, 145915","If You Love Me Like You Say — Paul ""Wine"" Jones | The Mountain's Lament — MMFFF",0.015625,2
"20695, 50884",Free Dschimi — Tracky Birthday | Aces High — Kevin MacLeod,0.015625,2
"20695, 56177",Free Dschimi — Tracky Birthday | We Don't Care (live at WFMU Record Fair) — CSC Funk Band,0.015625,2
"20696, 61487",Balla! — Tracky Birthday | Stormy Blues — Arne Bang Huseby,0.015625,2
"20696, 77381",Balla! — Tracky Birthday | Just Be — BJ Block & Dawn Pemberton,0.015625,2
"20696, 113354",Balla! — Tracky Birthday | Para Agradecer — Chicano Batman,0.015625,2
"23539, 50670",Can Opener — The Discoghosts | Sentimental-Fields 2 Here I Am — The Superfools,0.015625,2
"23539, 50673",Can Opener — The Discoghosts | Sentimental-Fields 5 Sentimental Fields — The Superfools,0.015625,2
"23539, 50954",Can Opener — The Discoghosts | Soporific — Kevin MacLeod,0.015625,2
"23539, 56173",Can Opener — The Discoghosts | DK's song 'untitled' (live at WFMU Record Fair) — CSC Funk Band,0.015625,2
"23539, 77381",Can Opener — The Discoghosts | Just Be — BJ Block & Dawn Pemberton,0.015625,2
"23539, 80165",Can Opener — The Discoghosts | Danger In Dependency (Featuring Alena Sola) — Mabafu,0.015625,2
"23539, 80166",Can Opener — The Discoghosts | Oblivion (Featuring Knixx) — Mabafu,0.015625,2
"23539, 80168",Can Opener — The Discoghosts | All I Need (Featuring Alena Sola) — Mabafu,0.015625,2
"23539, 113354",Can Opener — The Discoghosts | Para Agradecer — Chicano Batman,0.015625,2
"23539, 113727",Can Opener — The Discoghosts | Whaledive — Martin Lowack,0.015625,2
"23539, 120474",Can Opener — The Discoghosts | Tidings of Comfort — Tidings of Comfort,0.015625,2
"23539, 123638",Can Opener — The Discoghosts | The Glory of Life's Glory — Pimpstrut Local #13,0.015625,2
"23539, 145912",Can Opener — The Discoghosts | North Pole — MMFFF,0.015625,2
"23539, 145915",Can Opener — The Discoghosts | The Mountain's Lament — MMFFF,0.015625,2
"25067, 59173",Workin Boy Blues — Bombay Laughing Club | She Gets All That She Wants — Ignatz,0.015625,2
"25067, 61489",Workin Boy Blues — Bombay Laughing Club | Fjcb Reddit Gtr Fills Mix — Phoephus,0.015625,2
"25067, 118654",Workin Boy Blues — Bombay Laughing Club | Where You Do Belong — Cullah,0.015625,2
"28277, 87598",Funk Shoppe — CSC Funk Band | Lift Off — Jahzzar,0.015625,2
"28277, 87600",Funk Shoppe — CSC Funk Band | Venus — Jahzzar,0.015625,2
"28277, 140585",Funk Shoppe — CSC Funk Band | Freedom — Taina Asili,0.015625,2
"30199, 145129",Soho Joe — Lee Rosevere | Help Me After You Die [kat330 mash] — Kathleen Martin,0.015625,2
"38544, 50672",Women Be Wise — Nobody's Bizness | Sentimental-Fields 4 Don't Be A Luddy Duddy — The Superfools,0.015625,2
"38544, 50891",Women Be Wise — Nobody's Bizness | Dirt Rhodes — Kevin MacLeod,0.015625,2
"38544, 61487",Women Be Wise — Nobody's Bizness | Stormy Blues — Arne Bang Huseby,0.015625,2
"38544, 118654",Women Be Wise — Nobody's Bizness | Where You Do Belong — Cullah,0.015625,2
"38544, 118656",Women Be Wise — Nobody's Bizness | Gone Away — Cullah,0.015625,2
"38544, 118657",Women Be Wise — Nobody's Bizness | To The Rhythm of the Funk — Cullah,0.015625,2
"38544, 118658",Women Be Wise — Nobody's Bizness | No Home — Cullah,0.015625,2
"38544, 120474",Women Be Wise — Nobody's Bizness | Tidings of Comfort — Tidings of Comfort,0.015625,2
"38544, 129502",Women Be Wise — Nobody's Bizness | Don't Sweetheart Me — Big Sandy and His Fly-Rite Boys,0.015625,2
"38544, 145129",Women Be Wise — Nobody's Bizness | Help Me After You Die [kat330 mash] — Kathleen Martin,0.015625,2
"38544, 145915",Women Be Wise — Nobody's Bizness | The Mountain's Lament — MMFFF,0.015625,2
"50671, 56177",Sentimental-Fields 3 All Kinds Of Gibberish Sounds — The Superfools | We Don't Care (live at WFMU Record Fair) — CSC Funk Band,0.015625,2
"50671, 123638",Sentimental-Fields 3 All Kinds Of Gibberish Sounds — The Superfools | The Glory of Life's Glory — Pimpstrut Local #13,0.015625,2
"50671, 145129",Sentimental-Fields 3 All Kinds Of Gibberish Sounds — The Superfools | Help Me After You Die [kat330 mash] — Kathleen Martin,0.015625,2
"50672, 56177",Sentimental-Fields 4 Don't Be A Luddy Duddy — The Superfools | We Don't Care (live at WFMU Record Fair) — CSC Funk Band,0.015625,2
"50672, 61489",Sentimental-Fields 4 Don't Be A Luddy Duddy — The Superfools | Fjcb Reddit Gtr Fills Mix — Phoephus,0.015625,2
"50672, 78750",Sentimental-Fields 4 Don't Be A Luddy Duddy — The Superfools | Untitled 4 — Loren Connors and Bill Orcutt,0.015625,2
"50672, 118874",Sentimental-Fields 4 Don't Be A Luddy Duddy — The Superfools | Tubby Brothers — Jon Langford,0.015625,2
"50672, 129499",Sentimental-Fields 4 Don't Be A Luddy Duddy — The Superfools | Wishing Him Away — Big Sandy and His Fly-Rite Boys,0.015625,2
"50672, 132228",Sentimental-Fields 4 Don't Be A Luddy Duddy — The Superfools | High Class Girl From The Country — Zephaniah And The 18 Wheelers,0.015625,2
"50672, 145129",Sentimental-Fields 4 Don't Be A Luddy Duddy — The Superfools | Help Me After You Die [kat330 mash] — Kathleen Martin,0.015625,2
"50673, 87598",Sentimental-Fields 5 Sentimental Fields — The Superfools | Lift Off — Jahzzar,0.015625,2
"50673, 123638",Sentimental-Fields 5 Sentimental Fields — The Superfools | The Glory of Life's Glory — Pimpstrut Local #13,0.015625,2
"50673, 132228",Sentimental-Fields 5 Sentimental Fields — The Superfools | High Class Girl From The Country — Zephaniah And The 18 Wheelers,0.015625,2
"50674, 80166",Sentimental-Fields 1 WC-Fields — The Superfools | Oblivion (Featuring Knixx) — Mabafu,0.015625,2
"50674, 145915",Sentimental-Fields 1 WC-Fields — The Superfools | The Mountain's Lament — MMFFF,0.015625,2
"50884, 113354",Aces High — Kevin MacLeod | Para Agradecer — Chicano Batman,0.015625,2
"50884, 123638",Aces High — Kevin MacLeod | The Glory of Life's Glory — Pimpstrut Local #13,0.015625,2
"50888, 50892",DD Groove — Kevin MacLeod | Slow Burn — Kevin MacLeod,0.015625,2
"50888, 62435",DD Groove — Kevin MacLeod | Boulevard St Germain — Jahzzar,0.015625,2
"50888, 72511",DD Groove — Kevin MacLeod | Heaven — Zero V,0.015625,2
"50888, 145129",DD Groove — Kevin MacLeod | Help Me After You Die [kat330 mash] — Kathleen Martin,0.015625,2
"50891, 50892",Dirt Rhodes — Kevin MacLeod | Slow Burn — Kevin MacLeod,0.015625,2
"50891, 59173",Dirt Rhodes — Kevin MacLeod | She Gets All That She Wants — Ignatz,0.015625,2
"50891, 61487",Dirt Rhodes — Kevin MacLeod | Stormy Blues — Arne Bang Huseby,0.015625,2
"50891, 62435",Dirt Rhodes — Kevin MacLeod | Boulevard St Germain — Jahzzar,0.015625,2
"50891, 80165",Dirt Rhodes — Kevin MacLeod | Danger In Dependency (Featuring Alena Sola) — Mabafu,0.015625,2
"50891, 118657",Dirt Rhodes — Kevin MacLeod | To The Rhythm of the Funk — Cullah,0.015625,2
"50891, 128475",Dirt Rhodes — Kevin MacLeod | Blues do Cangaço — Molodoys,0.015625,2
"50891, 145129",Dirt Rhodes — Kevin MacLeod | Help Me After You Die [kat330 mash] — Kathleen Martin,0.015625,2
"50892, 59173",Slow Burn — Kevin MacLeod | She Gets All That She Wants — Ignatz,0.015625,2
"50892, 61489",Slow Burn — Kevin MacLeod | Fjcb Reddit Gtr Fills Mix — Phoephus,0.015625,2
"50892, 118654",Slow Burn — Kevin MacLeod | Where You Do Belong — Cullah,0.015625,2
"50892, 118656",Slow Burn — Kevin MacLeod | Gone Away — Cullah,0.015625,2
"50892, 128475",Slow Burn — Kevin MacLeod | Blues do Cangaço — Molodoys,0.015625,2
"50954, 123638",Soporific — Kevin MacLeod | The Glory of Life's Glory — Pimpstrut Local #13,0.015625,2
"56173, 56177",DK's song 'untitled' (live at WFMU Record Fair) — CSC Funk Band | We Don't Care (live at WFMU Record Fair) — CSC Funk Band,0.015625,2
"56173, 61487",DK's song 'untitled' (live at WFMU Record Fair) — CSC Funk Band | Stormy Blues — Arne Bang Huseby,0.015625,2
"56173, 77381",DK's song 'untitled' (live at WFMU Record Fair) — CSC Funk Band | Just Be — BJ Block & Dawn Pemberton,0.015625,2
"56177, 80164",We Don't Care (live at WFMU Record Fair) — CSC Funk Band | Changes (Featuring Alena Sola) — Mabafu,0.015625,2
"56177, 113727",We Don't Care (live at WFMU Record Fair) — CSC Funk Band | Whaledive — Martin Lowack,0.015625,2
"56177, 120474",We Don't Care (live at WFMU Record Fair) — CSC Funk Band | Tidings of Comfort — Tidings of Comfort,0.015625,2
"56177, 145909",We Don't Care (live at WFMU Record Fair) — CSC Funk Band | Houdini's Last Trick — MMFFF,0.015625,2
"56177, 145912",We Don't Care (live at WFMU Record Fair) — CSC Funk Band | North Pole — MMFFF,0.015625,2
"56177, 145914",We Don't Care (live at WFMU Record Fair) — CSC Funk Band | The Lion & The Snake — MMFFF,0.015625,2
"56177, 145915",We Don't Care (live at WFMU Record Fair) — CSC Funk Band | The Mountain's Lament — MMFFF,0.015625,2
"59173, 78750",She Gets All That She Wants — Ignatz | Untitled 4 — Loren Connors and Bill Orcutt,0.015625,2
"59173, 80165",She Gets All That She Wants — Ignatz | Danger In Dependency (Featuring Alena Sola) — Mabafu,0.015625,2
"59173, 145911",She Gets All That She Wants — Ignatz | Quantum — MMFFF,0.015625,2
"61487, 87600",Stormy Blues — Arne Bang Huseby | Venus — Jahzzar,0.015625,2
"61487, 145911",Stormy Blues — Arne Bang Huseby | Quantum — MMFFF,0.015625,2
"61489, 123623",Fjcb Reddit Gtr Fills Mix — Phoephus | Playon Playaz — Pimpstrut Local #13,0.015625,2
"61489, 128475",Fjcb Reddit Gtr Fills Mix — Phoephus | Blues do Cangaço — Molodoys,0.015625,2
"61489, 145129",Fjcb Reddit Gtr Fills Mix — Phoephus | Help Me After You Die [kat330 mash] — Kathleen Martin,0.015625,2
"61489, 145915",Fjcb Reddit Gtr Fills Mix — Phoephus | The Mountain's Lament — MMFFF,0.015625,2
"62435, 72511",Boulevard St Germain — Jahzzar | Heaven — Zero V,0.015625,2
"62435, 118658",Boulevard St Germain — Jahzzar | No Home — Cullah,0.015625,2
"62435, 128475",Boulevard St Germain — Jahzzar | Blues do Cangaço — Molodoys,0.015625,2
"62435, 145129",Boulevard St Germain — Jahzzar | Help Me After You Die [kat330 mash] — Kathleen Martin,0.015625,2
"72511, 118654",Heaven — Zero V | Where You Do Belong — Cullah,0.015625,2
"72511, 118656",Heaven — Zero V | Gone Away — Cullah,0.015625,2
"72511, 145129",Heaven — Zero V | Help Me After You Die [kat330 mash] — Kathleen Martin,0.015625,2
"74982, 114308",Little Miss Fortune — Megan Jean and the Klay Family Band | Hard Miles — Bryan Mathys,0.015625,2
"74982, 118657",Little Miss Fortune — Megan Jean and the Klay Family Band | To The Rhythm of the Funk — Cullah,0.015625,2
"74982, 127048",Little Miss Fortune — Megan Jean and the Klay Family Band | Gravedigger — Cletus Got Shot,0.015625,2
"74982, 129502",Little Miss Fortune — Megan Jean and the Klay Family Band | Don't Sweetheart Me — Big Sandy and His Fly-Rite Boys,0.015625,2
"77381, 80165",Just Be — BJ Block & Dawn Pemberton | Danger In Dependency (Featuring Alena Sola) — Mabafu,0.015625,2
"77381, 123623",Just Be — BJ Block & Dawn Pemberton | Playon Playaz — Pimpstrut Local #13,0.015625,2
"78750, 118654",Untitled 4 — Loren Connors and Bill Orcutt | Where You Do Belong — Cullah,0.015625,2
"78750, 118873",Untitled 4 — Loren Connors and Bill Orcutt | Luxury — Jon Langford,0.015625,2
"78750, 127048",Untitled 4 — Loren Connors and Bill Orcutt | Gravedigger — Cletus Got Shot,0.015625,2
"78750, 128475",Untitled 4 — Loren Connors and Bill Orcutt | Blues do Cangaço — Molodoys,0.015625,2
"78750, 129502",Untitled 4 — Loren Connors and Bill Orcutt | Don't Sweetheart Me — Big Sandy and His Fly-Rite Boys,0.015625,2
"78750, 132228",Untitled 4 — Loren Connors and Bill Orcutt | High Class Girl From The Country — Zephaniah And The 18 Wheelers,0.015625,2
"80165, 87598",Danger In Dependency (Featuring Alena Sola) — Mabafu | Lift Off — Jahzzar,0.015625,2
"80165, 118658",Danger In Dependency (Featuring Alena Sola) — Mabafu | No Home — Cullah,0.015625,2
"80165, 127048",Danger In Dependency (Featuring Alena Sola) — Mabafu | Gravedigger — Cletus Got Shot,0.015625,2
"80167, 123638",So Much More (Featuring Alena Sola) — Mabafu | The Glory of Life's Glory — Pimpstrut Local #13,0.015625,2
"80168, 123638",All I Need (Featuring Alena Sola) — Mabafu | The Glory of Life's Glory — Pimpstrut Local #13,0.015625,2
"80168, 132228",All I Need (Featuring Alena Sola) — Mabafu | High Class Girl From The Country — Zephaniah And The 18 Wheelers,0.015625,2
"80169, 145129",Bersarinplatz — Mabafu | Help Me After You Die [kat330 mash] — Kathleen Martin,0.015625,2
"87598, 123638",Lift Off — Jahzzar | The Glory of Life's Glory — Pimpstrut Local #13,0.015625,2
"87600, 123638",Venus — Jahzzar | The Glory of Life's Glory — Pimpstrut Local #13,0.015625,2
"113354, 123623",Para Agradecer — Chicano Batman | Playon Playaz — Pimpstrut Local #13,0.015625,2
"113727, 123623",Whaledive — Martin Lowack | Playon Playaz — Pimpstrut Local #13,0.015625,2
"113727, 123638",Whaledive — Martin Lowack | The Glory of Life's Glory — Pimpstrut Local #13,0.015625,2
"113727, 127048",Whaledive — Martin Lowack | Gravedigger — Cletus Got Shot,0.015625,2
"113727, 132228",Whaledive — Martin Lowack | High Class Girl From The Country — Zephaniah And The 18 Wheelers,0.015625,2
"114308, 129492",Hard Miles — Bryan Mathys | How Did You Love Someone Like Me — Big Sandy and His Fly-Rite Boys,0.015625,2
"114308, 129496",Hard Miles — Bryan Mathys | Happy Birthday — Big Sandy and His Fly-Rite Boys,0.015625,2
"114308, 129502",Hard Miles — Bryan Mathys | Don't Sweetheart Me — Big Sandy and His Fly-Rite Boys,0.015625,2
"114308, 132228",Hard Miles — Bryan Mathys | High Class Girl From The Country — Zephaniah And The 18 Wheelers,0.015625,2
"118654, 118658",Where You Do Belong — Cullah | No Home — Cullah,0.015625,2
"118654, 128475",Where You Do Belong — Cullah | Blues do Cangaço — Molodoys,0.015625,2
"118654, 145129",Where You Do Belong — Cullah | Help Me After You Die [kat330 mash] — Kathleen Martin,0.015625,2
"118656, 118658",Gone Away — Cullah | No Home — Cullah,0.015625,2
"118656, 145915",Gone Away — Cullah | The Mountain's Lament — MMFFF,0.015625,2
"118657, 118658",To The Rhythm of the Funk — Cullah | No Home — Cullah,0.015625,2
"118657, 128475",To The Rhythm of the Funk — Cullah | Blues do Cangaço — Molodoys,0.015625,2
"118657, 145129",To The Rhythm of the Funk — Cullah | Help Me After You Die [kat330 mash] — Kathleen Martin,0.015625,2
"118657, 145915",To The Rhythm of the Funk — Cullah | The Mountain's Lament — MMFFF,0.015625,2
"118658, 128475",No Home — Cullah | Blues do Cangaço — Molodoys,0.015625,2
"118873, 129492",Luxury — Jon Langford | How Did You Love Someone Like Me — Big Sandy and His Fly-Rite Boys,0.015625,2
"118874, 129492",Tubby Brothers — Jon Langford | How Did You Love Someone Like Me — Big Sandy and His Fly-Rite Boys,0.015625,2
"118874, 129496",Tubby Brothers — Jon Langford | Happy Birthday — Big Sandy and His Fly-Rite Boys,0.015625,2
"120474, 123638",Tidings of Comfort — Tidings of Comfort | The Glory of Life's Glory — Pimpstrut Local #13,0.015625,2
"120474, 145129",Tidings of Comfort — Tidings of Comfort | Help Me After You Die [kat330 mash] — Kathleen Martin,0.015625,2
"120475, 129502",Tidings of Comfort (Instrumental) — Tidings of Comfort | Don't Sweetheart Me — Big Sandy and His Fly-Rite Boys,0.015625,2
"120475, 145129",Tidings of Comfort (Instrumental) — Tidings of Comfort | Help Me After You Die [kat330 mash] — Kathleen Martin,0.015625,2
"123623, 129492",Playon Playaz — Pimpstrut Local #13 | How Did You Love Someone Like Me — Big Sandy and His Fly-Rite Boys,0.015625,2
"123623, 145915",Playon Playaz — Pimpstrut Local #13 | The Mountain's Lament — MMFFF,0.015625,2
"123638, 140585",The Glory of Life's Glory — Pimpstrut Local #13 | Freedom — Taina Asili,0.015625,2
"123638, 145909",The Glory of Life's Glory — Pimpstrut Local #13 | Houdini's Last Trick — MMFFF,0.015625,2
"123638, 145912",The Glory of Life's Glory — Pimpstrut Local #13 | North Pole — MMFFF,0.015625,2
"123638, 145913","The Glory of Life's Glory — Pimpstrut Local #13 | Untold, unspoken — MMFFF",0.015625,2
"123638, 145914",The Glory of Life's Glory — Pimpstrut Local #13 | The Lion & The Snake — MMFFF,0.015625,2
"123638, 145915",The Glory of Life's Glory — Pimpstrut Local #13 | The Mountain's Lament — MMFFF,0.015625,2
"127048, 132228",Gravedigger — Cletus Got Shot | High Class Girl From The Country — Zephaniah And The 18 Wheelers,0.015625,2
"128475, 145915",Blues do Cangaço — Molodoys | The Mountain's Lament — MMFFF,0.015625,2
"129492, 129496",How Did You Love Someone Like Me — Big Sandy and His Fly-Rite Boys | Happy Birthday — Big Sandy and His Fly-Rite Boys,0.015625,2
"129492, 129499",How Did You Love Someone Like Me — Big Sandy and His Fly-Rite Boys | Wishing Him Away — Big Sandy and His Fly-Rite Boys,0.015625,2
"129492, 132228",How Did You Love Someone Like Me — Big Sandy and His Fly-Rite Boys | High Class Girl From The Country — Zephaniah And The 18 Wheelers,0.015625,2
"129502, 132228",Don't Sweetheart Me — Big Sandy and His Fly-Rite Boys | High Class Girl From The Country — Zephaniah And The 18 Wheelers,0.015625,2
"132228, 145915",High Class Girl From The Country — Zephaniah And The 18 Wheelers | The Mountain's Lament — MMFFF,0.015625,2
"145129, 145911",Help Me After You Die [kat330 mash] — Kathleen Martin | Quantum — MMFFF,0.015625,2
