antecedent_song_ids,antecedent_songs,consequent_song_ids,consequent_songs,support,confidence,lift
737,Youe Deam Lover's On Video Again — Glass Candy,113354,Para Agradecer — Chicano Batman,0.03125,0.6666666666666666,14.222222222222221
113354,Para Agradecer — Chicano Batman,737,Youe Deam Lover's On Video Again — Glass Candy,0.03125,0.6666666666666666,14.222222222222221
745,Nite Nurses — Glass Candy,140585,Freedom — Taina Asili,0.0234375,0.5,12.8
19135,Somebody Knockin' — T-Model Ford,12792,500 Miles — Roger McGuinn,0.0234375,0.5,12.8
19137,"If You Love Me Like You Say — Paul ""Wine"" Jones",12792,500 Miles — Roger McGuinn,0.0234375,0.5,12.8
50888,DD Groove — Kevin MacLeod,12792,500 Miles — Roger McGuinn,0.0234375,0.5,12.8
140585,Freedom — Taina Asili,745,Nite Nurses — Glass Candy,0.0234375,0.6,12.799999999999999
12792,500 Miles — Roger McGuinn,19135,Somebody Knockin' — T-Model Ford,0.0234375,0.6,12.799999999999999
12792,500 Miles — Roger McGuinn,19137,"If You Love Me Like You Say — Paul ""Wine"" Jones",0.0234375,0.6,12.799999999999999
12792,500 Miles — Roger McGuinn,50888,DD Groove — Kevin MacLeod,0.0234375,0.6,12.799999999999999
4540,Doubt/Hope — Wildbirds and Peacedrums,3426,Hey Mr. Sun — Brother JT,0.03125,0.6666666666666666,12.19047619047619
114308,Hard Miles — Bryan Mathys,12574,Comeback Kid — Deano Waco,0.03125,0.6666666666666666,12.19047619047619
12790,Nobody Knows You When You're Down and Out — Roger McGuinn,19134,Wish I Was a Catfish — T-Model Ford,0.03125,0.6666666666666666,12.19047619047619
14014,Good BBQ — The Riptones,129499,Wishing Him Away — Big Sandy and His Fly-Rite Boys,0.03125,0.6666666666666666,12.19047619047619
50888,DD Groove — Kevin MacLeod,118654,Where You Do Belong — Cullah,0.03125,0.6666666666666666,12.19047619047619
114308,Hard Miles — Bryan Mathys,129499,Wishing Him Away — Big Sandy and His Fly-Rite Boys,0.03125,0.6666666666666666,12.19047619047619
3426,Hey Mr. Sun — Brother JT,4540,Doubt/Hope — Wildbirds and Peacedrums,0.03125,0.5714285714285714,12.19047619047619
12574,Comeback Kid — Deano Waco,114308,Hard Miles — Bryan Mathys,0.03125,0.5714285714285714,12.19047619047619
19134,Wish I Was a Catfish — T-Model Ford,12790,Nobody Knows You When You're Down and Out — Roger McGuinn,0.03125,0.5714285714285714,12.19047619047619
129499,Wishing Him Away — Big Sandy and His Fly-Rite Boys,14014,Good BBQ — The Riptones,0.03125,0.5714285714285714,12.19047619047619
118654,Where You Do Belong — Cullah,50888,DD Groove — Kevin MacLeod,0.03125,0.5714285714285714,12.19047619047619
129499,Wishing Him Away — Big Sandy and His Fly-Rite Boys,114308,Hard Miles — Bryan Mathys,0.03125,0.5714285714285714,12.19047619047619
20696,Balla! — Tracky Birthday,123638,The Glory of Life's Glory — Pimpstrut Local #13,0.0234375,0.75,12.0
123638,The Glory of Life's Glory — Pimpstrut Local #13,20696,Balla! — Tracky Birthday,0.0234375,0.375,12.0
19135,Somebody Knockin' — T-Model Ford,1044,Last Double Eagle — Little Howlin' Wolf,0.0390625,0.8333333333333334,11.851851851851853
1044,Last Double Eagle — Little Howlin' Wolf,19135,Somebody Knockin' — T-Model Ford,0.0390625,0.5555555555555556,11.851851851851853
129499,Wishing Him Away — Big Sandy and His Fly-Rite Boys,14898,Nothin' But Nothin' — Rex Hobart &amp; the Misery Boys,0.0390625,0.7142857142857143,11.428571428571429
14898,Nothin' But Nothin' — Rex Hobart &amp; the Misery Boys,129499,Wishing Him Away — Big Sandy and His Fly-Rite Boys,0.0390625,0.625,11.428571428571429
12792,500 Miles — Roger McGuinn,11957,Scared of My Own Blood A Cappella — Sunbyrn,0.0234375,0.6,10.971428571428572
12792,500 Miles — Roger McGuinn,118654,Where You Do Belong — Cullah,0.0234375,0.6,10.971428571428572
50891,Dirt Rhodes — Kevin MacLeod,118658,No Home — Cullah,0.0234375,0.6,10.971428571428572
11957,Scared of My Own Blood A Cappella — Sunbyrn,12792,500 Miles — Roger McGuinn,0.0234375,0.42857142857142855,10.971428571428572
118654,Where You Do Belong — Cullah,12792,500 Miles — Roger McGuinn,0.0234375,0.42857142857142855,10.971428571428572
118658,No Home — Cullah,50891,Dirt Rhodes — Kevin MacLeod,0.0234375,0.42857142857142855,10.971428571428572
12795,Going Down The Road Feeling Bad — Roger McGuinn,4538,There Is No Light — Wildbirds and Peacedrums,0.0390625,0.8333333333333334,10.666666666666668
736,You Are the Fly — Glass Candy,745,Nite Nurses — Glass Candy,0.0234375,0.5,10.666666666666666
745,Nite Nurses — Glass Candy,736,You Are the Fly — Glass Candy,0.0234375,0.5,10.666666666666666
20696,Balla! — Tracky Birthday,737,Youe Deam Lover's On Video Again — Glass Candy,0.015625,0.5,10.666666666666666
4538,There Is No Light — Wildbirds and Peacedrums,12795,Going Down The Road Feeling Bad — Roger McGuinn,0.0390625,0.5,10.666666666666666
4540,Doubt/Hope — Wildbirds and Peacedrums,13671,Good 'ol Shoe — Patchwork on the Blues,0.0234375,0.5,10.666666666666666
13671,Good 'ol Shoe — Patchwork on the Blues,4540,Doubt/Hope — Wildbirds and Peacedrums,0.0234375,0.5,10.666666666666666
118656,Gone Away — Cullah,4540,Doubt/Hope — Wildbirds and Peacedrums,0.0234375,0.5,10.666666666666666
4540,Doubt/Hope — Wildbirds and Peacedrums,118656,Gone Away — Cullah,0.0234375,0.5,10.666666666666666
114308,Hard Miles — Bryan Mathys,14014,Good BBQ — The Riptones,0.0234375,0.5,10.666666666666666
14014,Good BBQ — The Riptones,114308,Hard Miles — Bryan Mathys,0.0234375,0.5,10.666666666666666
50888,DD Groove — Kevin MacLeod,19135,Somebody Knockin' — T-Model Ford,0.0234375,0.5,10.666666666666666
19135,Somebody Knockin' — T-Model Ford,50888,DD Groove — Kevin MacLeod,0.0234375,0.5,10.666666666666666
20696,Balla! — Tracky Birthday,77381,Just Be — BJ Block & Dawn Pemberton,0.015625,0.5,10.666666666666666
20696,Balla! — Tracky Birthday,113354,Para Agradecer — Chicano Batman,0.015625,0.5,10.666666666666666
113354,Para Agradecer — Chicano Batman,77381,Just Be — BJ Block & Dawn Pemberton,0.0234375,0.5,10.666666666666666
77381,Just Be — BJ Block & Dawn Pemberton,113354,Para Agradecer — Chicano Batman,0.0234375,0.5,10.666666666666666
118873,Luxury — Jon Langford,114308,Hard Miles — Bryan Mathys,0.0234375,0.5,10.666666666666666
114308,Hard Miles — Bryan Mathys,118873,Luxury — Jon Langford,0.0234375,0.5,10.666666666666666
737,Youe Deam Lover's On Video Again — Glass Candy,20696,Balla! — Tracky Birthday,0.015625,0.3333333333333333,10.666666666666666
77381,Just Be — BJ Block & Dawn Pemberton,20696,Balla! — Tracky Birthday,0.015625,0.3333333333333333,10.666666666666666
113354,Para Agradecer — Chicano Batman,20696,Balla! — Tracky Birthday,0.015625,0.3333333333333333,10.666666666666666
129499,Wishing Him Away — Big Sandy and His Fly-Rite Boys,12574,Comeback Kid — Deano Waco,0.03125,0.5714285714285714,10.448979591836734
12574,Comeback Kid — Deano Waco,129499,Wishing Him Away — Big Sandy and His Fly-Rite Boys,0.03125,0.5714285714285714,10.448979591836734
12795,Going Down The Road Feeling Bad — Roger McGuinn,19132,I Love My Babe — T-Model Ford,0.03125,0.6666666666666666,9.481481481481481
50888,DD Groove — Kevin MacLeod,19132,I Love My Babe — T-Model Ford,0.03125,0.6666666666666666,9.481481481481481
128475,Blues do Cangaço — Molodoys,145129,Help Me After You Die [kat330 mash] — Kathleen Martin,0.03125,0.6666666666666666,9.481481481481481
19132,I Love My Babe — T-Model Ford,12795,Going Down The Road Feeling Bad — Roger McGuinn,0.03125,0.4444444444444444,9.481481481481481
19132,I Love My Babe — T-Model Ford,50888,DD Groove — Kevin MacLeod,0.03125,0.4444444444444444,9.481481481481481
145129,Help Me After You Die [kat330 mash] — Kathleen Martin,128475,Blues do Cangaço — Molodoys,0.03125,0.4444444444444444,9.481481481481481
118658,No Home — Cullah,4538,There Is No Light — Wildbirds and Peacedrums,0.0390625,0.7142857142857143,9.142857142857142
4536,I Can't Tell In His Eyes — Wildbirds and Peacedrums,3444,Hypocrite Shoes — Brother JT,0.03125,0.5714285714285714,9.142857142857142
19135,Somebody Knockin' — T-Model Ford,1043,I'm Shufflin' — Little Howlin' Wolf,0.0234375,0.5,9.142857142857142
128475,Blues do Cangaço — Molodoys,1043,I'm Shufflin' — Little Howlin' Wolf,0.0234375,0.5,9.142857142857142
4540,Doubt/Hope — Wildbirds and Peacedrums,3424,Interview — Brother JT,0.0234375,0.5,9.142857142857142
13671,Good 'ol Shoe — Patchwork on the Blues,3424,Interview — Brother JT,0.0234375,0.5,9.142857142857142
12795,Going Down The Road Feeling Bad — Roger McGuinn,3426,Hey Mr. Sun — Brother JT,0.0234375,0.5,9.142857142857142
74982,Little Miss Fortune — Megan Jean and the Klay Family Band,3426,Hey Mr. Sun — Brother JT,0.0234375,0.5,9.142857142857142
12795,Going Down The Road Feeling Bad — Roger McGuinn,3431,Throwaway — Brother JT,0.0234375,0.5,9.142857142857142
19137,"If You Love Me Like You Say — Paul ""Wine"" Jones",3431,Throwaway — Brother JT,0.0234375,0.5,9.142857142857142
50888,DD Groove — Kevin MacLeod,3431,Throwaway — Brother JT,0.0234375,0.5,9.142857142857142
118656,Gone Away — Cullah,3431,Throwaway — Brother JT,0.0234375,0.5,9.142857142857142
19135,Somebody Knockin' — T-Model Ford,3435,Let's Not And Say We Did — Brother JT,0.0234375,0.5,9.142857142857142
4540,Doubt/Hope — Wildbirds and Peacedrums,3440,Floatin' — Brother JT,0.0234375,0.5,9.142857142857142
19137,"If You Love Me Like You Say — Paul ""Wine"" Jones",3440,Floatin' — Brother JT,0.0234375,0.5,9.142857142857142
118656,Gone Away — Cullah,3440,Floatin' — Brother JT,0.0234375,0.5,9.142857142857142
3444,Hypocrite Shoes — Brother JT,4536,I Can't Tell In His Eyes — Wildbirds and Peacedrums,0.03125,0.5,9.142857142857142
118656,Gone Away — Cullah,4536,I Can't Tell In His Eyes — Wildbirds and Peacedrums,0.0234375,0.5,9.142857142857142
4538,There Is No Light — Wildbirds and Peacedrums,118658,No Home — Cullah,0.0390625,0.5,9.142857142857142
4540,Doubt/Hope — Wildbirds and Peacedrums,118658,No Home — Cullah,0.0234375,0.5,9.142857142857142
19137,"If You Love Me Like You Say — Paul ""Wine"" Jones",11957,Scared of My Own Blood A Cappella — Sunbyrn,0.0234375,0.5,9.142857142857142
50888,DD Groove — Kevin MacLeod,11957,Scared of My Own Blood A Cappella — Sunbyrn,0.0234375,0.5,9.142857142857142
14014,Good BBQ — The Riptones,12574,Comeback Kid — Deano Waco,0.0234375,0.5,9.142857142857142
74982,Little Miss Fortune — Megan Jean and the Klay Family Band,12574,Comeback Kid — Deano Waco,0.0234375,0.5,9.142857142857142
118873,Luxury — Jon Langford,12574,Comeback Kid — Deano Waco,0.0234375,0.5,9.142857142857142
12795,Going Down The Road Feeling Bad — Roger McGuinn,118658,No Home — Cullah,0.0234375,0.5,9.142857142857142
13671,Good 'ol Shoe — Patchwork on the Blues,118654,Where You Do Belong — Cullah,0.0234375,0.5,9.142857142857142
13671,Good 'ol Shoe — Patchwork on the Blues,118658,No Home — Cullah,0.0234375,0.5,9.142857142857142
74982,Little Miss Fortune — Megan Jean and the Klay Family Band,14899,I'll Never Sleep It Off — Rex Hobart &amp; the Misery Boys,0.0234375,0.5,9.142857142857142
19135,Somebody Knockin' — T-Model Ford,25067,Workin Boy Blues — Bombay Laughing Club,0.0234375,0.5,9.142857142857142
19135,Somebody Knockin' — T-Model Ford,118654,Where You Do Belong — Cullah,0.0234375,0.5,9.142857142857142
50888,DD Groove — Kevin MacLeod,25067,Workin Boy Blues — Bombay Laughing Club,0.0234375,0.5,9.142857142857142
128475,Blues do Cangaço — Molodoys,25067,Workin Boy Blues — Bombay Laughing Club,0.0234375,0.5,9.142857142857142
87598,Lift Off — Jahzzar,56177,We Don't Care (live at WFMU Record Fair) — CSC Funk Band,0.0234375,0.5,9.142857142857142
74982,Little Miss Fortune — Megan Jean and the Klay Family Band,129499,Wishing Him Away — Big Sandy and His Fly-Rite Boys,0.0234375,0.5,9.142857142857142
74982,Little Miss Fortune — Megan Jean and the Klay Family Band,132228,High Class Girl From The Country — Zephaniah And The 18 Wheelers,0.0234375,0.5,9.142857142857142
118873,Luxury — Jon Langford,129499,Wishing Him Away — Big Sandy and His Fly-Rite Boys,0.0234375,0.5,9.142857142857142
1043,I'm Shufflin' — Little Howlin' Wolf,19135,Somebody Knockin' — T-Model Ford,0.0234375,0.42857142857142855,9.142857142857142
1043,I'm Shufflin' — Little Howlin' Wolf,128475,Blues do Cangaço — Molodoys,0.0234375,0.42857142857142855,9.142857142857142
3424,Interview — Brother JT,4540,Doubt/Hope — Wildbirds and Peacedrums,0.0234375,0.42857142857142855,9.142857142857142
3424,Interview — Brother JT,13671,Good 'ol Shoe — Patchwork on the Blues,0.0234375,0.42857142857142855,9.142857142857142
3426,Hey Mr. Sun — Brother JT,12795,Going Down The Road Feeling Bad — Roger McGuinn,0.0234375,0.42857142857142855,9.142857142857142
3426,Hey Mr. Sun — Brother JT,74982,Little Miss Fortune — Megan Jean and the Klay Family Band,0.0234375,0.42857142857142855,9.142857142857142
3431,Throwaway — Brother JT,12795,Going Down The Road Feeling Bad — Roger McGuinn,0.0234375,0.42857142857142855,9.142857142857142
3431,Throwaway — Brother JT,19137,"If You Love Me Like You Say — Paul ""Wine"" Jones",0.0234375,0.42857142857142855,9.142857142857142
3431,Throwaway — Brother JT,50888,DD Groove — Kevin MacLeod,0.0234375,0.42857142857142855,9.142857142857142
3431,Throwaway — Brother JT,118656,Gone Away — Cullah,0.0234375,0.42857142857142855,9.142857142857142
3435,Let's Not And Say We Did — Brother JT,19135,Somebody Knockin' — T-Model Ford,0.0234375,0.42857142857142855,9.142857142857142
3440,Floatin' — Brother JT,4540,Doubt/Hope — Wildbirds and Peacedrums,0.0234375,0.42857142857142855,9.142857142857142
3440,Floatin' — Brother JT,19137,"If You Love Me Like You Say — Paul ""Wine"" Jones",0.0234375,0.42857142857142855,9.142857142857142
3440,Floatin' — Brother JT,118656,Gone Away — Cullah,0.0234375,0.42857142857142855,9.142857142857142
4536,I Can't Tell In His Eyes — Wildbirds and Peacedrums,118656,Gone Away — Cullah,0.0234375,0.42857142857142855,9.142857142857142
118658,No Home — Cullah,4540,Doubt/Hope — Wildbirds and Peacedrums,0.0234375,0.42857142857142855,9.142857142857142
11957,Scared of My Own Blood A Cappella — Sunbyrn,19137,"If You Love Me Like You Say — Paul ""Wine"" Jones",0.0234375,0.42857142857142855,9.142857142857142
11957,Scared of My Own Blood A Cappella — Sunbyrn,50888,DD Groove — Kevin MacLeod,0.0234375,0.42857142857142855,9.142857142857142
12574,Comeback Kid — Deano Waco,14014,Good BBQ — The Riptones,0.0234375,0.42857142857142855,9.142857142857142
12574,Comeback Kid — Deano Waco,74982,Little Miss Fortune — Megan Jean and the Klay Family Band,0.0234375,0.42857142857142855,9.142857142857142
12574,Comeback Kid — Deano Waco,118873,Luxury — Jon Langford,0.0234375,0.42857142857142855,9.142857142857142
118658,No Home — Cullah,12795,Going Down The Road Feeling Bad — Roger McGuinn,0.0234375,0.42857142857142855,9.142857142857142
118654,Where You Do Belong — Cullah,13671,Good 'ol Shoe — Patchwork on the Blues,0.0234375,0.42857142857142855,9.142857142857142
118658,No Home — Cullah,13671,Good 'ol Shoe — Patchwork on the Blues,0.0234375,0.42857142857142855,9.142857142857142
14899,I'll Never Sleep It Off — Rex Hobart &amp; the Misery Boys,74982,Little Miss Fortune — Megan Jean and the Klay Family Band,0.0234375,0.42857142857142855,9.142857142857142
25067,Workin Boy Blues — Bombay Laughing Club,19135,Somebody Knockin' — T-Model Ford,0.0234375,0.42857142857142855,9.142857142857142
118654,Where You Do Belong — Cullah,19135,Somebody Knockin' — T-Model Ford,0.0234375,0.42857142857142855,9.142857142857142
25067,Workin Boy Blues — Bombay Laughing Club,50888,DD Groove — Kevin MacLeod,0.0234375,0.42857142857142855,9.142857142857142
25067,Workin Boy Blues — Bombay Laughing Club,128475,Blues do Cangaço — Molodoys,0.0234375,0.42857142857142855,9.142857142857142
56177,We Don't Care (live at WFMU Record Fair) — CSC Funk Band,87598,Lift Off — Jahzzar,0.0234375,0.42857142857142855,9.142857142857142
129499,Wishing Him Away — Big Sandy and His Fly-Rite Boys,74982,Little Miss Fortune — Megan Jean and the Klay Family Band,0.0234375,0.42857142857142855,9.142857142857142
132228,High Class Girl From The Country — Zephaniah And The 18 Wheelers,74982,Little Miss Fortune — Megan Jean and the Klay Family Band,0.0234375,0.42857142857142855,9.142857142857142
129499,Wishing Him Away — Big Sandy and His Fly-Rite Boys,118873,Luxury — Jon Langford,0.0234375,0.42857142857142855,9.142857142857142
13671,Good 'ol Shoe — Patchwork on the Blues,4538,There Is No Light — Wildbirds and Peacedrums,0.03125,0.6666666666666666,8.533333333333333
19137,"If You Love Me Like You Say — Paul ""Wine"" Jones",4538,There Is No Light — Wildbirds and Peacedrums,0.03125,0.6666666666666666,8.533333333333333
12792,500 Miles — Roger McGuinn,1044,Last Double Eagle — Little Howlin' Wolf,0.0234375,0.6,8.533333333333333
50891,Dirt Rhodes — Kevin MacLeod,3425,Nothing Really — Brother JT,0.0234375,0.6,8.533333333333333
12792,500 Miles — Roger McGuinn,19132,I Love My Babe — T-Model Ford,0.0234375,0.6,8.533333333333333
87600,Venus — Jahzzar,736,You Are the Fly — Glass Candy,0.015625,0.4,8.533333333333333
87600,Venus — Jahzzar,745,Nite Nurses — Glass Candy,0.015625,0.4,8.533333333333333
4538,There Is No Light — Wildbirds and Peacedrums,13671,Good 'ol Shoe — Patchwork on the Blues,0.03125,0.4,8.533333333333333
4538,There Is No Light — Wildbirds and Peacedrums,19137,"If You Love Me Like You Say — Paul ""Wine"" Jones",0.03125,0.4,8.533333333333333
50891,Dirt Rhodes — Kevin MacLeod,4540,Doubt/Hope — Wildbirds and Peacedrums,0.015625,0.4,8.533333333333333
12792,500 Miles — Roger McGuinn,12790,Nobody Knows You When You're Down and Out — Roger McGuinn,0.015625,0.4,8.533333333333333
12792,500 Miles — Roger McGuinn,77381,Just Be — BJ Block & Dawn Pemberton,0.015625,0.4,8.533333333333333
50891,Dirt Rhodes — Kevin MacLeod,13671,Good 'ol Shoe — Patchwork on the Blues,0.015625,0.4,8.533333333333333
50891,Dirt Rhodes — Kevin MacLeod,19135,Somebody Knockin' — T-Model Ford,0.015625,0.4,8.533333333333333
50891,Dirt Rhodes — Kevin MacLeod,128475,Blues do Cangaço — Molodoys,0.015625,0.4,8.533333333333333
127048,Gravedigger — Cletus Got Shot,74982,Little Miss Fortune — Megan Jean and the Klay Family Band,0.015625,0.4,8.533333333333333
736,You Are the Fly — Glass Candy,87600,Venus — Jahzzar,0.015625,0.3333333333333333,8.533333333333333
745,Nite Nurses — Glass Candy,87600,Venus — Jahzzar,0.015625,0.3333333333333333,8.533333333333333
1044,Last Double Eagle — Little Howlin' Wolf,12792,500 Miles — Roger McGuinn,0.0234375,0.3333333333333333,8.533333333333333
3425,Nothing Really — Brother JT,50891,Dirt Rhodes — Kevin MacLeod,0.0234375,0.3333333333333333,8.533333333333333
4540,Doubt/Hope — Wildbirds and Peacedrums,50891,Dirt Rhodes — Kevin MacLeod,0.015625,0.3333333333333333,8.533333333333333
12790,Nobody Knows You When You're Down and Out — Roger McGuinn,12792,500 Miles — Roger McGuinn,0.015625,0.3333333333333333,8.533333333333333
19132,I Love My Babe — T-Model Ford,12792,500 Miles — Roger McGuinn,0.0234375,0.3333333333333333,8.533333333333333
77381,Just Be — BJ Block & Dawn Pemberton,12792,500 Miles — Roger McGuinn,0.015625,0.3333333333333333,8.533333333333333
13671,Good 'ol Shoe — Patchwork on the Blues,50891,Dirt Rhodes — Kevin MacLeod,0.015625,0.3333333333333333,8.533333333333333
19135,Somebody Knockin' — T-Model Ford,50891,Dirt Rhodes — Kevin MacLeod,0.015625,0.3333333333333333,8.533333333333333
128475,Blues do Cangaço — Molodoys,50891,Dirt Rhodes — Kevin MacLeod,0.015625,0.3333333333333333,8.533333333333333
74982,Little Miss Fortune — Megan Jean and the Klay Family Band,127048,Gravedigger — Cletus Got Shot,0.015625,0.3333333333333333,8.533333333333333
1043,I'm Shufflin' — Little Howlin' Wolf,19132,I Love My Babe — T-Model Ford,0.03125,0.5714285714285714,8.126984126984127
3424,Interview — Brother JT,1044,Last Double Eagle — Little Howlin' Wolf,0.03125,0.5714285714285714,8.126984126984127
25067,Workin Boy Blues — Bombay Laughing Club,3425,Nothing Really — Brother JT,0.03125,0.5714285714285714,8.126984126984127
61489,Fjcb Reddit Gtr Fills Mix — Phoephus,3425,Nothing Really — Brother JT,0.03125,0.5714285714285714,8.126984126984127
3426,Hey Mr. Sun — Brother JT,50892,Slow Burn — Kevin MacLeod,0.03125,0.5714285714285714,8.126984126984127
3426,Hey Mr. Sun — Brother JT,62435,Boulevard St Germain — Jahzzar,0.03125,0.5714285714285714,8.126984126984127
3431,Throwaway — Brother JT,19132,I Love My Babe — T-Model Ford,0.03125,0.5714285714285714,8.126984126984127
3435,Let's Not And Say We Did — Brother JT,62435,Boulevard St Germain — Jahzzar,0.03125,0.5714285714285714,8.126984126984127
3445,Young But Daily Growing — Brother JT,62435,Boulevard St Germain — Jahzzar,0.03125,0.5714285714285714,8.126984126984127
11957,Scared of My Own Blood A Cappella — Sunbyrn,62435,Boulevard St Germain — Jahzzar,0.03125,0.5714285714285714,8.126984126984127
118658,No Home — Cullah,145129,Help Me After You Die [kat330 mash] — Kathleen Martin,0.03125,0.5714285714285714,8.126984126984127
19132,I Love My Babe — T-Model Ford,1043,I'm Shufflin' — Little Howlin' Wolf,0.03125,0.4444444444444444,8.126984126984127
1044,Last Double Eagle — Little Howlin' Wolf,3424,Interview — Brother JT,0.03125,0.4444444444444444,8.126984126984127
3425,Nothing Really — Brother JT,25067,Workin Boy Blues — Bombay Laughing Club,0.03125,0.4444444444444444,8.126984126984127
3425,Nothing Really — Brother JT,61489,Fjcb Reddit Gtr Fills Mix — Phoephus,0.03125,0.4444444444444444,8.126984126984127
50892,Slow Burn — Kevin MacLeod,3426,Hey Mr. Sun — Brother JT,0.03125,0.4444444444444444,8.126984126984127
62435,Boulevard St Germain — Jahzzar,3426,Hey Mr. Sun — Brother JT,0.03125,0.4444444444444444,8.126984126984127
19132,I Love My Babe — T-Model Ford,3431,Throwaway — Brother JT,0.03125,0.4444444444444444,8.126984126984127
62435,Boulevard St Germain — Jahzzar,3435,Let's Not And Say We Did — Brother JT,0.03125,0.4444444444444444,8.126984126984127
62435,Boulevard St Germain — Jahzzar,3445,Young But Daily Growing — Brother JT,0.03125,0.4444444444444444,8.126984126984127
62435,Boulevard St Germain — Jahzzar,11957,Scared of My Own Blood A Cappella — Sunbyrn,0.03125,0.4444444444444444,8.126984126984127
145129,Help Me After You Die [kat330 mash] — Kathleen Martin,118658,No Home — Cullah,0.03125,0.4444444444444444,8.126984126984127
736,You Are the Fly — Glass Candy,123638,The Glory of Life's Glory — Pimpstrut Local #13,0.0234375,0.5,8.0
20696,Balla! — Tracky Birthday,740,Life After Sundown — Glass Candy,0.015625,0.5,8.0
77381,Just Be — BJ Block & Dawn Pemberton,740,Life After Sundown — Glass Candy,0.0234375,0.5,8.0
113354,Para Agradecer — Chicano Batman,740,Life After Sundown — Glass Candy,0.0234375,0.5,8.0
745,Nite Nurses — Glass Candy,123638,The Glory of Life's Glory — Pimpstrut Local #13,0.0234375,0.5,8.0
128475,Blues do Cangaço — Molodoys,3444,Hypocrite Shoes — Brother JT,0.0234375,0.5,8.0
128475,Blues do Cangaço — Molodoys,3842,Shes Too Fat — Little Howlin' Wolf,0.0234375,0.5,8.0
14014,Good BBQ — The Riptones,14898,Nothin' But Nothin' — Rex Hobart &amp; the Misery Boys,0.0234375,0.5,8.0
114308,Hard Miles — Bryan Mathys,14898,Nothin' But Nothin' — Rex Hobart &amp; the Misery Boys,0.0234375,0.5,8.0
20696,Balla! — Tracky Birthday,61487,Stormy Blues — Arne Bang Huseby,0.015625,0.5,8.0
77381,Just Be — BJ Block & Dawn Pemberton,61487,Stormy Blues — Arne Bang Huseby,0.0234375,0.5,8.0
123638,The Glory of Life's Glory — Pimpstrut Local #13,736,You Are the Fly — Glass Candy,0.0234375,0.375,8.0
740,Life After Sundown — Glass Candy,77381,Just Be — BJ Block & Dawn Pemberton,0.0234375,0.375,8.0
740,Life After Sundown — Glass Candy,113354,Para Agradecer — Chicano Batman,0.0234375,0.375,8.0
123638,The Glory of Life's Glory — Pimpstrut Local #13,745,Nite Nurses — Glass Candy,0.0234375,0.375,8.0
3444,Hypocrite Shoes — Brother JT,128475,Blues do Cangaço — Molodoys,0.0234375,0.375,8.0
3842,Shes Too Fat — Little Howlin' Wolf,128475,Blues do Cangaço — Molodoys,0.0234375,0.375,8.0
14898,Nothin' But Nothin' — Rex Hobart &amp; the Misery Boys,14014,Good BBQ — The Riptones,0.0234375,0.375,8.0
14898,Nothin' But Nothin' — Rex Hobart &amp; the Misery Boys,114308,Hard Miles — Bryan Mathys,0.0234375,0.375,8.0
61487,Stormy Blues — Arne Bang Huseby,77381,Just Be — BJ Block & Dawn Pemberton,0.0234375,0.375,8.0
740,Life After Sundown — Glass Candy,20696,Balla! — Tracky Birthday,0.015625,0.25,8.0
61487,Stormy Blues — Arne Bang Huseby,20696,Balla! — Tracky Birthday,0.015625,0.25,8.0
1043,I'm Shufflin' — Little Howlin' Wolf,3435,Let's Not And Say We Did — Brother JT,0.0234375,0.42857142857142855,7.836734693877551
3435,Let's Not And Say We Did — Brother JT,1043,I'm Shufflin' — Little Howlin' Wolf,0.0234375,0.42857142857142855,7.836734693877551
4536,I Can't Tell In His Eyes — Wildbirds and Peacedrums,1043,I'm Shufflin' — Little Howlin' Wolf,0.0234375,0.42857142857142855,7.836734693877551
1043,I'm Shufflin' — Little Howlin' Wolf,4536,I Can't Tell In His Eyes — Wildbirds and Peacedrums,0.0234375,0.42857142857142855,7.836734693877551
1043,I'm Shufflin' — Little Howlin' Wolf,25067,Workin Boy Blues — Bombay Laughing Club,0.0234375,0.42857142857142855,7.836734693877551
25067,Workin Boy Blues — Bombay Laughing Club,1043,I'm Shufflin' — Little Howlin' Wolf,0.0234375,0.42857142857142855,7.836734693877551
3424,Interview — Brother JT,3426,Hey Mr. Sun — Brother JT,0.0234375,0.42857142857142855,7.836734693877551
3426,Hey Mr. Sun — Brother JT,3424,Interview — Brother JT,0.0234375,0.42857142857142855,7.836734693877551
3424,Interview — Brother JT,3431,Throwaway — Brother JT,0.0234375,0.42857142857142855,7.836734693877551
3431,Throwaway — Brother JT,3424,Interview — Brother JT,0.0234375,0.42857142857142855,7.836734693877551
3440,Floatin' — Brother JT,3426,Hey Mr. Sun — Brother JT,0.0234375,0.42857142857142855,7.836734693877551
3426,Hey Mr. Sun — Brother JT,3440,Floatin' — Brother JT,0.0234375,0.42857142857142855,7.836734693877551
3426,Hey Mr. Sun — Brother JT,11957,Scared of My Own Blood A Cappella — Sunbyrn,0.0234375,0.42857142857142855,7.836734693877551
11957,Scared of My Own Blood A Cappella — Sunbyrn,3426,Hey Mr. Sun — Brother JT,0.0234375,0.42857142857142855,7.836734693877551
3426,Hey Mr. Sun — Brother JT,19134,Wish I Was a Catfish — T-Model Ford,0.0234375,0.42857142857142855,7.836734693877551
19134,Wish I Was a Catfish — T-Model Ford,3426,Hey Mr. Sun — Brother JT,0.0234375,0.42857142857142855,7.836734693877551
118657,To The Rhythm of the Funk — Cullah,3426,Hey Mr. Sun — Brother JT,0.0234375,0.42857142857142855,7.836734693877551
3426,Hey Mr. Sun — Brother JT,118657,To The Rhythm of the Funk — Cullah,0.0234375,0.42857142857142855,7.836734693877551
3426,Hey Mr. Sun — Brother JT,118658,No Home — Cullah,0.0234375,0.42857142857142855,7.836734693877551
118658,No Home — Cullah,3426,Hey Mr. Sun — Brother JT,0.0234375,0.42857142857142855,7.836734693877551
4536,I Can't Tell In His Eyes — Wildbirds and Peacedrums,3431,Throwaway — Brother JT,0.0234375,0.42857142857142855,7.836734693877551
3431,Throwaway — Brother JT,4536,I Can't Tell In His Eyes — Wildbirds and Peacedrums,0.0234375,0.42857142857142855,7.836734693877551
118657,To The Rhythm of the Funk — Cullah,3435,Let's Not And Say We Did — Brother JT,0.0234375,0.42857142857142855,7.836734693877551
3435,Let's Not And Say We Did — Brother JT,118657,To The Rhythm of the Funk — Cullah,0.0234375,0.42857142857142855,7.836734693877551
3440,Floatin' — Brother JT,19134,Wish I Was a Catfish — T-Model Ford,0.0234375,0.42857142857142855,7.836734693877551
19134,Wish I Was a Catfish — T-Model Ford,3440,Floatin' — Brother JT,0.0234375,0.42857142857142855,7.836734693877551
3716,I Got to Cross the River Jordan — Immortal Lee County Killers,12574,Comeback Kid — Deano Waco,0.0234375,0.42857142857142855,7.836734693877551
12574,Comeback Kid — Deano Waco,3716,I Got to Cross the River Jordan — Immortal Lee County Killers,0.0234375,0.42857142857142855,7.836734693877551
129499,Wishing Him Away — Big Sandy and His Fly-Rite Boys,3716,I Got to Cross the River Jordan — Immortal Lee County Killers,0.0234375,0.42857142857142855,7.836734693877551
3716,I Got to Cross the River Jordan — Immortal Lee County Killers,129499,Wishing Him Away — Big Sandy and His Fly-Rite Boys,0.0234375,0.42857142857142855,7.836734693877551
4536,I Can't Tell In His Eyes — Wildbirds and Peacedrums,61489,Fjcb Reddit Gtr Fills Mix — Phoephus,0.0234375,0.42857142857142855,7.836734693877551
61489,Fjcb Reddit Gtr Fills Mix — Phoephus,4536,I Can't Tell In His Eyes — Wildbirds and Peacedrums,0.0234375,0.42857142857142855,7.836734693877551
11957,Scared of My Own Blood A Cappella — Sunbyrn,19134,Wish I Was a Catfish — T-Model Ford,0.0234375,0.42857142857142855,7.836734693877551
19134,Wish I Was a Catfish — T-Model Ford,11957,Scared of My Own Blood A Cappella — Sunbyrn,0.0234375,0.42857142857142855,7.836734693877551
11957,Scared of My Own Blood A Cappella — Sunbyrn,118654,Where You Do Belong — Cullah,0.0234375,0.42857142857142855,7.836734693877551
118654,Where You Do Belong — Cullah,11957,Scared of My Own Blood A Cappella — Sunbyrn,0.0234375,0.42857142857142855,7.836734693877551
118658,No Home — Cullah,11957,Scared of My Own Blood A Cappella — Sunbyrn,0.0234375,0.42857142857142855,7.836734693877551
11957,Scared of My Own Blood A Cappella — Sunbyrn,118658,No Home — Cullah,0.0234375,0.42857142857142855,7.836734693877551
25067,Workin Boy Blues — Bombay Laughing Club,19134,Wish I Was a Catfish — T-Model Ford,0.0234375,0.42857142857142855,7.836734693877551
19134,Wish I Was a Catfish — T-Model Ford,25067,Workin Boy Blues — Bombay Laughing Club,0.0234375,0.42857142857142855,7.836734693877551
56177,We Don't Care (live at WFMU Record Fair) — CSC Funk Band,28277,Funk Shoppe — CSC Funk Band,0.0234375,0.42857142857142855,7.836734693877551
28277,Funk Shoppe — CSC Funk Band,56177,We Don't Care (live at WFMU Record Fair) — CSC Funk Band,0.0234375,0.42857142857142855,7.836734693877551
118874,Tubby Brothers — Jon Langford,129499,Wishing Him Away — Big Sandy and His Fly-Rite Boys,0.0234375,0.42857142857142855,7.836734693877551
129499,Wishing Him Away — Big Sandy and His Fly-Rite Boys,118874,Tubby Brothers — Jon Langford,0.0234375,0.42857142857142855,7.836734693877551
129499,Wishing Him Away — Big Sandy and His Fly-Rite Boys,129502,Don't Sweetheart Me — Big Sandy and His Fly-Rite Boys,0.0234375,0.42857142857142855,7.836734693877551
129502,Don't Sweetheart Me — Big Sandy and His Fly-Rite Boys,129499,Wishing Him Away — Big Sandy and His Fly-Rite Boys,0.0234375,0.42857142857142855,7.836734693877551
129499,Wishing Him Away — Big Sandy and His Fly-Rite Boys,132228,High Class Girl From The Country — Zephaniah And The 18 Wheelers,0.0234375,0.42857142857142855,7.836734693877551
132228,High Class Girl From The Country — Zephaniah And The 18 Wheelers,129499,Wishing Him Away — Big Sandy and His Fly-Rite Boys,0.0234375,0.42857142857142855,7.836734693877551
59173,She Gets All That She Wants — Ignatz,19135,Somebody Knockin' — T-Model Ford,0.03125,0.36363636363636365,7.757575757575758
19135,Somebody Knockin' — T-Model Ford,59173,She Gets All That She Wants — Ignatz,0.03125,0.6666666666666666,7.757575757575757
12792,500 Miles — Roger McGuinn,1043,I'm Shufflin' — Little Howlin' Wolf,0.015625,0.4,7.314285714285715
50891,Dirt Rhodes — Kevin MacLeod,3424,Interview — Brother JT,0.015625,0.4,7.314285714285715
127048,Gravedigger — Cletus Got Shot,3424,Interview — Brother JT,0.015625,0.4,7.314285714285715
4538,There Is No Light — Wildbirds and Peacedrums,3426,Hey Mr. Sun — Brother JT,0.03125,0.4,7.314285714285715
50891,Dirt Rhodes — Kevin MacLeod,3426,Hey Mr. Sun — Brother JT,0.015625,0.4,7.314285714285715
50891,Dirt Rhodes — Kevin MacLeod,3435,Let's Not And Say We Did — Brother JT,0.015625,0.4,7.314285714285715
50891,Dirt Rhodes — Kevin MacLeod,3440,Floatin' — Brother JT,0.015625,0.4,7.314285714285715
4538,There Is No Light — Wildbirds and Peacedrums,3445,Young But Daily Growing — Brother JT,0.03125,0.4,7.314285714285715
50891,Dirt Rhodes — Kevin MacLeod,3445,Young But Daily Growing — Brother JT,0.015625,0.4,7.314285714285715
127048,Gravedigger — Cletus Got Shot,3445,Young But Daily Growing — Brother JT,0.015625,0.4,7.314285714285715
4538,There Is No Light — Wildbirds and Peacedrums,11957,Scared of My Own Blood A Cappella — Sunbyrn,0.03125,0.4,7.314285714285715
12792,500 Miles — Roger McGuinn,11209,Cornbread Sally — Sawtooth Mountain Boys,0.015625,0.4,7.314285714285715
127048,Gravedigger — Cletus Got Shot,12574,Comeback Kid — Deano Waco,0.015625,0.4,7.314285714285715
12792,500 Miles — Roger McGuinn,19134,Wish I Was a Catfish — T-Model Ford,0.015625,0.4,7.314285714285715
12792,500 Miles — Roger McGuinn,25067,Workin Boy Blues — Bombay Laughing Club,0.015625,0.4,7.314285714285715
50891,Dirt Rhodes — Kevin MacLeod,19134,Wish I Was a Catfish — T-Model Ford,0.015625,0.4,7.314285714285715
87600,Venus — Jahzzar,28277,Funk Shoppe — CSC Funk Band,0.015625,0.4,7.314285714285715
140585,Freedom — Taina Asili,28277,Funk Shoppe — CSC Funk Band,0.015625,0.4,7.314285714285715
50891,Dirt Rhodes — Kevin MacLeod,118657,To The Rhythm of the Funk — Cullah,0.015625,0.4,7.314285714285715
127048,Gravedigger — Cletus Got Shot,132228,High Class Girl From The Country — Zephaniah And The 18 Wheelers,0.015625,0.4,7.314285714285715
3426,Hey Mr. Sun — Brother JT,4538,There Is No Light — Wildbirds and Peacedrums,0.03125,0.5714285714285714,7.314285714285714
3445,Young But Daily Growing — Brother JT,4538,There Is No Light — Wildbirds and Peacedrums,0.03125,0.5714285714285714,7.314285714285714
11957,Scared of My Own Blood A Cappella — Sunbyrn,4538,There Is No Light — Wildbirds and Peacedrums,0.03125,0.5714285714285714,7.314285714285714
1043,I'm Shufflin' — Little Howlin' Wolf,12792,500 Miles — Roger McGuinn,0.015625,0.2857142857142857,7.314285714285714
3424,Interview — Brother JT,50891,Dirt Rhodes — Kevin MacLeod,0.015625,0.2857142857142857,7.314285714285714
3424,Interview — Brother JT,127048,Gravedigger — Cletus Got Shot,0.015625,0.2857142857142857,7.314285714285714
3426,Hey Mr. Sun — Brother JT,50891,Dirt Rhodes — Kevin MacLeod,0.015625,0.2857142857142857,7.314285714285714
3435,Let's Not And Say We Did — Brother JT,50891,Dirt Rhodes — Kevin MacLeod,0.015625,0.2857142857142857,7.314285714285714
3440,Floatin' — Brother JT,50891,Dirt Rhodes — Kevin MacLeod,0.015625,0.2857142857142857,7.314285714285714
3445,Young But Daily Growing — Brother JT,50891,Dirt Rhodes — Kevin MacLeod,0.015625,0.2857142857142857,7.314285714285714
3445,Young But Daily Growing — Brother JT,127048,Gravedigger — Cletus Got Shot,0.015625,0.2857142857142857,7.314285714285714
11209,Cornbread Sally — Sawtooth Mountain Boys,12792,500 Miles — Roger McGuinn,0.015625,0.2857142857142857,7.314285714285714
12574,Comeback Kid — Deano Waco,127048,Gravedigger — Cletus Got Shot,0.015625,0.2857142857142857,7.314285714285714
19134,Wish I Was a Catfish — T-Model Ford,12792,500 Miles — Roger McGuinn,0.015625,0.2857142857142857,7.314285714285714
25067,Workin Boy Blues — Bombay Laughing Club,12792,500 Miles — Roger McGuinn,0.015625,0.2857142857142857,7.314285714285714
19134,Wish I Was a Catfish — T-Model Ford,50891,Dirt Rhodes — Kevin MacLeod,0.015625,0.2857142857142857,7.314285714285714
28277,Funk Shoppe — CSC Funk Band,87600,Venus — Jahzzar,0.015625,0.2857142857142857,7.314285714285714
28277,Funk Shoppe — CSC Funk Band,140585,Freedom — Taina Asili,0.015625,0.2857142857142857,7.314285714285714
118657,To The Rhythm of the Funk — Cullah,50891,Dirt Rhodes — Kevin MacLeod,0.015625,0.2857142857142857,7.314285714285714
132228,High Class Girl From The Country — Zephaniah And The 18 Wheelers,127048,Gravedigger — Cletus Got Shot,0.015625,0.2857142857142857,7.314285714285714
4540,Doubt/Hope — Wildbirds and Peacedrums,1044,Last Double Eagle — Little Howlin' Wolf,0.0234375,0.5,7.111111111111111
12790,Nobody Knows You When You're Down and Out — Roger McGuinn,1044,Last Double Eagle — Little Howlin' Wolf,0.0234375,0.5,7.111111111111111
13671,Good 'ol Shoe — Patchwork on the Blues,1044,Last Double Eagle — Little Howlin' Wolf,0.0234375,0.5,7.111111111111111
19137,"If You Love Me Like You Say — Paul ""Wine"" Jones",1044,Last Double Eagle — Little Howlin' Wolf,0.0234375,0.5,7.111111111111111
50888,DD Groove — Kevin MacLeod,1044,Last Double Eagle — Little Howlin' Wolf,0.0234375,0.5,7.111111111111111
77381,Just Be — BJ Block & Dawn Pemberton,1044,Last Double Eagle — Little Howlin' Wolf,0.0234375,0.5,7.111111111111111
3444,Hypocrite Shoes — Brother JT,3425,Nothing Really — Brother JT,0.03125,0.5,7.111111111111111
19135,Somebody Knockin' — T-Model Ford,3425,Nothing Really — Brother JT,0.0234375,0.5,7.111111111111111
128475,Blues do Cangaço — Molodoys,3425,Nothing Really — Brother JT,0.0234375,0.5,7.111111111111111
3444,Hypocrite Shoes — Brother JT,145129,Help Me After You Die [kat330 mash] — Kathleen Martin,0.03125,0.5,7.111111111111111
4540,Doubt/Hope — Wildbirds and Peacedrums,50892,Slow Burn — Kevin MacLeod,0.0234375,0.5,7.111111111111111
12795,Going Down The Road Feeling Bad — Roger McGuinn,145129,Help Me After You Die [kat330 mash] — Kathleen Martin,0.0234375,0.5,7.111111111111111
13671,Good 'ol Shoe — Patchwork on the Blues,145129,Help Me After You Die [kat330 mash] — Kathleen Martin,0.0234375,0.5,7.111111111111111
19135,Somebody Knockin' — T-Model Ford,19132,I Love My Babe — T-Model Ford,0.0234375,0.5,7.111111111111111
19137,"If You Love Me Like You Say — Paul ""Wine"" Jones",19132,I Love My Babe — T-Model Ford,0.0234375,0.5,7.111111111111111
74982,Little Miss Fortune — Megan Jean and the Klay Family Band,50892,Slow Burn — Kevin MacLeod,0.0234375,0.5,7.111111111111111
74982,Little Miss Fortune — Megan Jean and the Klay Family Band,62435,Boulevard St Germain — Jahzzar,0.0234375,0.5,7.111111111111111
118656,Gone Away — Cullah,145129,Help Me After You Die [kat330 mash] — Kathleen Martin,0.0234375,0.5,7.111111111111111
3425,Nothing Really — Brother JT,3444,Hypocrite Shoes — Brother JT,0.03125,0.4444444444444444,7.111111111111111
145129,Help Me After You Die [kat330 mash] — Kathleen Martin,3444,Hypocrite Shoes — Brother JT,0.03125,0.4444444444444444,7.111111111111111
736,You Are the Fly — Glass Candy,23539,Can Opener — The Discoghosts,0.015625,0.3333333333333333,7.111111111111111
23539,Can Opener — The Discoghosts,736,You Are the Fly — Glass Candy,0.015625,0.3333333333333333,7.111111111111111
736,You Are the Fly — Glass Candy,87598,Lift Off — Jahzzar,0.015625,0.3333333333333333,7.111111111111111
87598,Lift Off — Jahzzar,736,You Are the Fly — Glass Candy,0.015625,0.3333333333333333,7.111111111111111
737,Youe Deam Lover's On Video Again — Glass Candy,23539,Can Opener — The Discoghosts,0.015625,0.3333333333333333,7.111111111111111
23539,Can Opener — The Discoghosts,737,Youe Deam Lover's On Video Again — Glass Candy,0.015625,0.3333333333333333,7.111111111111111
737,Youe Deam Lover's On Video Again — Glass Candy,77381,Just Be — BJ Block & Dawn Pemberton,0.015625,0.3333333333333333,7.111111111111111
77381,Just Be — BJ Block & Dawn Pemberton,737,Youe Deam Lover's On Video Again — Glass Candy,0.015625,0.3333333333333333,7.111111111111111
745,Nite Nurses — Glass Candy,23539,Can Opener — The Discoghosts,0.015625,0.3333333333333333,7.111111111111111
23539,Can Opener — The Discoghosts,745,Nite Nurses — Glass Candy,0.015625,0.3333333333333333,7.111111111111111
745,Nite Nurses — Glass Candy,50884,Aces High — Kevin MacLeod,0.015625,0.3333333333333333,7.111111111111111
50884,Aces High — Kevin MacLeod,745,Nite Nurses — Glass Candy,0.015625,0.3333333333333333,7.111111111111111
1044,Last Double Eagle — Little Howlin' Wolf,4540,Doubt/Hope — Wildbirds and Peacedrums,0.0234375,0.3333333333333333,7.111111111111111
1044,Last Double Eagle — Little Howlin' Wolf,12790,Nobody Knows You When You're Down and Out — Roger McGuinn,0.0234375,0.3333333333333333,7.111111111111111
1044,Last Double Eagle — Little Howlin' Wolf,13671,Good 'ol Shoe — Patchwork on the Blues,0.0234375,0.3333333333333333,7.111111111111111
1044,Last Double Eagle — Little Howlin' Wolf,19137,"If You Love Me Like You Say — Paul ""Wine"" Jones",0.0234375,0.3333333333333333,7.111111111111111
1044,Last Double Eagle — Little Howlin' Wolf,50888,DD Groove — Kevin MacLeod,0.0234375,0.3333333333333333,7.111111111111111
1044,Last Double Eagle — Little Howlin' Wolf,77381,Just Be — BJ Block & Dawn Pemberton,0.0234375,0.3333333333333333,7.111111111111111
3425,Nothing Really — Brother JT,19135,Somebody Knockin' — T-Model Ford,0.0234375,0.3333333333333333,7.111111111111111
3425,Nothing Really — Brother JT,128475,Blues do Cangaço — Molodoys,0.0234375,0.3333333333333333,7.111111111111111
12795,Going Down The Road Feeling Bad — Roger McGuinn,4540,Doubt/Hope — Wildbirds and Peacedrums,0.015625,0.3333333333333333,7.111111111111111
4540,Doubt/Hope — Wildbirds and Peacedrums,12795,Going Down The Road Feeling Bad — Roger McGuinn,0.015625,0.3333333333333333,7.111111111111111
4540,Doubt/Hope — Wildbirds and Peacedrums,19135,Somebody Knockin' — T-Model Ford,0.015625,0.3333333333333333,7.111111111111111
19135,Somebody Knockin' — T-Model Ford,4540,Doubt/Hope — Wildbirds and Peacedrums,0.015625,0.3333333333333333,7.111111111111111
50892,Slow Burn — Kevin MacLeod,4540,Doubt/Hope — Wildbirds and Peacedrums,0.0234375,0.3333333333333333,7.111111111111111
4540,Doubt/Hope — Wildbirds and Peacedrums,74982,Little Miss Fortune — Megan Jean and the Klay Family Band,0.015625,0.3333333333333333,7.111111111111111
74982,Little Miss Fortune — Megan Jean and the Klay Family Band,4540,Doubt/Hope — Wildbirds and Peacedrums,0.015625,0.3333333333333333,7.111111111111111
12795,Going Down The Road Feeling Bad — Roger McGuinn,12790,Nobody Knows You When You're Down and Out — Roger McGuinn,0.015625,0.3333333333333333,7.111111111111111
12790,Nobody Knows You When You're Down and Out — Roger McGuinn,12795,Going Down The Road Feeling Bad — Roger McGuinn,0.015625,0.3333333333333333,7.111111111111111
12790,Nobody Knows You When You're Down and Out — Roger McGuinn,19135,Somebody Knockin' — T-Model Ford,0.015625,0.3333333333333333,7.111111111111111
19135,Somebody Knockin' — T-Model Ford,12790,Nobody Knows You When You're Down and Out — Roger McGuinn,0.015625,0.3333333333333333,7.111111111111111
19137,"If You Love Me Like You Say — Paul ""Wine"" Jones",12790,Nobody Knows You When You're Down and Out — Roger McGuinn,0.015625,0.3333333333333333,7.111111111111111
12790,Nobody Knows You When You're Down and Out — Roger McGuinn,19137,"If You Love Me Like You Say — Paul ""Wine"" Jones",0.015625,0.3333333333333333,7.111111111111111
50888,DD Groove — Kevin MacLeod,12790,Nobody Knows You When You're Down and Out — Roger McGuinn,0.015625,0.3333333333333333,7.111111111111111
12790,Nobody Knows You When You're Down and Out — Roger McGuinn,50888,DD Groove — Kevin MacLeod,0.015625,0.3333333333333333,7.111111111111111
77381,Just Be — BJ Block & Dawn Pemberton,12790,Nobody Knows You When You're Down and Out — Roger McGuinn,0.015625,0.3333333333333333,7.111111111111111
12790,Nobody Knows You When You're Down and Out — Roger McGuinn,77381,Just Be — BJ Block & Dawn Pemberton,0.015625,0.3333333333333333,7.111111111111111
113354,Para Agradecer — Chicano Batman,12790,Nobody Knows You When You're Down and Out — Roger McGuinn,0.015625,0.3333333333333333,7.111111111111111
12790,Nobody Knows You When You're Down and Out — Roger McGuinn,113354,Para Agradecer — Chicano Batman,0.015625,0.3333333333333333,7.111111111111111
12795,Going Down The Road Feeling Bad — Roger McGuinn,13671,Good 'ol Shoe — Patchwork on the Blues,0.015625,0.3333333333333333,7.111111111111111
13671,Good 'ol Shoe — Patchwork on the Blues,12795,Going Down The Road Feeling Bad — Roger McGuinn,0.015625,0.3333333333333333,7.111111111111111
19137,"If You Love Me Like You Say — Paul ""Wine"" Jones",12795,Going Down The Road Feeling Bad — Roger McGuinn,0.015625,0.3333333333333333,7.111111111111111
12795,Going Down The Road Feeling Bad — Roger McGuinn,19137,"If You Love Me Like You Say — Paul ""Wine"" Jones",0.015625,0.3333333333333333,7.111111111111111
50888,DD Groove — Kevin MacLeod,12795,Going Down The Road Feeling Bad — Roger McGuinn,0.015625,0.3333333333333333,7.111111111111111
12795,Going Down The Road Feeling Bad — Roger McGuinn,50888,DD Groove — Kevin MacLeod,0.015625,0.3333333333333333,7.111111111111111
12795,Going Down The Road Feeling Bad — Roger McGuinn,128475,Blues do Cangaço — Molodoys,0.015625,0.3333333333333333,7.111111111111111
128475,Blues do Cangaço — Molodoys,12795,Going Down The Road Feeling Bad — Roger McGuinn,0.015625,0.3333333333333333,7.111111111111111
145129,Help Me After You Die [kat330 mash] — Kathleen Martin,12795,Going Down The Road Feeling Bad — Roger McGuinn,0.0234375,0.3333333333333333,7.111111111111111
13671,Good 'ol Shoe — Patchwork on the Blues,19135,Somebody Knockin' — T-Model Ford,0.015625,0.3333333333333333,7.111111111111111
19135,Somebody Knockin' — T-Model Ford,13671,Good 'ol Shoe — Patchwork on the Blues,0.015625,0.3333333333333333,7.111111111111111
118656,Gone Away — Cullah,13671,Good 'ol Shoe — Patchwork on the Blues,0.015625,0.3333333333333333,7.111111111111111
13671,Good 'ol Shoe — Patchwork on the Blues,118656,Gone Away — Cullah,0.015625,0.3333333333333333,7.111111111111111
128475,Blues do Cangaço — Molodoys,13671,Good 'ol Shoe — Patchwork on the Blues,0.015625,0.3333333333333333,7.111111111111111
13671,Good 'ol Shoe — Patchwork on the Blues,128475,Blues do Cangaço — Molodoys,0.015625,0.3333333333333333,7.111111111111111
145129,Help Me After You Die [kat330 mash] — Kathleen Martin,13671,Good 'ol Shoe — Patchwork on the Blues,0.0234375,0.3333333333333333,7.111111111111111
74982,Little Miss Fortune — Megan Jean and the Klay Family Band,14014,Good BBQ — The Riptones,0.015625,0.3333333333333333,7.111111111111111
14014,Good BBQ — The Riptones,74982,Little Miss Fortune — Megan Jean and the Klay Family Band,0.015625,0.3333333333333333,7.111111111111111
118873,Luxury — Jon Langford,14014,Good BBQ — The Riptones,0.015625,0.3333333333333333,7.111111111111111
14014,Good BBQ — The Riptones,118873,Luxury — Jon Langford,0.015625,0.3333333333333333,7.111111111111111
129492,How Did You Love Someone Like Me — Big Sandy and His Fly-Rite Boys,14014,Good BBQ — The Riptones,0.015625,0.3333333333333333,7.111111111111111
14014,Good BBQ — The Riptones,129492,How Did You Love Someone Like Me — Big Sandy and His Fly-Rite Boys,0.015625,0.3333333333333333,7.111111111111111
14017,I Can't and I Won't — The Riptones,74982,Little Miss Fortune — Megan Jean and the Klay Family Band,0.015625,0.3333333333333333,7.111111111111111
74982,Little Miss Fortune — Megan Jean and the Klay Family Band,14017,I Can't and I Won't — The Riptones,0.015625,0.3333333333333333,7.111111111111111
19132,I Love My Babe — T-Model Ford,19135,Somebody Knockin' — T-Model Ford,0.0234375,0.3333333333333333,7.111111111111111
19132,I Love My Babe — T-Model Ford,19137,"If You Love Me Like You Say — Paul ""Wine"" Jones",0.0234375,0.3333333333333333,7.111111111111111
19137,"If You Love Me Like You Say — Paul ""Wine"" Jones",19135,Somebody Knockin' — T-Model Ford,0.015625,0.3333333333333333,7.111111111111111
19135,Somebody Knockin' — T-Model Ford,19137,"If You Love Me Like You Say — Paul ""Wine"" Jones",0.015625,0.3333333333333333,7.111111111111111
77381,Just Be — BJ Block & Dawn Pemberton,19135,Somebody Knockin' — T-Model Ford,0.015625,0.3333333333333333,7.111111111111111
19135,Somebody Knockin' — T-Model Ford,77381,Just Be — BJ Block & Dawn Pemberton,0.015625,0.3333333333333333,7.111111111111111
128475,Blues do Cangaço — Molodoys,19135,Somebody Knockin' — T-Model Ford,0.015625,0.3333333333333333,7.111111111111111
19135,Somebody Knockin' — T-Model Ford,128475,Blues do Cangaço — Molodoys,0.015625,0.3333333333333333,7.111111111111111
50888,DD Groove — Kevin MacLeod,19137,"If You Love Me Like You Say — Paul ""Wine"" Jones",0.015625,0.3333333333333333,7.111111111111111
19137,"If You Love Me Like You Say — Paul ""Wine"" Jones",50888,DD Groove — Kevin MacLeod,0.015625,0.3333333333333333,7.111111111111111
118656,Gone Away — Cullah,19137,"If You Love Me Like You Say — Paul ""Wine"" Jones",0.015625,0.3333333333333333,7.111111111111111
19137,"If You Love Me Like You Say — Paul ""Wine"" Jones",118656,Gone Away — Cullah,0.015625,0.3333333333333333,7.111111111111111
23539,Can Opener — The Discoghosts,77381,Just Be — BJ Block & Dawn Pemberton,0.015625,0.3333333333333333,7.111111111111111
77381,Just Be — BJ Block & Dawn Pemberton,23539,Can Opener — The Discoghosts,0.015625,0.3333333333333333,7.111111111111111
113354,Para Agradecer — Chicano Batman,23539,Can Opener — The Discoghosts,0.015625,0.3333333333333333,7.111111111111111
23539,Can Opener — The Discoghosts,113354,Para Agradecer — Chicano Batman,0.015625,0.3333333333333333,7.111111111111111
113354,Para Agradecer — Chicano Batman,50884,Aces High — Kevin MacLeod,0.015625,0.3333333333333333,7.111111111111111
50884,Aces High — Kevin MacLeod,113354,Para Agradecer — Chicano Batman,0.015625,0.3333333333333333,7.111111111111111
50892,Slow Burn — Kevin MacLeod,74982,Little Miss Fortune — Megan Jean and the Klay Family Band,0.0234375,0.3333333333333333,7.111111111111111
62435,Boulevard St Germain — Jahzzar,74982,Little Miss Fortune — Megan Jean and the Klay Family Band,0.0234375,0.3333333333333333,7.111111111111111
114308,Hard Miles — Bryan Mathys,74982,Little Miss Fortune — Megan Jean and the Klay Family Band,0.015625,0.3333333333333333,7.111111111111111
74982,Little Miss Fortune — Megan Jean and the Klay Family Band,114308,Hard Miles — Bryan Mathys,0.015625,0.3333333333333333,7.111111111111111
129492,How Did You Love Someone Like Me — Big Sandy and His Fly-Rite Boys,114308,Hard Miles — Bryan Mathys,0.015625,0.3333333333333333,7.111111111111111
114308,Hard Miles — Bryan Mathys,129492,How Did You Love Someone Like Me — Big Sandy and His Fly-Rite Boys,0.015625,0.3333333333333333,7.111111111111111
129496,Happy Birthday — Big Sandy and His Fly-Rite Boys,114308,Hard Miles — Bryan Mathys,0.015625,0.3333333333333333,7.111111111111111
114308,Hard Miles — Bryan Mathys,129496,Happy Birthday — Big Sandy and His Fly-Rite Boys,0.015625,0.3333333333333333,7.111111111111111
145129,Help Me After You Die [kat330 mash] — Kathleen Martin,118656,Gone Away — Cullah,0.0234375,0.3333333333333333,7.111111111111111
118873,Luxury — Jon Langford,129492,How Did You Love Someone Like Me — Big Sandy and His Fly-Rite Boys,0.015625,0.3333333333333333,7.111111111111111
129492,How Did You Love Someone Like Me — Big Sandy and His Fly-Rite Boys,118873,Luxury — Jon Langford,0.015625,0.3333333333333333,7.111111111111111
129496,Happy Birthday — Big Sandy and His Fly-Rite Boys,129492,How Did You Love Someone Like Me — Big Sandy and His Fly-Rite Boys,0.015625,0.3333333333333333,7.111111111111111
129492,How Did You Love Someone Like Me — Big Sandy and His Fly-Rite Boys,129496,Happy Birthday — Big Sandy and His Fly-Rite Boys,0.015625,0.3333333333333333,7.111111111111111
3440,Floatin' — Brother JT,61487,Stormy Blues — Arne Bang Huseby,0.0234375,0.42857142857142855,6.857142857142857
3445,Young But Daily Growing — Brother JT,61487,Stormy Blues — Arne Bang Huseby,0.0234375,0.42857142857142855,6.857142857142857
12574,Comeback Kid — Deano Waco,14898,Nothin' But Nothin' — Rex Hobart &amp; the Misery Boys,0.0234375,0.42857142857142855,6.857142857142857
132228,High Class Girl From The Country — Zephaniah And The 18 Wheelers,14898,Nothin' But Nothin' — Rex Hobart &amp; the Misery Boys,0.0234375,0.42857142857142855,6.857142857142857
61487,Stormy Blues — Arne Bang Huseby,3440,Floatin' — Brother JT,0.0234375,0.375,6.857142857142857
61487,Stormy Blues — Arne Bang Huseby,3445,Young But Daily Growing — Brother JT,0.0234375,0.375,6.857142857142857
14898,Nothin' But Nothin' — Rex Hobart &amp; the Misery Boys,12574,Comeback Kid — Deano Waco,0.0234375,0.375,6.857142857142857
14898,Nothin' But Nothin' — Rex Hobart &amp; the Misery Boys,132228,High Class Girl From The Country — Zephaniah And The 18 Wheelers,0.0234375,0.375,6.857142857142857
59173,She Gets All That She Wants — Ignatz,1043,I'm Shufflin' — Little Howlin' Wolf,0.03125,0.36363636363636365,6.64935064935065
59173,She Gets All That She Wants — Ignatz,3424,Interview — Brother JT,0.03125,0.36363636363636365,6.64935064935065
59173,She Gets All That She Wants — Ignatz,3435,Let's Not And Say We Did — Brother JT,0.03125,0.36363636363636365,6.64935064935065
59173,She Gets All That She Wants — Ignatz,118654,Where You Do Belong — Cullah,0.03125,0.36363636363636365,6.64935064935065
1043,I'm Shufflin' — Little Howlin' Wolf,59173,She Gets All That She Wants — Ignatz,0.03125,0.5714285714285714,6.649350649350649
3424,Interview — Brother JT,59173,She Gets All That She Wants — Ignatz,0.03125,0.5714285714285714,6.649350649350649
3435,Let's Not And Say We Did — Brother JT,59173,She Gets All That She Wants — Ignatz,0.03125,0.5714285714285714,6.649350649350649
118654,Where You Do Belong — Cullah,59173,She Gets All That She Wants — Ignatz,0.03125,0.5714285714285714,6.649350649350649
19132,I Love My Babe — T-Model Ford,59173,She Gets All That She Wants — Ignatz,0.0390625,0.5555555555555556,6.4646464646464645
59173,She Gets All That She Wants — Ignatz,19132,I Love My Babe — T-Model Ford,0.0390625,0.45454545454545453,6.4646464646464645
4540,Doubt/Hope — Wildbirds and Peacedrums,4538,There Is No Light — Wildbirds and Peacedrums,0.0234375,0.5,6.4
128475,Blues do Cangaço — Molodoys,4538,There Is No Light — Wildbirds and Peacedrums,0.0234375,0.5,6.4
13671,Good 'ol Shoe — Patchwork on the Blues,38544,Women Be Wise — Nobody's Bizness,0.0234375,0.5,6.4
19135,Somebody Knockin' — T-Model Ford,38544,Women Be Wise — Nobody's Bizness,0.0234375,0.5,6.4
128475,Blues do Cangaço — Molodoys,38544,Women Be Wise — Nobody's Bizness,0.0234375,0.5,6.4
87600,Venus — Jahzzar,740,Life After Sundown — Glass Candy,0.015625,0.4,6.4
50891,Dirt Rhodes — Kevin MacLeod,3444,Hypocrite Shoes — Brother JT,0.015625,0.4,6.4
50891,Dirt Rhodes — Kevin MacLeod,3842,Shes Too Fat — Little Howlin' Wolf,0.015625,0.4,6.4
50891,Dirt Rhodes — Kevin MacLeod,61487,Stormy Blues — Arne Bang Huseby,0.015625,0.4,6.4
87600,Venus — Jahzzar,61487,Stormy Blues — Arne Bang Huseby,0.015625,0.4,6.4
127048,Gravedigger — Cletus Got Shot,78750,Untitled 4 — Loren Connors and Bill Orcutt,0.015625,0.4,6.4
87600,Venus — Jahzzar,123638,The Glory of Life's Glory — Pimpstrut Local #13,0.015625,0.4,6.4
140585,Freedom — Taina Asili,123638,The Glory of Life's Glory — Pimpstrut Local #13,0.015625,0.4,6.4
740,Life After Sundown — Glass Candy,87600,Venus — Jahzzar,0.015625,0.25,6.4
3444,Hypocrite Shoes — Brother JT,50891,Dirt Rhodes — Kevin MacLeod,0.015625,0.25,6.4
3842,Shes Too Fat — Little Howlin' Wolf,50891,Dirt Rhodes — Kevin MacLeod,0.015625,0.25,6.4
61487,Stormy Blues — Arne Bang Huseby,50891,Dirt Rhodes — Kevin MacLeod,0.015625,0.25,6.4
61487,Stormy Blues — Arne Bang Huseby,87600,Venus — Jahzzar,0.015625,0.25,6.4
78750,Untitled 4 — Loren Connors and Bill Orcutt,127048,Gravedigger — Cletus Got Shot,0.015625,0.25,6.4
123638,The Glory of Life's Glory — Pimpstrut Local #13,87600,Venus — Jahzzar,0.015625,0.25,6.4
123638,The Glory of Life's Glory — Pimpstrut Local #13,140585,Freedom — Taina Asili,0.015625,0.25,6.4
4538,There Is No Light — Wildbirds and Peacedrums,4540,Doubt/Hope — Wildbirds and Peacedrums,0.0234375,0.3,6.3999999999999995
4538,There Is No Light — Wildbirds and Peacedrums,128475,Blues do Cangaço — Molodoys,0.0234375,0.3,6.3999999999999995
38544,Women Be Wise — Nobody's Bizness,13671,Good 'ol Shoe — Patchwork on the Blues,0.0234375,0.3,6.3999999999999995
38544,Women Be Wise — Nobody's Bizness,19135,Somebody Knockin' — T-Model Ford,0.0234375,0.3,6.3999999999999995
38544,Women Be Wise — Nobody's Bizness,128475,Blues do Cangaço — Molodoys,0.0234375,0.3,6.3999999999999995
3425,Nothing Really — Brother JT,50892,Slow Burn — Kevin MacLeod,0.03125,0.4444444444444444,6.320987654320987
50892,Slow Burn — Kevin MacLeod,3425,Nothing Really — Brother JT,0.03125,0.4444444444444444,6.320987654320987
62435,Boulevard St Germain — Jahzzar,19132,I Love My Babe — T-Model Ford,0.03125,0.4444444444444444,6.320987654320987
19132,I Love My Babe — T-Model Ford,62435,Boulevard St Germain — Jahzzar,0.03125,0.4444444444444444,6.320987654320987
62435,Boulevard St Germain — Jahzzar,50892,Slow Burn — Kevin MacLeod,0.03125,0.4444444444444444,6.320987654320987
50892,Slow Burn — Kevin MacLeod,62435,Boulevard St Germain — Jahzzar,0.03125,0.4444444444444444,6.320987654320987
145129,Help Me After You Die [kat330 mash] — Kathleen Martin,50892,Slow Burn — Kevin MacLeod,0.03125,0.4444444444444444,6.320987654320987
50892,Slow Burn — Kevin MacLeod,145129,Help Me After You Die [kat330 mash] — Kathleen Martin,0.03125,0.4444444444444444,6.320987654320987
145914,The Lion & The Snake — MMFFF,80164,Changes (Featuring Alena Sola) — Mabafu,0.1015625,0.6190476190476191,6.095238095238096
80164,Changes (Featuring Alena Sola) — Mabafu,145914,The Lion & The Snake — MMFFF,0.1015625,1.0,6.095238095238095
1043,I'm Shufflin' — Little Howlin' Wolf,1044,Last Double Eagle — Little Howlin' Wolf,0.0234375,0.42857142857142855,6.095238095238095
3426,Hey Mr. Sun — Brother JT,1044,Last Double Eagle — Little Howlin' Wolf,0.0234375,0.42857142857142855,6.095238095238095
3431,Throwaway — Brother JT,1044,Last Double Eagle — Little Howlin' Wolf,0.0234375,0.42857142857142855,6.095238095238095
3440,Floatin' — Brother JT,1044,Last Double Eagle — Little Howlin' Wolf,0.0234375,0.42857142857142855,6.095238095238095
11957,Scared of My Own Blood A Cappella — Sunbyrn,1044,Last Double Eagle — Little Howlin' Wolf,0.0234375,0.42857142857142855,6.095238095238095
19134,Wish I Was a Catfish — T-Model Ford,1044,Last Double Eagle — Little Howlin' Wolf,0.0234375,0.42857142857142855,6.095238095238095
25067,Workin Boy Blues — Bombay Laughing Club,1044,Last Double Eagle — Little Howlin' Wolf,0.0234375,0.42857142857142855,6.095238095238095
118654,Where You Do Belong — Cullah,1044,Last Double Eagle — Little Howlin' Wolf,0.0234375,0.42857142857142855,6.095238095238095
3424,Interview — Brother JT,3425,Nothing Really — Brother JT,0.0234375,0.42857142857142855,6.095238095238095
3424,Interview — Brother JT,50892,Slow Burn — Kevin MacLeod,0.0234375,0.42857142857142855,6.095238095238095
3424,Interview — Brother JT,145129,Help Me After You Die [kat330 mash] — Kathleen Martin,0.0234375,0.42857142857142855,6.095238095238095
3445,Young But Daily Growing — Brother JT,3425,Nothing Really — Brother JT,0.0234375,0.42857142857142855,6.095238095238095
4536,I Can't Tell In His Eyes — Wildbirds and Peacedrums,3425,Nothing Really — Brother JT,0.0234375,0.42857142857142855,6.095238095238095
19134,Wish I Was a Catfish — T-Model Ford,3425,Nothing Really — Brother JT,0.0234375,0.42857142857142855,6.095238095238095
3435,Let's Not And Say We Did — Brother JT,19132,I Love My Babe — T-Model Ford,0.0234375,0.42857142857142855,6.095238095238095
118654,Where You Do Belong — Cullah,19132,I Love My Babe — T-Model Ford,0.0234375,0.42857142857142855,6.095238095238095
19134,Wish I Was a Catfish — T-Model Ford,50892,Slow Burn — Kevin MacLeod,0.0234375,0.42857142857142855,6.095238095238095
19134,Wish I Was a Catfish — T-Model Ford,62435,Boulevard St Germain — Jahzzar,0.0234375,0.42857142857142855,6.095238095238095
25067,Workin Boy Blues — Bombay Laughing Club,50892,Slow Burn — Kevin MacLeod,0.0234375,0.42857142857142855,6.095238095238095
25067,Workin Boy Blues — Bombay Laughing Club,145129,Help Me After You Die [kat330 mash] — Kathleen Martin,0.0234375,0.42857142857142855,6.095238095238095
118657,To The Rhythm of the Funk — Cullah,50892,Slow Burn — Kevin MacLeod,0.0234375,0.42857142857142855,6.095238095238095
118658,No Home — Cullah,50892,Slow Burn — Kevin MacLeod,0.0234375,0.42857142857142855,6.095238095238095
118654,Where You Do Belong — Cullah,62435,Boulevard St Germain — Jahzzar,0.0234375,0.42857142857142855,6.095238095238095
118657,To The Rhythm of the Funk — Cullah,62435,Boulevard St Germain — Jahzzar,0.0234375,0.42857142857142855,6.095238095238095
737,Youe Deam Lover's On Video Again — Glass Candy,3445,Young But Daily Growing — Brother JT,0.015625,0.3333333333333333,6.095238095238095
737,Youe Deam Lover's On Video Again — Glass Candy,56173,DK's song 'untitled' (live at WFMU Record Fair) — CSC Funk Band,0.015625,0.3333333333333333,6.095238095238095
745,Nite Nurses — Glass Candy,56177,We Don't Care (live at WFMU Record Fair) — CSC Funk Band,0.015625,0.3333333333333333,6.095238095238095
1044,Last Double Eagle — Little Howlin' Wolf,1043,I'm Shufflin' — Little Howlin' Wolf,0.0234375,0.3333333333333333,6.095238095238095
19137,"If You Love Me Like You Say — Paul ""Wine"" Jones",1043,I'm Shufflin' — Little Howlin' Wolf,0.015625,0.3333333333333333,6.095238095238095
50888,DD Groove — Kevin MacLeod,1043,I'm Shufflin' — Little Howlin' Wolf,0.015625,0.3333333333333333,6.095238095238095
118656,Gone Away — Cullah,1043,I'm Shufflin' — Little Howlin' Wolf,0.015625,0.3333333333333333,6.095238095238095
1044,Last Double Eagle — Little Howlin' Wolf,3426,Hey Mr. Sun — Brother JT,0.0234375,0.3333333333333333,6.095238095238095
1044,Last Double Eagle — Little Howlin' Wolf,3431,Throwaway — Brother JT,0.0234375,0.3333333333333333,6.095238095238095
1044,Last Double Eagle — Little Howlin' Wolf,3440,Floatin' — Brother JT,0.0234375,0.3333333333333333,6.095238095238095
1044,Last Double Eagle — Little Howlin' Wolf,11957,Scared of My Own Blood A Cappella — Sunbyrn,0.0234375,0.3333333333333333,6.095238095238095
1044,Last Double Eagle — Little Howlin' Wolf,19134,Wish I Was a Catfish — T-Model Ford,0.0234375,0.3333333333333333,6.095238095238095
1044,Last Double Eagle — Little Howlin' Wolf,25067,Workin Boy Blues — Bombay Laughing Club,0.0234375,0.3333333333333333,6.095238095238095
1044,Last Double Eagle — Little Howlin' Wolf,118654,Where You Do Belong — Cullah,0.0234375,0.3333333333333333,6.095238095238095
3425,Nothing Really — Brother JT,3424,Interview — Brother JT,0.0234375,0.3333333333333333,6.095238095238095
12795,Going Down The Road Feeling Bad — Roger McGuinn,3424,Interview — Brother JT,0.015625,0.3333333333333333,6.095238095238095
19135,Somebody Knockin' — T-Model Ford,3424,Interview — Brother JT,0.015625,0.3333333333333333,6.095238095238095
50888,DD Groove — Kevin MacLeod,3424,Interview — Brother JT,0.015625,0.3333333333333333,6.095238095238095
50892,Slow Burn — Kevin MacLeod,3424,Interview — Brother JT,0.0234375,0.3333333333333333,6.095238095238095
118656,Gone Away — Cullah,3424,Interview — Brother JT,0.015625,0.3333333333333333,6.095238095238095
145129,Help Me After You Die [kat330 mash] — Kathleen Martin,3424,Interview — Brother JT,0.0234375,0.3333333333333333,6.095238095238095
3425,Nothing Really — Brother JT,3445,Young But Daily Growing — Brother JT,0.0234375,0.3333333333333333,6.095238095238095
3425,Nothing Really — Brother JT,4536,I Can't Tell In His Eyes — Wildbirds and Peacedrums,0.0234375,0.3333333333333333,6.095238095238095
3425,Nothing Really — Brother JT,19134,Wish I Was a Catfish — T-Model Ford,0.0234375,0.3333333333333333,6.095238095238095
12790,Nobody Knows You When You're Down and Out — Roger McGuinn,3426,Hey Mr. Sun — Brother JT,0.015625,0.3333333333333333,6.095238095238095
13671,Good 'ol Shoe — Patchwork on the Blues,3426,Hey Mr. Sun — Brother JT,0.015625,0.3333333333333333,6.095238095238095
19135,Somebody Knockin' — T-Model Ford,3426,Hey Mr. Sun — Brother JT,0.015625,0.3333333333333333,6.095238095238095
19137,"If You Love Me Like You Say — Paul ""Wine"" Jones",3426,Hey Mr. Sun — Brother JT,0.015625,0.3333333333333333,6.095238095238095
118656,Gone Away — Cullah,3426,Hey Mr. Sun — Brother JT,0.015625,0.3333333333333333,6.095238095238095
128475,Blues do Cangaço — Molodoys,3426,Hey Mr. Sun — Brother JT,0.015625,0.3333333333333333,6.095238095238095
4540,Doubt/Hope — Wildbirds and Peacedrums,3431,Throwaway — Brother JT,0.015625,0.3333333333333333,6.095238095238095
13671,Good 'ol Shoe — Patchwork on the Blues,3431,Throwaway — Brother JT,0.015625,0.3333333333333333,6.095238095238095
19135,Somebody Knockin' — T-Model Ford,3431,Throwaway — Brother JT,0.015625,0.3333333333333333,6.095238095238095
4540,Doubt/Hope — Wildbirds and Peacedrums,3435,Let's Not And Say We Did — Brother JT,0.015625,0.3333333333333333,6.095238095238095
13671,Good 'ol Shoe — Patchwork on the Blues,3435,Let's Not And Say We Did — Brother JT,0.015625,0.3333333333333333,6.095238095238095
19132,I Love My Babe — T-Model Ford,3435,Let's Not And Say We Did — Brother JT,0.0234375,0.3333333333333333,6.095238095238095
77381,Just Be — BJ Block & Dawn Pemberton,3435,Let's Not And Say We Did — Brother JT,0.015625,0.3333333333333333,6.095238095238095
118656,Gone Away — Cullah,3435,Let's Not And Say We Did — Brother JT,0.015625,0.3333333333333333,6.095238095238095
12790,Nobody Knows You When You're Down and Out — Roger McGuinn,3440,Floatin' — Brother JT,0.015625,0.3333333333333333,6.095238095238095
12795,Going Down The Road Feeling Bad — Roger McGuinn,3440,Floatin' — Brother JT,0.015625,0.3333333333333333,6.095238095238095
74982,Little Miss Fortune — Megan Jean and the Klay Family Band,3440,Floatin' — Brother JT,0.015625,0.3333333333333333,6.095238095238095
77381,Just Be — BJ Block & Dawn Pemberton,3440,Floatin' — Brother JT,0.015625,0.3333333333333333,6.095238095238095
12790,Nobody Knows You When You're Down and Out — Roger McGuinn,3445,Young But Daily Growing — Brother JT,0.015625,0.3333333333333333,6.095238095238095
12795,Going Down The Road Feeling Bad — Roger McGuinn,3445,Young But Daily Growing — Brother JT,0.015625,0.3333333333333333,6.095238095238095
19135,Somebody Knockin' — T-Model Ford,3445,Young But Daily Growing — Brother JT,0.015625,0.3333333333333333,6.095238095238095
19137,"If You Love Me Like You Say — Paul ""Wine"" Jones",3445,Young But Daily Growing — Brother JT,0.015625,0.3333333333333333,6.095238095238095
77381,Just Be — BJ Block & Dawn Pemberton,3445,Young But Daily Growing — Brother JT,0.015625,0.3333333333333333,6.095238095238095
113354,Para Agradecer — Chicano Batman,3445,Young But Daily Growing — Brother JT,0.015625,0.3333333333333333,6.095238095238095
14014,Good BBQ — The Riptones,3716,I Got to Cross the River Jordan — Immortal Lee County Killers,0.015625,0.3333333333333333,6.095238095238095
74982,Little Miss Fortune — Megan Jean and the Klay Family Band,3716,I Got to Cross the River Jordan — Immortal Lee County Killers,0.015625,0.3333333333333333,6.095238095238095
114308,Hard Miles — Bryan Mathys,3716,I Got to Cross the River Jordan — Immortal Lee County Killers,0.015625,0.3333333333333333,6.095238095238095
129492,How Did You Love Someone Like Me — Big Sandy and His Fly-Rite Boys,3716,I Got to Cross the River Jordan — Immortal Lee County Killers,0.015625,0.3333333333333333,6.095238095238095
19135,Somebody Knockin' — T-Model Ford,4536,I Can't Tell In His Eyes — Wildbirds and Peacedrums,0.015625,0.3333333333333333,6.095238095238095
19137,"If You Love Me Like You Say — Paul ""Wine"" Jones",4536,I Can't Tell In His Eyes — Wildbirds and Peacedrums,0.015625,0.3333333333333333,6.095238095238095
50888,DD Groove — Kevin MacLeod,4536,I Can't Tell In His Eyes — Wildbirds and Peacedrums,0.015625,0.3333333333333333,6.095238095238095
128475,Blues do Cangaço — Molodoys,4536,I Can't Tell In His Eyes — Wildbirds and Peacedrums,0.015625,0.3333333333333333,6.095238095238095
4540,Doubt/Hope — Wildbirds and Peacedrums,11957,Scared of My Own Blood A Cappella — Sunbyrn,0.015625,0.3333333333333333,6.095238095238095
4540,Doubt/Hope — Wildbirds and Peacedrums,19134,Wish I Was a Catfish — T-Model Ford,0.015625,0.3333333333333333,6.095238095238095
4540,Doubt/Hope — Wildbirds and Peacedrums,118657,To The Rhythm of the Funk — Cullah,0.015625,0.3333333333333333,6.095238095238095
12790,Nobody Knows You When You're Down and Out — Roger McGuinn,11957,Scared of My Own Blood A Cappella — Sunbyrn,0.015625,0.3333333333333333,6.095238095238095
12795,Going Down The Road Feeling Bad — Roger McGuinn,11957,Scared of My Own Blood A Cappella — Sunbyrn,0.015625,0.3333333333333333,6.095238095238095
13671,Good 'ol Shoe — Patchwork on the Blues,11957,Scared of My Own Blood A Cappella — Sunbyrn,0.015625,0.3333333333333333,6.095238095238095
19135,Somebody Knockin' — T-Model Ford,11957,Scared of My Own Blood A Cappella — Sunbyrn,0.015625,0.3333333333333333,6.095238095238095
77381,Just Be — BJ Block & Dawn Pemberton,11957,Scared of My Own Blood A Cappella — Sunbyrn,0.015625,0.3333333333333333,6.095238095238095
113354,Para Agradecer — Chicano Batman,11957,Scared of My Own Blood A Cappella — Sunbyrn,0.015625,0.3333333333333333,6.095238095238095
118656,Gone Away — Cullah,11957,Scared of My Own Blood A Cappella — Sunbyrn,0.015625,0.3333333333333333,6.095238095238095
129492,How Did You Love Someone Like Me — Big Sandy and His Fly-Rite Boys,12574,Comeback Kid — Deano Waco,0.015625,0.3333333333333333,6.095238095238095
12787,Old Plank Road — Roger McGuinn,61489,Fjcb Reddit Gtr Fills Mix — Phoephus,0.015625,0.3333333333333333,6.095238095238095
12790,Nobody Knows You When You're Down and Out — Roger McGuinn,25067,Workin Boy Blues — Bombay Laughing Club,0.015625,0.3333333333333333,6.095238095238095
12790,Nobody Knows You When You're Down and Out — Roger McGuinn,61489,Fjcb Reddit Gtr Fills Mix — Phoephus,0.015625,0.3333333333333333,6.095238095238095
12790,Nobody Knows You When You're Down and Out — Roger McGuinn,118654,Where You Do Belong — Cullah,0.015625,0.3333333333333333,6.095238095238095
12795,Going Down The Road Feeling Bad — Roger McGuinn,14899,I'll Never Sleep It Off — Rex Hobart &amp; the Misery Boys,0.015625,0.3333333333333333,6.095238095238095
12795,Going Down The Road Feeling Bad — Roger McGuinn,19134,Wish I Was a Catfish — T-Model Ford,0.015625,0.3333333333333333,6.095238095238095
12795,Going Down The Road Feeling Bad — Roger McGuinn,25067,Workin Boy Blues — Bombay Laughing Club,0.015625,0.3333333333333333,6.095238095238095
12795,Going Down The Road Feeling Bad — Roger McGuinn,118654,Where You Do Belong — Cullah,0.015625,0.3333333333333333,6.095238095238095
14014,Good BBQ — The Riptones,129502,Don't Sweetheart Me — Big Sandy and His Fly-Rite Boys,0.015625,0.3333333333333333,6.095238095238095
14014,Good BBQ — The Riptones,132228,High Class Girl From The Country — Zephaniah And The 18 Wheelers,0.015625,0.3333333333333333,6.095238095238095
14017,I Can't and I Won't — The Riptones,129499,Wishing Him Away — Big Sandy and His Fly-Rite Boys,0.015625,0.3333333333333333,6.095238095238095
14017,I Can't and I Won't — The Riptones,129502,Don't Sweetheart Me — Big Sandy and His Fly-Rite Boys,0.015625,0.3333333333333333,6.095238095238095
19132,I Love My Babe — T-Model Ford,118654,Where You Do Belong — Cullah,0.0234375,0.3333333333333333,6.095238095238095
19135,Somebody Knockin' — T-Model Ford,19134,Wish I Was a Catfish — T-Model Ford,0.015625,0.3333333333333333,6.095238095238095
50888,DD Groove — Kevin MacLeod,19134,Wish I Was a Catfish — T-Model Ford,0.015625,0.3333333333333333,6.095238095238095
50892,Slow Burn — Kevin MacLeod,19134,Wish I Was a Catfish — T-Model Ford,0.0234375,0.3333333333333333,6.095238095238095
62435,Boulevard St Germain — Jahzzar,19134,Wish I Was a Catfish — T-Model Ford,0.0234375,0.3333333333333333,6.095238095238095
74982,Little Miss Fortune — Megan Jean and the Klay Family Band,19134,Wish I Was a Catfish — T-Model Ford,0.015625,0.3333333333333333,6.095238095238095
77381,Just Be — BJ Block & Dawn Pemberton,19134,Wish I Was a Catfish — T-Model Ford,0.015625,0.3333333333333333,6.095238095238095
113354,Para Agradecer — Chicano Batman,19134,Wish I Was a Catfish — T-Model Ford,0.015625,0.3333333333333333,6.095238095238095
118656,Gone Away — Cullah,19134,Wish I Was a Catfish — T-Model Ford,0.015625,0.3333333333333333,6.095238095238095
128475,Blues do Cangaço — Molodoys,19134,Wish I Was a Catfish — T-Model Ford,0.015625,0.3333333333333333,6.095238095238095
19135,Somebody Knockin' — T-Model Ford,61489,Fjcb Reddit Gtr Fills Mix — Phoephus,0.015625,0.3333333333333333,6.095238095238095
19135,Somebody Knockin' — T-Model Ford,118657,To The Rhythm of the Funk — Cullah,0.015625,0.3333333333333333,6.095238095238095
19137,"If You Love Me Like You Say — Paul ""Wine"" Jones",118654,Where You Do Belong — Cullah,0.015625,0.3333333333333333,6.095238095238095
19137,"If You Love Me Like You Say — Paul ""Wine"" Jones",118658,No Home — Cullah,0.015625,0.3333333333333333,6.095238095238095
23539,Can Opener — The Discoghosts,56173,DK's song 'untitled' (live at WFMU Record Fair) — CSC Funk Band,0.015625,0.3333333333333333,6.095238095238095
50892,Slow Burn — Kevin MacLeod,25067,Workin Boy Blues — Bombay Laughing Club,0.0234375,0.3333333333333333,6.095238095238095
145129,Help Me After You Die [kat330 mash] — Kathleen Martin,25067,Workin Boy Blues — Bombay Laughing Club,0.0234375,0.3333333333333333,6.095238095238095
87598,Lift Off — Jahzzar,28277,Funk Shoppe — CSC Funk Band,0.015625,0.3333333333333333,6.095238095238095
50892,Slow Burn — Kevin MacLeod,118657,To The Rhythm of the Funk — Cullah,0.0234375,0.3333333333333333,6.095238095238095
50892,Slow Burn — Kevin MacLeod,118658,No Home — Cullah,0.0234375,0.3333333333333333,6.095238095238095
77381,Just Be — BJ Block & Dawn Pemberton,56173,DK's song 'untitled' (live at WFMU Record Fair) — CSC Funk Band,0.015625,0.3333333333333333,6.095238095238095
128475,Blues do Cangaço — Molodoys,61489,Fjcb Reddit Gtr Fills Mix — Phoephus,0.015625,0.3333333333333333,6.095238095238095
62435,Boulevard St Germain — Jahzzar,118654,Where You Do Belong — Cullah,0.0234375,0.3333333333333333,6.095238095238095
62435,Boulevard St Germain — Jahzzar,118657,To The Rhythm of the Funk — Cullah,0.0234375,0.3333333333333333,6.095238095238095
74982,Little Miss Fortune — Megan Jean and the Klay Family Band,118657,To The Rhythm of the Funk — Cullah,0.015625,0.3333333333333333,6.095238095238095
74982,Little Miss Fortune — Megan Jean and the Klay Family Band,129502,Don't Sweetheart Me — Big Sandy and His Fly-Rite Boys,0.015625,0.3333333333333333,6.095238095238095
114308,Hard Miles — Bryan Mathys,129502,Don't Sweetheart Me — Big Sandy and His Fly-Rite Boys,0.015625,0.3333333333333333,6.095238095238095
114308,Hard Miles — Bryan Mathys,132228,High Class Girl From The Country — Zephaniah And The 18 Wheelers,0.015625,0.3333333333333333,6.095238095238095
128475,Blues do Cangaço — Molodoys,118654,Where You Do Belong — Cullah,0.015625,0.3333333333333333,6.095238095238095
118656,Gone Away — Cullah,118658,No Home — Cullah,0.015625,0.3333333333333333,6.095238095238095
128475,Blues do Cangaço — Molodoys,118657,To The Rhythm of the Funk — Cullah,0.015625,0.3333333333333333,6.095238095238095
128475,Blues do Cangaço — Molodoys,118658,No Home — Cullah,0.015625,0.3333333333333333,6.095238095238095
129492,How Did You Love Someone Like Me — Big Sandy and His Fly-Rite Boys,118874,Tubby Brothers — Jon Langford,0.015625,0.3333333333333333,6.095238095238095
129496,Happy Birthday — Big Sandy and His Fly-Rite Boys,118874,Tubby Brothers — Jon Langford,0.015625,0.3333333333333333,6.095238095238095
129492,How Did You Love Someone Like Me — Big Sandy and His Fly-Rite Boys,129499,Wishing Him Away — Big Sandy and His Fly-Rite Boys,0.015625,0.3333333333333333,6.095238095238095
129492,How Did You Love Someone Like Me — Big Sandy and His Fly-Rite Boys,132228,High Class Girl From The Country — Zephaniah And The 18 Wheelers,0.015625,0.3333333333333333,6.095238095238095
3445,Young But Daily Growing — Brother JT,737,Youe Deam Lover's On Video Again — Glass Candy,0.015625,0.2857142857142857,6.095238095238095
56173,DK's song 'untitled' (live at WFMU Record Fair) — CSC Funk Band,737,Youe Deam Lover's On Video Again — Glass Candy,0.015625,0.2857142857142857,6.095238095238095
56177,We Don't Care (live at WFMU Record Fair) — CSC Funk Band,745,Nite Nurses — Glass Candy,0.015625,0.2857142857142857,6.095238095238095
1043,I'm Shufflin' — Little Howlin' Wolf,19137,"If You Love Me Like You Say — Paul ""Wine"" Jones",0.015625,0.2857142857142857,6.095238095238095
1043,I'm Shufflin' — Little Howlin' Wolf,50888,DD Groove — Kevin MacLeod,0.015625,0.2857142857142857,6.095238095238095
1043,I'm Shufflin' — Little Howlin' Wolf,118656,Gone Away — Cullah,0.015625,0.2857142857142857,6.095238095238095
3424,Interview — Brother JT,12795,Going Down The Road Feeling Bad — Roger McGuinn,0.015625,0.2857142857142857,6.095238095238095
3424,Interview — Brother JT,19135,Somebody Knockin' — T-Model Ford,0.015625,0.2857142857142857,6.095238095238095
3424,Interview — Brother JT,50888,DD Groove — Kevin MacLeod,0.015625,0.2857142857142857,6.095238095238095
3424,Interview — Brother JT,118656,Gone Away — Cullah,0.015625,0.2857142857142857,6.095238095238095
3426,Hey Mr. Sun — Brother JT,12790,Nobody Knows You When You're Down and Out — Roger McGuinn,0.015625,0.2857142857142857,6.095238095238095
3426,Hey Mr. Sun — Brother JT,13671,Good 'ol Shoe — Patchwork on the Blues,0.015625,0.2857142857142857,6.095238095238095
3426,Hey Mr. Sun — Brother JT,19135,Somebody Knockin' — T-Model Ford,0.015625,0.2857142857142857,6.095238095238095
3426,Hey Mr. Sun — Brother JT,19137,"If You Love Me Like You Say — Paul ""Wine"" Jones",0.015625,0.2857142857142857,6.095238095238095
3426,Hey Mr. Sun — Brother JT,118656,Gone Away — Cullah,0.015625,0.2857142857142857,6.095238095238095
3426,Hey Mr. Sun — Brother JT,128475,Blues do Cangaço — Molodoys,0.015625,0.2857142857142857,6.095238095238095
3431,Throwaway — Brother JT,4540,Doubt/Hope — Wildbirds and Peacedrums,0.015625,0.2857142857142857,6.095238095238095
3431,Throwaway — Brother JT,13671,Good 'ol Shoe — Patchwork on the Blues,0.015625,0.2857142857142857,6.095238095238095
3431,Throwaway — Brother JT,19135,Somebody Knockin' — T-Model Ford,0.015625,0.2857142857142857,6.095238095238095
3435,Let's Not And Say We Did — Brother JT,4540,Doubt/Hope — Wildbirds and Peacedrums,0.015625,0.2857142857142857,6.095238095238095
3435,Let's Not And Say We Did — Brother JT,13671,Good 'ol Shoe — Patchwork on the Blues,0.015625,0.2857142857142857,6.095238095238095
3435,Let's Not And Say We Did — Brother JT,77381,Just Be — BJ Block & Dawn Pemberton,0.015625,0.2857142857142857,6.095238095238095
3435,Let's Not And Say We Did — Brother JT,118656,Gone Away — Cullah,0.015625,0.2857142857142857,6.095238095238095
3440,Floatin' — Brother JT,12790,Nobody Knows You When You're Down and Out — Roger McGuinn,0.015625,0.2857142857142857,6.095238095238095
3440,Floatin' — Brother JT,12795,Going Down The Road Feeling Bad — Roger McGuinn,0.015625,0.2857142857142857,6.095238095238095
3440,Floatin' — Brother JT,74982,Little Miss Fortune — Megan Jean and the Klay Family Band,0.015625,0.2857142857142857,6.095238095238095
3440,Floatin' — Brother JT,77381,Just Be — BJ Block & Dawn Pemberton,0.015625,0.2857142857142857,6.095238095238095
3445,Young But Daily Growing — Brother JT,12790,Nobody Knows You When You're Down and Out — Roger McGuinn,0.015625,0.2857142857142857,6.095238095238095
3445,Young But Daily Growing — Brother JT,12795,Going Down The Road Feeling Bad — Roger McGuinn,0.015625,0.2857142857142857,6.095238095238095
3445,Young But Daily Growing — Brother JT,19135,Somebody Knockin' — T-Model Ford,0.015625,0.2857142857142857,6.095238095238095
3445,Young But Daily Growing — Brother JT,19137,"If You Love Me Like You Say — Paul ""Wine"" Jones",0.015625,0.2857142857142857,6.095238095238095
3445,Young But Daily Growing — Brother JT,77381,Just Be — BJ Block & Dawn Pemberton,0.015625,0.2857142857142857,6.095238095238095
3445,Young But Daily Growing — Brother JT,113354,Para Agradecer — Chicano Batman,0.015625,0.2857142857142857,6.095238095238095
3716,I Got to Cross the River Jordan — Immortal Lee County Killers,14014,Good BBQ — The Riptones,0.015625,0.2857142857142857,6.095238095238095
3716,I Got to Cross the River Jordan — Immortal Lee County Killers,74982,Little Miss Fortune — Megan Jean and the Klay Family Band,0.015625,0.2857142857142857,6.095238095238095
3716,I Got to Cross the River Jordan — Immortal Lee County Killers,114308,Hard Miles — Bryan Mathys,0.015625,0.2857142857142857,6.095238095238095
3716,I Got to Cross the River Jordan — Immortal Lee County Killers,129492,How Did You Love Someone Like Me — Big Sandy and His Fly-Rite Boys,0.015625,0.2857142857142857,6.095238095238095
4536,I Can't Tell In His Eyes — Wildbirds and Peacedrums,19135,Somebody Knockin' — T-Model Ford,0.015625,0.2857142857142857,6.095238095238095
4536,I Can't Tell In His Eyes — Wildbirds and Peacedrums,19137,"If You Love Me Like You Say — Paul ""Wine"" Jones",0.015625,0.2857142857142857,6.095238095238095
4536,I Can't Tell In His Eyes — Wildbirds and Peacedrums,50888,DD Groove — Kevin MacLeod,0.015625,0.2857142857142857,6.095238095238095
4536,I Can't Tell In His Eyes — Wildbirds and Peacedrums,128475,Blues do Cangaço — Molodoys,0.015625,0.2857142857142857,6.095238095238095
11957,Scared of My Own Blood A Cappella — Sunbyrn,4540,Doubt/Hope — Wildbirds and Peacedrums,0.015625,0.2857142857142857,6.095238095238095
19134,Wish I Was a Catfish — T-Model Ford,4540,Doubt/Hope — Wildbirds and Peacedrums,0.015625,0.2857142857142857,6.095238095238095
118657,To The Rhythm of the Funk — Cullah,4540,Doubt/Hope — Wildbirds and Peacedrums,0.015625,0.2857142857142857,6.095238095238095
11957,Scared of My Own Blood A Cappella — Sunbyrn,12790,Nobody Knows You When You're Down and Out — Roger McGuinn,0.015625,0.2857142857142857,6.095238095238095
11957,Scared of My Own Blood A Cappella — Sunbyrn,12795,Going Down The Road Feeling Bad — Roger McGuinn,0.015625,0.2857142857142857,6.095238095238095
11957,Scared of My Own Blood A Cappella — Sunbyrn,13671,Good 'ol Shoe — Patchwork on the Blues,0.015625,0.2857142857142857,6.095238095238095
11957,Scared of My Own Blood A Cappella — Sunbyrn,19135,Somebody Knockin' — T-Model Ford,0.015625,0.2857142857142857,6.095238095238095
11957,Scared of My Own Blood A Cappella — Sunbyrn,77381,Just Be — BJ Block & Dawn Pemberton,0.015625,0.2857142857142857,6.095238095238095
11957,Scared of My Own Blood A Cappella — Sunbyrn,113354,Para Agradecer — Chicano Batman,0.015625,0.2857142857142857,6.095238095238095
11957,Scared of My Own Blood A Cappella — Sunbyrn,118656,Gone Away — Cullah,0.015625,0.2857142857142857,6.095238095238095
12574,Comeback Kid — Deano Waco,129492,How Did You Love Someone Like Me — Big Sandy and His Fly-Rite Boys,0.015625,0.2857142857142857,6.095238095238095
61489,Fjcb Reddit Gtr Fills Mix — Phoephus,12787,Old Plank Road — Roger McGuinn,0.015625,0.2857142857142857,6.095238095238095
25067,Workin Boy Blues — Bombay Laughing Club,12790,Nobody Knows You When You're Down and Out — Roger McGuinn,0.015625,0.2857142857142857,6.095238095238095
61489,Fjcb Reddit Gtr Fills Mix — Phoephus,12790,Nobody Knows You When You're Down and Out — Roger McGuinn,0.015625,0.2857142857142857,6.095238095238095
118654,Where You Do Belong — Cullah,12790,Nobody Knows You When You're Down and Out — Roger McGuinn,0.015625,0.2857142857142857,6.095238095238095
14899,I'll Never Sleep It Off — Rex Hobart &amp; the Misery Boys,12795,Going Down The Road Feeling Bad — Roger McGuinn,0.015625,0.2857142857142857,6.095238095238095
19134,Wish I Was a Catfish — T-Model Ford,12795,Going Down The Road Feeling Bad — Roger McGuinn,0.015625,0.2857142857142857,6.095238095238095
25067,Workin Boy Blues — Bombay Laughing Club,12795,Going Down The Road Feeling Bad — Roger McGuinn,0.015625,0.2857142857142857,6.095238095238095
118654,Where You Do Belong — Cullah,12795,Going Down The Road Feeling Bad — Roger McGuinn,0.015625,0.2857142857142857,6.095238095238095
129502,Don't Sweetheart Me — Big Sandy and His Fly-Rite Boys,14014,Good BBQ — The Riptones,0.015625,0.2857142857142857,6.095238095238095
132228,High Class Girl From The Country — Zephaniah And The 18 Wheelers,14014,Good BBQ — The Riptones,0.015625,0.2857142857142857,6.095238095238095
129499,Wishing Him Away — Big Sandy and His Fly-Rite Boys,14017,I Can't and I Won't — The Riptones,0.015625,0.2857142857142857,6.095238095238095
129502,Don't Sweetheart Me — Big Sandy and His Fly-Rite Boys,14017,I Can't and I Won't — The Riptones,0.015625,0.2857142857142857,6.095238095238095
19134,Wish I Was a Catfish — T-Model Ford,19135,Somebody Knockin' — T-Model Ford,0.015625,0.2857142857142857,6.095238095238095
19134,Wish I Was a Catfish — T-Model Ford,50888,DD Groove — Kevin MacLeod,0.015625,0.2857142857142857,6.095238095238095
19134,Wish I Was a Catfish — T-Model Ford,74982,Little Miss Fortune — Megan Jean and the Klay Family Band,0.015625,0.2857142857142857,6.095238095238095
19134,Wish I Was a Catfish — T-Model Ford,77381,Just Be — BJ Block & Dawn Pemberton,0.015625,0.2857142857142857,6.095238095238095
19134,Wish I Was a Catfish — T-Model Ford,113354,Para Agradecer — Chicano Batman,0.015625,0.2857142857142857,6.095238095238095
19134,Wish I Was a Catfish — T-Model Ford,118656,Gone Away — Cullah,0.015625,0.2857142857142857,6.095238095238095
19134,Wish I Was a Catfish — T-Model Ford,128475,Blues do Cangaço — Molodoys,0.015625,0.2857142857142857,6.095238095238095
61489,Fjcb Reddit Gtr Fills Mix — Phoephus,19135,Somebody Knockin' — T-Model Ford,0.015625,0.2857142857142857,6.095238095238095
118657,To The Rhythm of the Funk — Cullah,19135,Somebody Knockin' — T-Model Ford,0.015625,0.2857142857142857,6.095238095238095
118654,Where You Do Belong — Cullah,19137,"If You Love Me Like You Say — Paul ""Wine"" Jones",0.015625,0.2857142857142857,6.095238095238095
118658,No Home — Cullah,19137,"If You Love Me Like You Say — Paul ""Wine"" Jones",0.015625,0.2857142857142857,6.095238095238095
56173,DK's song 'untitled' (live at WFMU Record Fair) — CSC Funk Band,23539,Can Opener — The Discoghosts,0.015625,0.2857142857142857,6.095238095238095
28277,Funk Shoppe — CSC Funk Band,87598,Lift Off — Jahzzar,0.015625,0.2857142857142857,6.095238095238095
56173,DK's song 'untitled' (live at WFMU Record Fair) — CSC Funk Band,77381,Just Be — BJ Block & Dawn Pemberton,0.015625,0.2857142857142857,6.095238095238095
61489,Fjcb Reddit Gtr Fills Mix — Phoephus,128475,Blues do Cangaço — Molodoys,0.015625,0.2857142857142857,6.095238095238095
118657,To The Rhythm of the Funk — Cullah,74982,Little Miss Fortune — Megan Jean and the Klay Family Band,0.015625,0.2857142857142857,6.095238095238095
129502,Don't Sweetheart Me — Big Sandy and His Fly-Rite Boys,74982,Little Miss Fortune — Megan Jean and the Klay Family Band,0.015625,0.2857142857142857,6.095238095238095
129502,Don't Sweetheart Me — Big Sandy and His Fly-Rite Boys,114308,Hard Miles — Bryan Mathys,0.015625,0.2857142857142857,6.095238095238095
132228,High Class Girl From The Country — Zephaniah And The 18 Wheelers,114308,Hard Miles — Bryan Mathys,0.015625,0.2857142857142857,6.095238095238095
118654,Where You Do Belong — Cullah,128475,Blues do Cangaço — Molodoys,0.015625,0.2857142857142857,6.095238095238095
118658,No Home — Cullah,118656,Gone Away — Cullah,0.015625,0.2857142857142857,6.095238095238095
118657,To The Rhythm of the Funk — Cullah,128475,Blues do Cangaço — Molodoys,0.015625,0.2857142857142857,6.095238095238095
118658,No Home — Cullah,128475,Blues do Cangaço — Molodoys,0.015625,0.2857142857142857,6.095238095238095
118874,Tubby Brothers — Jon Langford,129492,How Did You Love Someone Like Me — Big Sandy and His Fly-Rite Boys,0.015625,0.2857142857142857,6.095238095238095
118874,Tubby Brothers — Jon Langford,129496,Happy Birthday — Big Sandy and His Fly-Rite Boys,0.015625,0.2857142857142857,6.095238095238095
129499,Wishing Him Away — Big Sandy and His Fly-Rite Boys,129492,How Did You Love Someone Like Me — Big Sandy and His Fly-Rite Boys,0.015625,0.2857142857142857,6.095238095238095
132228,High Class Girl From The Country — Zephaniah And The 18 Wheelers,129492,How Did You Love Someone Like Me — Big Sandy and His Fly-Rite Boys,0.015625,0.2857142857142857,6.095238095238095
3842,Shes Too Fat — Little Howlin' Wolf,3444,Hypocrite Shoes — Brother JT,0.0234375,0.375,6.0
3444,Hypocrite Shoes — Brother JT,3842,Shes Too Fat — Little Howlin' Wolf,0.0234375,0.375,6.0
80164,Changes (Featuring Alena Sola) — Mabafu,80168,All I Need (Featuring Alena Sola) — Mabafu,0.0703125,0.6923076923076923,5.907692307692307
80167,So Much More (Featuring Alena Sola) — Mabafu,80168,All I Need (Featuring Alena Sola) — Mabafu,0.0703125,0.6923076923076923,5.907692307692307
80168,All I Need (Featuring Alena Sola) — Mabafu,80164,Changes (Featuring Alena Sola) — Mabafu,0.0703125,0.6,5.907692307692307
80168,All I Need (Featuring Alena Sola) — Mabafu,80167,So Much More (Featuring Alena Sola) — Mabafu,0.0703125,0.6,5.907692307692307
12795,Going Down The Road Feeling Bad — Roger McGuinn,59173,She Gets All That She Wants — Ignatz,0.0234375,0.5,5.818181818181818
50888,DD Groove — Kevin MacLeod,59173,She Gets All That She Wants — Ignatz,0.0234375,0.5,5.818181818181818
128475,Blues do Cangaço — Molodoys,59173,She Gets All That She Wants — Ignatz,0.0234375,0.5,5.818181818181818
59173,She Gets All That She Wants — Ignatz,12795,Going Down The Road Feeling Bad — Roger McGuinn,0.0234375,0.2727272727272727,5.8181818181818175
59173,She Gets All That She Wants — Ignatz,50888,DD Groove — Kevin MacLeod,0.0234375,0.2727272727272727,5.8181818181818175
59173,She Gets All That She Wants — Ignatz,128475,Blues do Cangaço — Molodoys,0.0234375,0.2727272727272727,5.8181818181818175
50891,Dirt Rhodes — Kevin MacLeod,1044,Last Double Eagle — Little Howlin' Wolf,0.015625,0.4,5.688888888888889
4538,There Is No Light — Wildbirds and Peacedrums,19132,I Love My Babe — T-Model Ford,0.03125,0.4,5.688888888888889
4538,There Is No Light — Wildbirds and Peacedrums,62435,Boulevard St Germain — Jahzzar,0.03125,0.4,5.688888888888889
4538,There Is No Light — Wildbirds and Peacedrums,145129,Help Me After You Die [kat330 mash] — Kathleen Martin,0.03125,0.4,5.688888888888889
12792,500 Miles — Roger McGuinn,62435,Boulevard St Germain — Jahzzar,0.015625,0.4,5.688888888888889
50891,Dirt Rhodes — Kevin MacLeod,50892,Slow Burn — Kevin MacLeod,0.015625,0.4,5.688888888888889
50891,Dirt Rhodes — Kevin MacLeod,62435,Boulevard St Germain — Jahzzar,0.015625,0.4,5.688888888888889
50891,Dirt Rhodes — Kevin MacLeod,145129,Help Me After You Die [kat330 mash] — Kathleen Martin,0.015625,0.4,5.688888888888889
19132,I Love My Babe — T-Model Ford,4538,There Is No Light — Wildbirds and Peacedrums,0.03125,0.4444444444444444,5.688888888888888
62435,Boulevard St Germain — Jahzzar,4538,There Is No Light — Wildbirds and Peacedrums,0.03125,0.4444444444444444,5.688888888888888
145129,Help Me After You Die [kat330 mash] — Kathleen Martin,4538,There Is No Light — Wildbirds and Peacedrums,0.03125,0.4444444444444444,5.688888888888888
1044,Last Double Eagle — Little Howlin' Wolf,50891,Dirt Rhodes — Kevin MacLeod,0.015625,0.2222222222222222,5.688888888888888
62435,Boulevard St Germain — Jahzzar,12792,500 Miles — Roger McGuinn,0.015625,0.2222222222222222,5.688888888888888
50892,Slow Burn — Kevin MacLeod,50891,Dirt Rhodes — Kevin MacLeod,0.015625,0.2222222222222222,5.688888888888888
62435,Boulevard St Germain — Jahzzar,50891,Dirt Rhodes — Kevin MacLeod,0.015625,0.2222222222222222,5.688888888888888
145129,Help Me After You Die [kat330 mash] — Kathleen Martin,50891,Dirt Rhodes — Kevin MacLeod,0.015625,0.2222222222222222,5.688888888888888
3431,Throwaway — Brother JT,4538,There Is No Light — Wildbirds and Peacedrums,0.0234375,0.42857142857142855,5.485714285714286
3440,Floatin' — Brother JT,4538,There Is No Light — Wildbirds and Peacedrums,0.0234375,0.42857142857142855,5.485714285714286
118654,Where You Do Belong — Cullah,4538,There Is No Light — Wildbirds and Peacedrums,0.0234375,0.42857142857142855,5.485714285714286
4538,There Is No Light — Wildbirds and Peacedrums,3431,Throwaway — Brother JT,0.0234375,0.3,5.485714285714286
4538,There Is No Light — Wildbirds and Peacedrums,3440,Floatin' — Brother JT,0.0234375,0.3,5.485714285714286
4538,There Is No Light — Wildbirds and Peacedrums,118654,Where You Do Belong — Cullah,0.0234375,0.3,5.485714285714286
80164,Changes (Featuring Alena Sola) — Mabafu,20695,Free Dschimi — Tracky Birthday,0.0859375,0.8461538461538461,5.415384615384616
20695,Free Dschimi — Tracky Birthday,80164,Changes (Featuring Alena Sola) — Mabafu,0.0859375,0.55,5.415384615384616
3842,Shes Too Fat — Little Howlin' Wolf,3425,Nothing Really — Brother JT,0.0234375,0.375,5.333333333333333
61487,Stormy Blues — Arne Bang Huseby,3425,Nothing Really — Brother JT,0.0234375,0.375,5.333333333333333
3444,Hypocrite Shoes — Brother JT,50892,Slow Burn — Kevin MacLeod,0.0234375,0.375,5.333333333333333
3842,Shes Too Fat — Little Howlin' Wolf,145129,Help Me After You Die [kat330 mash] — Kathleen Martin,0.0234375,0.375,5.333333333333333
737,Youe Deam Lover's On Video Again — Glass Candy,740,Life After Sundown — Glass Candy,0.015625,0.3333333333333333,5.333333333333333
12790,Nobody Knows You When You're Down and Out — Roger McGuinn,740,Life After Sundown — Glass Candy,0.015625,0.3333333333333333,5.333333333333333
87598,Lift Off — Jahzzar,740,Life After Sundown — Glass Candy,0.015625,0.3333333333333333,5.333333333333333
3425,Nothing Really — Brother JT,3842,Shes Too Fat — Little Howlin' Wolf,0.0234375,0.3333333333333333,5.333333333333333
3425,Nothing Really — Brother JT,61487,Stormy Blues — Arne Bang Huseby,0.0234375,0.3333333333333333,5.333333333333333
12787,Old Plank Road — Roger McGuinn,3444,Hypocrite Shoes — Brother JT,0.015625,0.3333333333333333,5.333333333333333
19135,Somebody Knockin' — T-Model Ford,3444,Hypocrite Shoes — Brother JT,0.015625,0.3333333333333333,5.333333333333333
50892,Slow Burn — Kevin MacLeod,3444,Hypocrite Shoes — Brother JT,0.0234375,0.3333333333333333,5.333333333333333
118656,Gone Away — Cullah,3444,Hypocrite Shoes — Brother JT,0.015625,0.3333333333333333,5.333333333333333
129496,Happy Birthday — Big Sandy and His Fly-Rite Boys,3842,Shes Too Fat — Little Howlin' Wolf,0.015625,0.3333333333333333,5.333333333333333
145129,Help Me After You Die [kat330 mash] — Kathleen Martin,3842,Shes Too Fat — Little Howlin' Wolf,0.0234375,0.3333333333333333,5.333333333333333
12787,Old Plank Road — Roger McGuinn,123623,Playon Playaz — Pimpstrut Local #13,0.015625,0.3333333333333333,5.333333333333333
12795,Going Down The Road Feeling Bad — Roger McGuinn,78750,Untitled 4 — Loren Connors and Bill Orcutt,0.015625,0.3333333333333333,5.333333333333333
14017,I Can't and I Won't — The Riptones,14898,Nothin' But Nothin' — Rex Hobart &amp; the Misery Boys,0.015625,0.3333333333333333,5.333333333333333
74982,Little Miss Fortune — Megan Jean and the Klay Family Band,14898,Nothin' But Nothin' — Rex Hobart &amp; the Misery Boys,0.015625,0.3333333333333333,5.333333333333333
118873,Luxury — Jon Langford,14898,Nothin' But Nothin' — Rex Hobart &amp; the Misery Boys,0.015625,0.3333333333333333,5.333333333333333
129492,How Did You Love Someone Like Me — Big Sandy and His Fly-Rite Boys,14898,Nothin' But Nothin' — Rex Hobart &amp; the Misery Boys,0.015625,0.3333333333333333,5.333333333333333
129496,Happy Birthday — Big Sandy and His Fly-Rite Boys,14898,Nothin' But Nothin' — Rex Hobart &amp; the Misery Boys,0.015625,0.3333333333333333,5.333333333333333
19135,Somebody Knockin' — T-Model Ford,61487,Stormy Blues — Arne Bang Huseby,0.015625,0.3333333333333333,5.333333333333333
19137,"If You Love Me Like You Say — Paul ""Wine"" Jones",61487,Stormy Blues — Arne Bang Huseby,0.015625,0.3333333333333333,5.333333333333333
23539,Can Opener — The Discoghosts,123638,The Glory of Life's Glory — Pimpstrut Local #13,0.015625,0.3333333333333333,5.333333333333333
50884,Aces High — Kevin MacLeod,123638,The Glory of Life's Glory — Pimpstrut Local #13,0.015625,0.3333333333333333,5.333333333333333
77381,Just Be — BJ Block & Dawn Pemberton,123623,Playon Playaz — Pimpstrut Local #13,0.015625,0.3333333333333333,5.333333333333333
118873,Luxury — Jon Langford,78750,Untitled 4 — Loren Connors and Bill Orcutt,0.015625,0.3333333333333333,5.333333333333333
128475,Blues do Cangaço — Molodoys,78750,Untitled 4 — Loren Connors and Bill Orcutt,0.015625,0.3333333333333333,5.333333333333333
87598,Lift Off — Jahzzar,123638,The Glory of Life's Glory — Pimpstrut Local #13,0.015625,0.3333333333333333,5.333333333333333
113354,Para Agradecer — Chicano Batman,123623,Playon Playaz — Pimpstrut Local #13,0.015625,0.3333333333333333,5.333333333333333
129492,How Did You Love Someone Like Me — Big Sandy and His Fly-Rite Boys,123623,Playon Playaz — Pimpstrut Local #13,0.015625,0.3333333333333333,5.333333333333333
740,Life After Sundown — Glass Candy,737,Youe Deam Lover's On Video Again — Glass Candy,0.015625,0.25,5.333333333333333
740,Life After Sundown — Glass Candy,12790,Nobody Knows You When You're Down and Out — Roger McGuinn,0.015625,0.25,5.333333333333333
740,Life After Sundown — Glass Candy,87598,Lift Off — Jahzzar,0.015625,0.25,5.333333333333333
3444,Hypocrite Shoes — Brother JT,12787,Old Plank Road — Roger McGuinn,0.015625,0.25,5.333333333333333
3444,Hypocrite Shoes — Brother JT,19135,Somebody Knockin' — T-Model Ford,0.015625,0.25,5.333333333333333
3444,Hypocrite Shoes — Brother JT,118656,Gone Away — Cullah,0.015625,0.25,5.333333333333333
3842,Shes Too Fat — Little Howlin' Wolf,129496,Happy Birthday — Big Sandy and His Fly-Rite Boys,0.015625,0.25,5.333333333333333
123623,Playon Playaz — Pimpstrut Local #13,12787,Old Plank Road — Roger McGuinn,0.015625,0.25,5.333333333333333
78750,Untitled 4 — Loren Connors and Bill Orcutt,12795,Going Down The Road Feeling Bad — Roger McGuinn,0.015625,0.25,5.333333333333333
14898,Nothin' But Nothin' — Rex Hobart &amp; the Misery Boys,14017,I Can't and I Won't — The Riptones,0.015625,0.25,5.333333333333333
14898,Nothin' But Nothin' — Rex Hobart &amp; the Misery Boys,74982,Little Miss Fortune — Megan Jean and the Klay Family Band,0.015625,0.25,5.333333333333333
14898,Nothin' But Nothin' — Rex Hobart &amp; the Misery Boys,118873,Luxury — Jon Langford,0.015625,0.25,5.333333333333333
14898,Nothin' But Nothin' — Rex Hobart &amp; the Misery Boys,129492,How Did You Love Someone Like Me — Big Sandy and His Fly-Rite Boys,0.015625,0.25,5.333333333333333
14898,Nothin' But Nothin' — Rex Hobart &amp; the Misery Boys,129496,Happy Birthday — Big Sandy and His Fly-Rite Boys,0.015625,0.25,5.333333333333333
61487,Stormy Blues — Arne Bang Huseby,19135,Somebody Knockin' — T-Model Ford,0.015625,0.25,5.333333333333333
61487,Stormy Blues — Arne Bang Huseby,19137,"If You Love Me Like You Say — Paul ""Wine"" Jones",0.015625,0.25,5.333333333333333
123638,The Glory of Life's Glory — Pimpstrut Local #13,23539,Can Opener — The Discoghosts,0.015625,0.25,5.333333333333333
123638,The Glory of Life's Glory — Pimpstrut Local #13,50884,Aces High — Kevin MacLeod,0.015625,0.25,5.333333333333333
123623,Playon Playaz — Pimpstrut Local #13,77381,Just Be — BJ Block & Dawn Pemberton,0.015625,0.25,5.333333333333333
78750,Untitled 4 — Loren Connors and Bill Orcutt,118873,Luxury — Jon Langford,0.015625,0.25,5.333333333333333
78750,Untitled 4 — Loren Connors and Bill Orcutt,128475,Blues do Cangaço — Molodoys,0.015625,0.25,5.333333333333333
123638,The Glory of Life's Glory — Pimpstrut Local #13,87598,Lift Off — Jahzzar,0.015625,0.25,5.333333333333333
123623,Playon Playaz — Pimpstrut Local #13,113354,Para Agradecer — Chicano Batman,0.015625,0.25,5.333333333333333
123623,Playon Playaz — Pimpstrut Local #13,129492,How Did You Love Someone Like Me — Big Sandy and His Fly-Rite Boys,0.015625,0.25,5.333333333333333
80164,Changes (Featuring Alena Sola) — Mabafu,80167,So Much More (Featuring Alena Sola) — Mabafu,0.0546875,0.5384615384615384,5.301775147928994
80167,So Much More (Featuring Alena Sola) — Mabafu,80164,Changes (Featuring Alena Sola) — Mabafu,0.0546875,0.5384615384615384,5.301775147928994
1043,I'm Shufflin' — Little Howlin' Wolf,3431,Throwaway — Brother JT,0.015625,0.2857142857142857,5.224489795918367
3431,Throwaway — Brother JT,1043,I'm Shufflin' — Little Howlin' Wolf,0.015625,0.2857142857142857,5.224489795918367
1043,I'm Shufflin' — Little Howlin' Wolf,19134,Wish I Was a Catfish — T-Model Ford,0.015625,0.2857142857142857,5.224489795918367
19134,Wish I Was a Catfish — T-Model Ford,1043,I'm Shufflin' — Little Howlin' Wolf,0.015625,0.2857142857142857,5.224489795918367
1043,I'm Shufflin' — Little Howlin' Wolf,118654,Where You Do Belong — Cullah,0.015625,0.2857142857142857,5.224489795918367
118654,Where You Do Belong — Cullah,1043,I'm Shufflin' — Little Howlin' Wolf,0.015625,0.2857142857142857,5.224489795918367
118657,To The Rhythm of the Funk — Cullah,1043,I'm Shufflin' — Little Howlin' Wolf,0.015625,0.2857142857142857,5.224489795918367
1043,I'm Shufflin' — Little Howlin' Wolf,118657,To The Rhythm of the Funk — Cullah,0.015625,0.2857142857142857,5.224489795918367
3440,Floatin' — Brother JT,3424,Interview — Brother JT,0.015625,0.2857142857142857,5.224489795918367
3424,Interview — Brother JT,3440,Floatin' — Brother JT,0.015625,0.2857142857142857,5.224489795918367
3424,Interview — Brother JT,3445,Young But Daily Growing — Brother JT,0.015625,0.2857142857142857,5.224489795918367
3445,Young But Daily Growing — Brother JT,3424,Interview — Brother JT,0.015625,0.2857142857142857,5.224489795918367
3424,Interview — Brother JT,25067,Workin Boy Blues — Bombay Laughing Club,0.015625,0.2857142857142857,5.224489795918367
25067,Workin Boy Blues — Bombay Laughing Club,3424,Interview — Brother JT,0.015625,0.2857142857142857,5.224489795918367
3424,Interview — Brother JT,118654,Where You Do Belong — Cullah,0.015625,0.2857142857142857,5.224489795918367
118654,Where You Do Belong — Cullah,3424,Interview — Brother JT,0.015625,0.2857142857142857,5.224489795918367
3424,Interview — Brother JT,118657,To The Rhythm of the Funk — Cullah,0.015625,0.2857142857142857,5.224489795918367
118657,To The Rhythm of the Funk — Cullah,3424,Interview — Brother JT,0.015625,0.2857142857142857,5.224489795918367
3424,Interview — Brother JT,118658,No Home — Cullah,0.015625,0.2857142857142857,5.224489795918367
118658,No Home — Cullah,3424,Interview — Brother JT,0.015625,0.2857142857142857,5.224489795918367
3426,Hey Mr. Sun — Brother JT,3431,Throwaway — Brother JT,0.015625,0.2857142857142857,5.224489795918367
3431,Throwaway — Brother JT,3426,Hey Mr. Sun — Brother JT,0.015625,0.2857142857142857,5.224489795918367
3426,Hey Mr. Sun — Brother JT,3445,Young But Daily Growing — Brother JT,0.015625,0.2857142857142857,5.224489795918367
3445,Young But Daily Growing — Brother JT,3426,Hey Mr. Sun — Brother JT,0.015625,0.2857142857142857,5.224489795918367
3426,Hey Mr. Sun — Brother JT,25067,Workin Boy Blues — Bombay Laughing Club,0.015625,0.2857142857142857,5.224489795918367
25067,Workin Boy Blues — Bombay Laughing Club,3426,Hey Mr. Sun — Brother JT,0.015625,0.2857142857142857,5.224489795918367
61489,Fjcb Reddit Gtr Fills Mix — Phoephus,3426,Hey Mr. Sun — Brother JT,0.015625,0.2857142857142857,5.224489795918367
3426,Hey Mr. Sun — Brother JT,61489,Fjcb Reddit Gtr Fills Mix — Phoephus,0.015625,0.2857142857142857,5.224489795918367
3426,Hey Mr. Sun — Brother JT,118654,Where You Do Belong — Cullah,0.015625,0.2857142857142857,5.224489795918367
118654,Where You Do Belong — Cullah,3426,Hey Mr. Sun — Brother JT,0.015625,0.2857142857142857,5.224489795918367
3440,Floatin' — Brother JT,3431,Throwaway — Brother JT,0.015625,0.2857142857142857,5.224489795918367
3431,Throwaway — Brother JT,3440,Floatin' — Brother JT,0.015625,0.2857142857142857,5.224489795918367
3445,Young But Daily Growing — Brother JT,3431,Throwaway — Brother JT,0.015625,0.2857142857142857,5.224489795918367
3431,Throwaway — Brother JT,3445,Young But Daily Growing — Brother JT,0.015625,0.2857142857142857,5.224489795918367
11957,Scared of My Own Blood A Cappella — Sunbyrn,3431,Throwaway — Brother JT,0.015625,0.2857142857142857,5.224489795918367
3431,Throwaway — Brother JT,11957,Scared of My Own Blood A Cappella — Sunbyrn,0.015625,0.2857142857142857,5.224489795918367
25067,Workin Boy Blues — Bombay Laughing Club,3431,Throwaway — Brother JT,0.015625,0.2857142857142857,5.224489795918367
3431,Throwaway — Brother JT,25067,Workin Boy Blues — Bombay Laughing Club,0.015625,0.2857142857142857,5.224489795918367
118654,Where You Do Belong — Cullah,3431,Throwaway — Brother JT,0.015625,0.2857142857142857,5.224489795918367
3431,Throwaway — Brother JT,118654,Where You Do Belong — Cullah,0.015625,0.2857142857142857,5.224489795918367
3440,Floatin' — Brother JT,3435,Let's Not And Say We Did — Brother JT,0.015625,0.2857142857142857,5.224489795918367
3435,Let's Not And Say We Did — Brother JT,3440,Floatin' — Brother JT,0.015625,0.2857142857142857,5.224489795918367
3435,Let's Not And Say We Did — Brother JT,3445,Young But Daily Growing — Brother JT,0.015625,0.2857142857142857,5.224489795918367
3445,Young But Daily Growing — Brother JT,3435,Let's Not And Say We Did — Brother JT,0.015625,0.2857142857142857,5.224489795918367
3435,Let's Not And Say We Did — Brother JT,11957,Scared of My Own Blood A Cappella — Sunbyrn,0.015625,0.2857142857142857,5.224489795918367
11957,Scared of My Own Blood A Cappella — Sunbyrn,3435,Let's Not And Say We Did — Brother JT,0.015625,0.2857142857142857,5.224489795918367
3440,Floatin' — Brother JT,3445,Young But Daily Growing — Brother JT,0.015625,0.2857142857142857,5.224489795918367
3445,Young But Daily Growing — Brother JT,3440,Floatin' — Brother JT,0.015625,0.2857142857142857,5.224489795918367
3440,Floatin' — Brother JT,3716,I Got to Cross the River Jordan — Immortal Lee County Killers,0.015625,0.2857142857142857,5.224489795918367
3716,I Got to Cross the River Jordan — Immortal Lee County Killers,3440,Floatin' — Brother JT,0.015625,0.2857142857142857,5.224489795918367
3440,Floatin' — Brother JT,11957,Scared of My Own Blood A Cappella — Sunbyrn,0.015625,0.2857142857142857,5.224489795918367
11957,Scared of My Own Blood A Cappella — Sunbyrn,3440,Floatin' — Brother JT,0.015625,0.2857142857142857,5.224489795918367
3440,Floatin' — Brother JT,118657,To The Rhythm of the Funk — Cullah,0.015625,0.2857142857142857,5.224489795918367
118657,To The Rhythm of the Funk — Cullah,3440,Floatin' — Brother JT,0.015625,0.2857142857142857,5.224489795918367
3440,Floatin' — Brother JT,118658,No Home — Cullah,0.015625,0.2857142857142857,5.224489795918367
118658,No Home — Cullah,3440,Floatin' — Brother JT,0.015625,0.2857142857142857,5.224489795918367
4536,I Can't Tell In His Eyes — Wildbirds and Peacedrums,3445,Young But Daily Growing — Brother JT,0.015625,0.2857142857142857,5.224489795918367
3445,Young But Daily Growing — Brother JT,4536,I Can't Tell In His Eyes — Wildbirds and Peacedrums,0.015625,0.2857142857142857,5.224489795918367
3445,Young But Daily Growing — Brother JT,11957,Scared of My Own Blood A Cappella — Sunbyrn,0.015625,0.2857142857142857,5.224489795918367
11957,Scared of My Own Blood A Cappella — Sunbyrn,3445,Young But Daily Growing — Brother JT,0.015625,0.2857142857142857,5.224489795918367
3445,Young But Daily Growing — Brother JT,19134,Wish I Was a Catfish — T-Model Ford,0.015625,0.2857142857142857,5.224489795918367
19134,Wish I Was a Catfish — T-Model Ford,3445,Young But Daily Growing — Brother JT,0.015625,0.2857142857142857,5.224489795918367
3445,Young But Daily Growing — Brother JT,118654,Where You Do Belong — Cullah,0.015625,0.2857142857142857,5.224489795918367
118654,Where You Do Belong — Cullah,3445,Young But Daily Growing — Brother JT,0.015625,0.2857142857142857,5.224489795918367
118874,Tubby Brothers — Jon Langford,3716,I Got to Cross the River Jordan — Immortal Lee County Killers,0.015625,0.2857142857142857,5.224489795918367
3716,I Got to Cross the River Jordan — Immortal Lee County Killers,118874,Tubby Brothers — Jon Langford,0.015625,0.2857142857142857,5.224489795918367
4536,I Can't Tell In His Eyes — Wildbirds and Peacedrums,19134,Wish I Was a Catfish — T-Model Ford,0.015625,0.2857142857142857,5.224489795918367
19134,Wish I Was a Catfish — T-Model Ford,4536,I Can't Tell In His Eyes — Wildbirds and Peacedrums,0.015625,0.2857142857142857,5.224489795918367
4536,I Can't Tell In His Eyes — Wildbirds and Peacedrums,25067,Workin Boy Blues — Bombay Laughing Club,0.015625,0.2857142857142857,5.224489795918367
25067,Workin Boy Blues — Bombay Laughing Club,4536,I Can't Tell In His Eyes — Wildbirds and Peacedrums,0.015625,0.2857142857142857,5.224489795918367
4536,I Can't Tell In His Eyes — Wildbirds and Peacedrums,118654,Where You Do Belong — Cullah,0.015625,0.2857142857142857,5.224489795918367
118654,Where You Do Belong — Cullah,4536,I Can't Tell In His Eyes — Wildbirds and Peacedrums,0.015625,0.2857142857142857,5.224489795918367
11209,Cornbread Sally — Sawtooth Mountain Boys,14899,I'll Never Sleep It Off — Rex Hobart &amp; the Misery Boys,0.015625,0.2857142857142857,5.224489795918367
14899,I'll Never Sleep It Off — Rex Hobart &amp; the Misery Boys,11209,Cornbread Sally — Sawtooth Mountain Boys,0.015625,0.2857142857142857,5.224489795918367
25067,Workin Boy Blues — Bombay Laughing Club,11957,Scared of My Own Blood A Cappella — Sunbyrn,0.015625,0.2857142857142857,5.224489795918367
11957,Scared of My Own Blood A Cappella — Sunbyrn,25067,Workin Boy Blues — Bombay Laughing Club,0.015625,0.2857142857142857,5.224489795918367
132228,High Class Girl From The Country — Zephaniah And The 18 Wheelers,12574,Comeback Kid — Deano Waco,0.015625,0.2857142857142857,5.224489795918367
12574,Comeback Kid — Deano Waco,132228,High Class Girl From The Country — Zephaniah And The 18 Wheelers,0.015625,0.2857142857142857,5.224489795918367
14899,I'll Never Sleep It Off — Rex Hobart &amp; the Misery Boys,129499,Wishing Him Away — Big Sandy and His Fly-Rite Boys,0.015625,0.2857142857142857,5.224489795918367
129499,Wishing Him Away — Big Sandy and His Fly-Rite Boys,14899,I'll Never Sleep It Off — Rex Hobart &amp; the Misery Boys,0.015625,0.2857142857142857,5.224489795918367
14899,I'll Never Sleep It Off — Rex Hobart &amp; the Misery Boys,129502,Don't Sweetheart Me — Big Sandy and His Fly-Rite Boys,0.015625,0.2857142857142857,5.224489795918367
129502,Don't Sweetheart Me — Big Sandy and His Fly-Rite Boys,14899,I'll Never Sleep It Off — Rex Hobart &amp; the Misery Boys,0.015625,0.2857142857142857,5.224489795918367
14899,I'll Never Sleep It Off — Rex Hobart &amp; the Misery Boys,132228,High Class Girl From The Country — Zephaniah And The 18 Wheelers,0.015625,0.2857142857142857,5.224489795918367
132228,High Class Girl From The Country — Zephaniah And The 18 Wheelers,14899,I'll Never Sleep It Off — Rex Hobart &amp; the Misery Boys,0.015625,0.2857142857142857,5.224489795918367
118654,Where You Do Belong — Cullah,19134,Wish I Was a Catfish — T-Model Ford,0.015625,0.2857142857142857,5.224489795918367
19134,Wish I Was a Catfish — T-Model Ford,118654,Where You Do Belong — Cullah,0.015625,0.2857142857142857,5.224489795918367
61489,Fjcb Reddit Gtr Fills Mix — Phoephus,25067,Workin Boy Blues — Bombay Laughing Club,0.015625,0.2857142857142857,5.224489795918367
25067,Workin Boy Blues — Bombay Laughing Club,61489,Fjcb Reddit Gtr Fills Mix — Phoephus,0.015625,0.2857142857142857,5.224489795918367
25067,Workin Boy Blues — Bombay Laughing Club,118654,Where You Do Belong — Cullah,0.015625,0.2857142857142857,5.224489795918367
118654,Where You Do Belong — Cullah,25067,Workin Boy Blues — Bombay Laughing Club,0.015625,0.2857142857142857,5.224489795918367
56177,We Don't Care (live at WFMU Record Fair) — CSC Funk Band,56173,DK's song 'untitled' (live at WFMU Record Fair) — CSC Funk Band,0.015625,0.2857142857142857,5.224489795918367
56173,DK's song 'untitled' (live at WFMU Record Fair) — CSC Funk Band,56177,We Don't Care (live at WFMU Record Fair) — CSC Funk Band,0.015625,0.2857142857142857,5.224489795918367
118658,No Home — Cullah,118654,Where You Do Belong — Cullah,0.015625,0.2857142857142857,5.224489795918367
118654,Where You Do Belong — Cullah,118658,No Home — Cullah,0.015625,0.2857142857142857,5.224489795918367
118657,To The Rhythm of the Funk — Cullah,118658,No Home — Cullah,0.015625,0.2857142857142857,5.224489795918367
118658,No Home — Cullah,118657,To The Rhythm of the Funk — Cullah,0.015625,0.2857142857142857,5.224489795918367
132228,High Class Girl From The Country — Zephaniah And The 18 Wheelers,129502,Don't Sweetheart Me — Big Sandy and His Fly-Rite Boys,0.015625,0.2857142857142857,5.224489795918367
129502,Don't Sweetheart Me — Big Sandy and His Fly-Rite Boys,132228,High Class Girl From The Country — Zephaniah And The 18 Wheelers,0.015625,0.2857142857142857,5.224489795918367
50954,Soporific — Kevin MacLeod,80168,All I Need (Featuring Alena Sola) — Mabafu,0.0859375,0.6111111111111112,5.214814814814815
80168,All I Need (Featuring Alena Sola) — Mabafu,50954,Soporific — Kevin MacLeod,0.0859375,0.7333333333333333,5.214814814814814
80164,Changes (Featuring Alena Sola) — Mabafu,50670,Sentimental-Fields 2 Here I Am — The Superfools,0.0703125,0.6923076923076923,5.212669683257919
50670,Sentimental-Fields 2 Here I Am — The Superfools,80164,Changes (Featuring Alena Sola) — Mabafu,0.0703125,0.5294117647058824,5.212669683257919
59173,She Gets All That She Wants — Ignatz,62435,Boulevard St Germain — Jahzzar,0.03125,0.36363636363636365,5.171717171717172
62435,Boulevard St Germain — Jahzzar,59173,She Gets All That She Wants — Ignatz,0.03125,0.4444444444444444,5.171717171717171
12792,500 Miles — Roger McGuinn,4538,There Is No Light — Wildbirds and Peacedrums,0.015625,0.4,5.12
50891,Dirt Rhodes — Kevin MacLeod,4538,There Is No Light — Wildbirds and Peacedrums,0.015625,0.4,5.12
50891,Dirt Rhodes — Kevin MacLeod,38544,Women Be Wise — Nobody's Bizness,0.015625,0.4,5.12
4538,There Is No Light — Wildbirds and Peacedrums,12792,500 Miles — Roger McGuinn,0.015625,0.2,5.12
4538,There Is No Light — Wildbirds and Peacedrums,50891,Dirt Rhodes — Kevin MacLeod,0.015625,0.2,5.12
38544,Women Be Wise — Nobody's Bizness,50891,Dirt Rhodes — Kevin MacLeod,0.015625,0.2,5.12
3431,Throwaway — Brother JT,59173,She Gets All That She Wants — Ignatz,0.0234375,0.42857142857142855,4.987012987012987
3445,Young But Daily Growing — Brother JT,59173,She Gets All That She Wants — Ignatz,0.0234375,0.42857142857142855,4.987012987012987
118657,To The Rhythm of the Funk — Cullah,59173,She Gets All That She Wants — Ignatz,0.0234375,0.42857142857142855,4.987012987012987
59173,She Gets All That She Wants — Ignatz,3431,Throwaway — Brother JT,0.0234375,0.2727272727272727,4.987012987012987
59173,She Gets All That She Wants — Ignatz,3445,Young But Daily Growing — Brother JT,0.0234375,0.2727272727272727,4.987012987012987
59173,She Gets All That She Wants — Ignatz,118657,To The Rhythm of the Funk — Cullah,0.0234375,0.2727272727272727,4.987012987012987
80164,Changes (Featuring Alena Sola) — Mabafu,50954,Soporific — Kevin MacLeod,0.0703125,0.6923076923076923,4.923076923076923
80164,Changes (Featuring Alena Sola) — Mabafu,145912,North Pole — MMFFF,0.0703125,0.6923076923076923,4.923076923076923
50674,Sentimental-Fields 1 WC-Fields — The Superfools,80164,Changes (Featuring Alena Sola) — Mabafu,0.0546875,0.5,4.923076923076923
50954,Soporific — Kevin MacLeod,80164,Changes (Featuring Alena Sola) — Mabafu,0.0703125,0.5,4.923076923076923
145912,North Pole — MMFFF,80164,Changes (Featuring Alena Sola) — Mabafu,0.0703125,0.5,4.923076923076923
80164,Changes (Featuring Alena Sola) — Mabafu,50674,Sentimental-Fields 1 WC-Fields — The Superfools,0.0546875,0.5384615384615384,4.9230769230769225
20695,Free Dschimi — Tracky Birthday,50670,Sentimental-Fields 2 Here I Am — The Superfools,0.1015625,0.65,4.894117647058824
50670,Sentimental-Fields 2 Here I Am — The Superfools,20695,Free Dschimi — Tracky Birthday,0.1015625,0.7647058823529411,4.894117647058823
80168,All I Need (Featuring Alena Sola) — Mabafu,145914,The Lion & The Snake — MMFFF,0.09375,0.8,4.876190476190477
145914,The Lion & The Snake — MMFFF,80168,All I Need (Featuring Alena Sola) — Mabafu,0.09375,0.5714285714285714,4.876190476190476
3425,Nothing Really — Brother JT,1044,Last Double Eagle — Little Howlin' Wolf,0.0234375,0.3333333333333333,4.7407407407407405
1044,Last Double Eagle — Little Howlin' Wolf,3425,Nothing Really — Brother JT,0.0234375,0.3333333333333333,4.7407407407407405
12787,Old Plank Road — Roger McGuinn,1044,Last Double Eagle — Little Howlin' Wolf,0.015625,0.3333333333333333,4.7407407407407405
12795,Going Down The Road Feeling Bad — Roger McGuinn,1044,Last Double Eagle — Little Howlin' Wolf,0.015625,0.3333333333333333,4.7407407407407405
19132,I Love My Babe — T-Model Ford,1044,Last Double Eagle — Little Howlin' Wolf,0.0234375,0.3333333333333333,4.7407407407407405
1044,Last Double Eagle — Little Howlin' Wolf,19132,I Love My Babe — T-Model Ford,0.0234375,0.3333333333333333,4.7407407407407405
113354,Para Agradecer — Chicano Batman,1044,Last Double Eagle — Little Howlin' Wolf,0.015625,0.3333333333333333,4.7407407407407405
118656,Gone Away — Cullah,1044,Last Double Eagle — Little Howlin' Wolf,0.015625,0.3333333333333333,4.7407407407407405
128475,Blues do Cangaço — Molodoys,1044,Last Double Eagle — Little Howlin' Wolf,0.015625,0.3333333333333333,4.7407407407407405
12787,Old Plank Road — Roger McGuinn,3425,Nothing Really — Brother JT,0.015625,0.3333333333333333,4.7407407407407405
12790,Nobody Knows You When You're Down and Out — Roger McGuinn,3425,Nothing Really — Brother JT,0.015625,0.3333333333333333,4.7407407407407405
12795,Going Down The Road Feeling Bad — Roger McGuinn,3425,Nothing Really — Brother JT,0.015625,0.3333333333333333,4.7407407407407405
50888,DD Groove — Kevin MacLeod,3425,Nothing Really — Brother JT,0.015625,0.3333333333333333,4.7407407407407405
129496,Happy Birthday — Big Sandy and His Fly-Rite Boys,3425,Nothing Really — Brother JT,0.015625,0.3333333333333333,4.7407407407407405
3425,Nothing Really — Brother JT,145129,Help Me After You Die [kat330 mash] — Kathleen Martin,0.0234375,0.3333333333333333,4.7407407407407405
145129,Help Me After You Die [kat330 mash] — Kathleen Martin,3425,Nothing Really — Brother JT,0.0234375,0.3333333333333333,4.7407407407407405
4540,Doubt/Hope — Wildbirds and Peacedrums,19132,I Love My Babe — T-Model Ford,0.015625,0.3333333333333333,4.7407407407407405
4540,Doubt/Hope — Wildbirds and Peacedrums,62435,Boulevard St Germain — Jahzzar,0.015625,0.3333333333333333,4.7407407407407405
4540,Doubt/Hope — Wildbirds and Peacedrums,145129,Help Me After You Die [kat330 mash] — Kathleen Martin,0.015625,0.3333333333333333,4.7407407407407405
12787,Old Plank Road — Roger McGuinn,50892,Slow Burn — Kevin MacLeod,0.015625,0.3333333333333333,4.7407407407407405
12790,Nobody Knows You When You're Down and Out — Roger McGuinn,19132,I Love My Babe — T-Model Ford,0.015625,0.3333333333333333,4.7407407407407405
12790,Nobody Knows You When You're Down and Out — Roger McGuinn,62435,Boulevard St Germain — Jahzzar,0.015625,0.3333333333333333,4.7407407407407405
12795,Going Down The Road Feeling Bad — Roger McGuinn,50892,Slow Burn — Kevin MacLeod,0.015625,0.3333333333333333,4.7407407407407405
12795,Going Down The Road Feeling Bad — Roger McGuinn,62435,Boulevard St Germain — Jahzzar,0.015625,0.3333333333333333,4.7407407407407405
50892,Slow Burn — Kevin MacLeod,19132,I Love My Babe — T-Model Ford,0.0234375,0.3333333333333333,4.7407407407407405
19132,I Love My Babe — T-Model Ford,50892,Slow Burn — Kevin MacLeod,0.0234375,0.3333333333333333,4.7407407407407405
128475,Blues do Cangaço — Molodoys,19132,I Love My Babe — T-Model Ford,0.015625,0.3333333333333333,4.7407407407407405
145129,Help Me After You Die [kat330 mash] — Kathleen Martin,19132,I Love My Babe — T-Model Ford,0.0234375,0.3333333333333333,4.7407407407407405
19132,I Love My Babe — T-Model Ford,145129,Help Me After You Die [kat330 mash] — Kathleen Martin,0.0234375,0.3333333333333333,4.7407407407407405
19135,Somebody Knockin' — T-Model Ford,62435,Boulevard St Germain — Jahzzar,0.015625,0.3333333333333333,4.7407407407407405
19137,"If You Love Me Like You Say — Paul ""Wine"" Jones",62435,Boulevard St Germain — Jahzzar,0.015625,0.3333333333333333,4.7407407407407405
19137,"If You Love Me Like You Say — Paul ""Wine"" Jones",145129,Help Me After You Die [kat330 mash] — Kathleen Martin,0.015625,0.3333333333333333,4.7407407407407405
50888,DD Groove — Kevin MacLeod,50892,Slow Burn — Kevin MacLeod,0.015625,0.3333333333333333,4.7407407407407405
50888,DD Groove — Kevin MacLeod,62435,Boulevard St Germain — Jahzzar,0.015625,0.3333333333333333,4.7407407407407405
50888,DD Groove — Kevin MacLeod,145129,Help Me After You Die [kat330 mash] — Kathleen Martin,0.015625,0.3333333333333333,4.7407407407407405
118656,Gone Away — Cullah,50892,Slow Burn — Kevin MacLeod,0.015625,0.3333333333333333,4.7407407407407405
128475,Blues do Cangaço — Molodoys,50892,Slow Burn — Kevin MacLeod,0.015625,0.3333333333333333,4.7407407407407405
128475,Blues do Cangaço — Molodoys,62435,Boulevard St Germain — Jahzzar,0.015625,0.3333333333333333,4.7407407407407405
1044,Last Double Eagle — Little Howlin' Wolf,12787,Old Plank Road — Roger McGuinn,0.015625,0.2222222222222222,4.7407407407407405
1044,Last Double Eagle — Little Howlin' Wolf,12795,Going Down The Road Feeling Bad — Roger McGuinn,0.015625,0.2222222222222222,4.7407407407407405
1044,Last Double Eagle — Little Howlin' Wolf,113354,Para Agradecer — Chicano Batman,0.015625,0.2222222222222222,4.7407407407407405
1044,Last Double Eagle — Little Howlin' Wolf,118656,Gone Away — Cullah,0.015625,0.2222222222222222,4.7407407407407405
1044,Last Double Eagle — Little Howlin' Wolf,128475,Blues do Cangaço — Molodoys,0.015625,0.2222222222222222,4.7407407407407405
3425,Nothing Really — Brother JT,12787,Old Plank Road — Roger McGuinn,0.015625,0.2222222222222222,4.7407407407407405
3425,Nothing Really — Brother JT,12790,Nobody Knows You When You're Down and Out — Roger McGuinn,0.015625,0.2222222222222222,4.7407407407407405
3425,Nothing Really — Brother JT,12795,Going Down The Road Feeling Bad — Roger McGuinn,0.015625,0.2222222222222222,4.7407407407407405
3425,Nothing Really — Brother JT,50888,DD Groove — Kevin MacLeod,0.015625,0.2222222222222222,4.7407407407407405
3425,Nothing Really — Brother JT,129496,Happy Birthday — Big Sandy and His Fly-Rite Boys,0.015625,0.2222222222222222,4.7407407407407405
19132,I Love My Babe — T-Model Ford,4540,Doubt/Hope — Wildbirds and Peacedrums,0.015625,0.2222222222222222,4.7407407407407405
62435,Boulevard St Germain — Jahzzar,4540,Doubt/Hope — Wildbirds and Peacedrums,0.015625,0.2222222222222222,4.7407407407407405
145129,Help Me After You Die [kat330 mash] — Kathleen Martin,4540,Doubt/Hope — Wildbirds and Peacedrums,0.015625,0.2222222222222222,4.7407407407407405
50892,Slow Burn — Kevin MacLeod,12787,Old Plank Road — Roger McGuinn,0.015625,0.2222222222222222,4.7407407407407405
19132,I Love My Babe — T-Model Ford,12790,Nobody Knows You When You're Down and Out — Roger McGuinn,0.015625,0.2222222222222222,4.7407407407407405
62435,Boulevard St Germain — Jahzzar,12790,Nobody Knows You When You're Down and Out — Roger McGuinn,0.015625,0.2222222222222222,4.7407407407407405
50892,Slow Burn — Kevin MacLeod,12795,Going Down The Road Feeling Bad — Roger McGuinn,0.015625,0.2222222222222222,4.7407407407407405
62435,Boulevard St Germain — Jahzzar,12795,Going Down The Road Feeling Bad — Roger McGuinn,0.015625,0.2222222222222222,4.7407407407407405
19132,I Love My Babe — T-Model Ford,128475,Blues do Cangaço — Molodoys,0.015625,0.2222222222222222,4.7407407407407405
62435,Boulevard St Germain — Jahzzar,19135,Somebody Knockin' — T-Model Ford,0.015625,0.2222222222222222,4.7407407407407405
62435,Boulevard St Germain — Jahzzar,19137,"If You Love Me Like You Say — Paul ""Wine"" Jones",0.015625,0.2222222222222222,4.7407407407407405
145129,Help Me After You Die [kat330 mash] — Kathleen Martin,19137,"If You Love Me Like You Say — Paul ""Wine"" Jones",0.015625,0.2222222222222222,4.7407407407407405
50892,Slow Burn — Kevin MacLeod,50888,DD Groove — Kevin MacLeod,0.015625,0.2222222222222222,4.7407407407407405
62435,Boulevard St Germain — Jahzzar,50888,DD Groove — Kevin MacLeod,0.015625,0.2222222222222222,4.7407407407407405
145129,Help Me After You Die [kat330 mash] — Kathleen Martin,50888,DD Groove — Kevin MacLeod,0.015625,0.2222222222222222,4.7407407407407405
50892,Slow Burn — Kevin MacLeod,118656,Gone Away — Cullah,0.015625,0.2222222222222222,4.7407407407407405
50892,Slow Burn — Kevin MacLeod,128475,Blues do Cangaço — Molodoys,0.015625,0.2222222222222222,4.7407407407407405
62435,Boulevard St Germain — Jahzzar,128475,Blues do Cangaço — Molodoys,0.015625,0.2222222222222222,4.7407407407407405
80167,So Much More (Featuring Alena Sola) — Mabafu,30199,Soho Joe — Lee Rosevere,0.078125,0.7692307692307693,4.688644688644689
80167,So Much More (Featuring Alena Sola) — Mabafu,145914,The Lion & The Snake — MMFFF,0.078125,0.7692307692307693,4.688644688644689
30199,Soho Joe — Lee Rosevere,80167,So Much More (Featuring Alena Sola) — Mabafu,0.078125,0.47619047619047616,4.688644688644688
145914,The Lion & The Snake — MMFFF,80167,So Much More (Featuring Alena Sola) — Mabafu,0.078125,0.47619047619047616,4.688644688644688
80164,Changes (Featuring Alena Sola) — Mabafu,50671,Sentimental-Fields 3 All Kinds Of Gibberish Sounds — The Superfools,0.0703125,0.6923076923076923,4.663967611336032
80164,Changes (Featuring Alena Sola) — Mabafu,50673,Sentimental-Fields 5 Sentimental Fields — The Superfools,0.0703125,0.6923076923076923,4.663967611336032
50671,Sentimental-Fields 3 All Kinds Of Gibberish Sounds — The Superfools,80164,Changes (Featuring Alena Sola) — Mabafu,0.0703125,0.47368421052631576,4.663967611336032
50673,Sentimental-Fields 5 Sentimental Fields — The Superfools,80164,Changes (Featuring Alena Sola) — Mabafu,0.0703125,0.47368421052631576,4.663967611336032
12792,500 Miles — Roger McGuinn,59173,She Gets All That She Wants — Ignatz,0.015625,0.4,4.654545454545455
50891,Dirt Rhodes — Kevin MacLeod,59173,She Gets All That She Wants — Ignatz,0.015625,0.4,4.654545454545455
80167,So Much More (Featuring Alena Sola) — Mabafu,50670,Sentimental-Fields 2 Here I Am — The Superfools,0.0625,0.6153846153846154,4.633484162895928
50670,Sentimental-Fields 2 Here I Am — The Superfools,80167,So Much More (Featuring Alena Sola) — Mabafu,0.0625,0.47058823529411764,4.633484162895927
145913,"Untold, unspoken — MMFFF",120474,Tidings of Comfort — Tidings of Comfort,0.0859375,0.6875,4.631578947368421
120474,Tidings of Comfort — Tidings of Comfort,145913,"Untold, unspoken — MMFFF",0.0859375,0.5789473684210527,4.631578947368421
3445,Young But Daily Growing — Brother JT,740,Life After Sundown — Glass Candy,0.015625,0.2857142857142857,4.571428571428571
11957,Scared of My Own Blood A Cappella — Sunbyrn,740,Life After Sundown — Glass Candy,0.015625,0.2857142857142857,4.571428571428571
19134,Wish I Was a Catfish — T-Model Ford,740,Life After Sundown — Glass Candy,0.015625,0.2857142857142857,4.571428571428571
28277,Funk Shoppe — CSC Funk Band,740,Life After Sundown — Glass Candy,0.015625,0.2857142857142857,4.571428571428571
56173,DK's song 'untitled' (live at WFMU Record Fair) — CSC Funk Band,740,Life After Sundown — Glass Candy,0.015625,0.2857142857142857,4.571428571428571
1043,I'm Shufflin' — Little Howlin' Wolf,3444,Hypocrite Shoes — Brother JT,0.015625,0.2857142857142857,4.571428571428571
1043,I'm Shufflin' — Little Howlin' Wolf,3842,Shes Too Fat — Little Howlin' Wolf,0.015625,0.2857142857142857,4.571428571428571
3424,Interview — Brother JT,3842,Shes Too Fat — Little Howlin' Wolf,0.015625,0.2857142857142857,4.571428571428571
3424,Interview — Brother JT,61487,Stormy Blues — Arne Bang Huseby,0.015625,0.2857142857142857,4.571428571428571
3431,Throwaway — Brother JT,61487,Stormy Blues — Arne Bang Huseby,0.015625,0.2857142857142857,4.571428571428571
3435,Let's Not And Say We Did — Brother JT,3444,Hypocrite Shoes — Brother JT,0.015625,0.2857142857142857,4.571428571428571
3435,Let's Not And Say We Did — Brother JT,61487,Stormy Blues — Arne Bang Huseby,0.015625,0.2857142857142857,4.571428571428571
3435,Let's Not And Say We Did — Brother JT,123623,Playon Playaz — Pimpstrut Local #13,0.015625,0.2857142857142857,4.571428571428571
3445,Young But Daily Growing — Brother JT,3444,Hypocrite Shoes — Brother JT,0.015625,0.2857142857142857,4.571428571428571
25067,Workin Boy Blues — Bombay Laughing Club,3444,Hypocrite Shoes — Brother JT,0.015625,0.2857142857142857,4.571428571428571
61489,Fjcb Reddit Gtr Fills Mix — Phoephus,3444,Hypocrite Shoes — Brother JT,0.015625,0.2857142857142857,4.571428571428571
118657,To The Rhythm of the Funk — Cullah,3444,Hypocrite Shoes — Brother JT,0.015625,0.2857142857142857,4.571428571428571
3445,Young But Daily Growing — Brother JT,3842,Shes Too Fat — Little Howlin' Wolf,0.015625,0.2857142857142857,4.571428571428571
3716,I Got to Cross the River Jordan — Immortal Lee County Killers,14898,Nothin' But Nothin' — Rex Hobart &amp; the Misery Boys,0.015625,0.2857142857142857,4.571428571428571
14899,I'll Never Sleep It Off — Rex Hobart &amp; the Misery Boys,3842,Shes Too Fat — Little Howlin' Wolf,0.015625,0.2857142857142857,4.571428571428571
19134,Wish I Was a Catfish — T-Model Ford,3842,Shes Too Fat — Little Howlin' Wolf,0.015625,0.2857142857142857,4.571428571428571
25067,Workin Boy Blues — Bombay Laughing Club,3842,Shes Too Fat — Little Howlin' Wolf,0.015625,0.2857142857142857,4.571428571428571
118657,To The Rhythm of the Funk — Cullah,3842,Shes Too Fat — Little Howlin' Wolf,0.015625,0.2857142857142857,4.571428571428571
118658,No Home — Cullah,3842,Shes Too Fat — Little Howlin' Wolf,0.015625,0.2857142857142857,4.571428571428571
11209,Cornbread Sally — Sawtooth Mountain Boys,14898,Nothin' But Nothin' — Rex Hobart &amp; the Misery Boys,0.015625,0.2857142857142857,4.571428571428571
11957,Scared of My Own Blood A Cappella — Sunbyrn,123623,Playon Playaz — Pimpstrut Local #13,0.015625,0.2857142857142857,4.571428571428571
14899,I'll Never Sleep It Off — Rex Hobart &amp; the Misery Boys,14898,Nothin' But Nothin' — Rex Hobart &amp; the Misery Boys,0.015625,0.2857142857142857,4.571428571428571
118874,Tubby Brothers — Jon Langford,14898,Nothin' But Nothin' — Rex Hobart &amp; the Misery Boys,0.015625,0.2857142857142857,4.571428571428571
129502,Don't Sweetheart Me — Big Sandy and His Fly-Rite Boys,14898,Nothin' But Nothin' — Rex Hobart &amp; the Misery Boys,0.015625,0.2857142857142857,4.571428571428571
56173,DK's song 'untitled' (live at WFMU Record Fair) — CSC Funk Band,61487,Stormy Blues — Arne Bang Huseby,0.015625,0.2857142857142857,4.571428571428571
61489,Fjcb Reddit Gtr Fills Mix — Phoephus,123623,Playon Playaz — Pimpstrut Local #13,0.015625,0.2857142857142857,4.571428571428571
118654,Where You Do Belong — Cullah,78750,Untitled 4 — Loren Connors and Bill Orcutt,0.015625,0.2857142857142857,4.571428571428571
129502,Don't Sweetheart Me — Big Sandy and His Fly-Rite Boys,78750,Untitled 4 — Loren Connors and Bill Orcutt,0.015625,0.2857142857142857,4.571428571428571
132228,High Class Girl From The Country — Zephaniah And The 18 Wheelers,78750,Untitled 4 — Loren Connors and Bill Orcutt,0.015625,0.2857142857142857,4.571428571428571
740,Life After Sundown — Glass Candy,3445,Young But Daily Growing — Brother JT,0.015625,0.25,4.571428571428571
740,Life After Sundown — Glass Candy,11957,Scared of My Own Blood A Cappella — Sunbyrn,0.015625,0.25,4.571428571428571
740,Life After Sundown — Glass Candy,19134,Wish I Was a Catfish — T-Model Ford,0.015625,0.25,4.571428571428571
740,Life After Sundown — Glass Candy,28277,Funk Shoppe — CSC Funk Band,0.015625,0.25,4.571428571428571
740,Life After Sundown — Glass Candy,56173,DK's song 'untitled' (live at WFMU Record Fair) — CSC Funk Band,0.015625,0.25,4.571428571428571
3444,Hypocrite Shoes — Brother JT,1043,I'm Shufflin' — Little Howlin' Wolf,0.015625,0.25,4.571428571428571
3842,Shes Too Fat — Little Howlin' Wolf,1043,I'm Shufflin' — Little Howlin' Wolf,0.015625,0.25,4.571428571428571
3842,Shes Too Fat — Little Howlin' Wolf,3424,Interview — Brother JT,0.015625,0.25,4.571428571428571
61487,Stormy Blues — Arne Bang Huseby,3424,Interview — Brother JT,0.015625,0.25,4.571428571428571
61487,Stormy Blues — Arne Bang Huseby,3431,Throwaway — Brother JT,0.015625,0.25,4.571428571428571
3444,Hypocrite Shoes — Brother JT,3435,Let's Not And Say We Did — Brother JT,0.015625,0.25,4.571428571428571
61487,Stormy Blues — Arne Bang Huseby,3435,Let's Not And Say We Did — Brother JT,0.015625,0.25,4.571428571428571
123623,Playon Playaz — Pimpstrut Local #13,3435,Let's Not And Say We Did — Brother JT,0.015625,0.25,4.571428571428571
3444,Hypocrite Shoes — Brother JT,3445,Young But Daily Growing — Brother JT,0.015625,0.25,4.571428571428571
3444,Hypocrite Shoes — Brother JT,25067,Workin Boy Blues — Bombay Laughing Club,0.015625,0.25,4.571428571428571
3444,Hypocrite Shoes — Brother JT,61489,Fjcb Reddit Gtr Fills Mix — Phoephus,0.015625,0.25,4.571428571428571
3444,Hypocrite Shoes — Brother JT,118657,To The Rhythm of the Funk — Cullah,0.015625,0.25,4.571428571428571
3842,Shes Too Fat — Little Howlin' Wolf,3445,Young But Daily Growing — Brother JT,0.015625,0.25,4.571428571428571
14898,Nothin' But Nothin' — Rex Hobart &amp; the Misery Boys,3716,I Got to Cross the River Jordan — Immortal Lee County Killers,0.015625,0.25,4.571428571428571
3842,Shes Too Fat — Little Howlin' Wolf,14899,I'll Never Sleep It Off — Rex Hobart &amp; the Misery Boys,0.015625,0.25,4.571428571428571
3842,Shes Too Fat — Little Howlin' Wolf,19134,Wish I Was a Catfish — T-Model Ford,0.015625,0.25,4.571428571428571
3842,Shes Too Fat — Little Howlin' Wolf,25067,Workin Boy Blues — Bombay Laughing Club,0.015625,0.25,4.571428571428571
3842,Shes Too Fat — Little Howlin' Wolf,118657,To The Rhythm of the Funk — Cullah,0.015625,0.25,4.571428571428571
3842,Shes Too Fat — Little Howlin' Wolf,118658,No Home — Cullah,0.015625,0.25,4.571428571428571
14898,Nothin' But Nothin' — Rex Hobart &amp; the Misery Boys,11209,Cornbread Sally — Sawtooth Mountain Boys,0.015625,0.25,4.571428571428571
123623,Playon Playaz — Pimpstrut Local #13,11957,Scared of My Own Blood A Cappella — Sunbyrn,0.015625,0.25,4.571428571428571
14898,Nothin' But Nothin' — Rex Hobart &amp; the Misery Boys,14899,I'll Never Sleep It Off — Rex Hobart &amp; the Misery Boys,0.015625,0.25,4.571428571428571
14898,Nothin' But Nothin' — Rex Hobart &amp; the Misery Boys,118874,Tubby Brothers — Jon Langford,0.015625,0.25,4.571428571428571
14898,Nothin' But Nothin' — Rex Hobart &amp; the Misery Boys,129502,Don't Sweetheart Me — Big Sandy and His Fly-Rite Boys,0.015625,0.25,4.571428571428571
61487,Stormy Blues — Arne Bang Huseby,56173,DK's song 'untitled' (live at WFMU Record Fair) — CSC Funk Band,0.015625,0.25,4.571428571428571
123623,Playon Playaz — Pimpstrut Local #13,61489,Fjcb Reddit Gtr Fills Mix — Phoephus,0.015625,0.25,4.571428571428571
78750,Untitled 4 — Loren Connors and Bill Orcutt,118654,Where You Do Belong — Cullah,0.015625,0.25,4.571428571428571
78750,Untitled 4 — Loren Connors and Bill Orcutt,129502,Don't Sweetheart Me — Big Sandy and His Fly-Rite Boys,0.015625,0.25,4.571428571428571
78750,Untitled 4 — Loren Connors and Bill Orcutt,132228,High Class Girl From The Country — Zephaniah And The 18 Wheelers,0.015625,0.25,4.571428571428571
80167,So Much More (Featuring Alena Sola) — Mabafu,20695,Free Dschimi — Tracky Birthday,0.0703125,0.6923076923076923,4.430769230769231
80164,Changes (Featuring Alena Sola) — Mabafu,145911,Quantum — MMFFF,0.0703125,0.6923076923076923,4.430769230769231
20695,Free Dschimi — Tracky Birthday,80167,So Much More (Featuring Alena Sola) — Mabafu,0.0703125,0.45,4.430769230769231
145911,Quantum — MMFFF,80164,Changes (Featuring Alena Sola) — Mabafu,0.0703125,0.45,4.430769230769231
80169,Bersarinplatz — Mabafu,120475,Tidings of Comfort (Instrumental) — Tidings of Comfort,0.1015625,0.7222222222222222,4.402116402116402
120475,Tidings of Comfort (Instrumental) — Tidings of Comfort,80169,Bersarinplatz — Mabafu,0.1015625,0.6190476190476191,4.402116402116402
61487,Stormy Blues — Arne Bang Huseby,59173,She Gets All That She Wants — Ignatz,0.0234375,0.375,4.363636363636363
59173,She Gets All That She Wants — Ignatz,61487,Stormy Blues — Arne Bang Huseby,0.0234375,0.2727272727272727,4.363636363636363
1044,Last Double Eagle — Little Howlin' Wolf,4538,There Is No Light — Wildbirds and Peacedrums,0.0234375,0.3333333333333333,4.266666666666667
1044,Last Double Eagle — Little Howlin' Wolf,38544,Women Be Wise — Nobody's Bizness,0.0234375,0.3333333333333333,4.266666666666667
12790,Nobody Knows You When You're Down and Out — Roger McGuinn,4538,There Is No Light — Wildbirds and Peacedrums,0.015625,0.3333333333333333,4.266666666666667
19135,Somebody Knockin' — T-Model Ford,4538,There Is No Light — Wildbirds and Peacedrums,0.015625,0.3333333333333333,4.266666666666667
50888,DD Groove — Kevin MacLeod,4538,There Is No Light — Wildbirds and Peacedrums,0.015625,0.3333333333333333,4.266666666666667
50892,Slow Burn — Kevin MacLeod,4538,There Is No Light — Wildbirds and Peacedrums,0.0234375,0.3333333333333333,4.266666666666667
118656,Gone Away — Cullah,4538,There Is No Light — Wildbirds and Peacedrums,0.015625,0.3333333333333333,4.266666666666667
4540,Doubt/Hope — Wildbirds and Peacedrums,38544,Women Be Wise — Nobody's Bizness,0.015625,0.3333333333333333,4.266666666666667
19137,"If You Love Me Like You Say — Paul ""Wine"" Jones",38544,Women Be Wise — Nobody's Bizness,0.015625,0.3333333333333333,4.266666666666667
118656,Gone Away — Cullah,38544,Women Be Wise — Nobody's Bizness,0.015625,0.3333333333333333,4.266666666666667
4538,There Is No Light — Wildbirds and Peacedrums,1044,Last Double Eagle — Little Howlin' Wolf,0.0234375,0.3,4.266666666666667
38544,Women Be Wise — Nobody's Bizness,1044,Last Double Eagle — Little Howlin' Wolf,0.0234375,0.3,4.266666666666667
4538,There Is No Light — Wildbirds and Peacedrums,50892,Slow Burn — Kevin MacLeod,0.0234375,0.3,4.266666666666667
4538,There Is No Light — Wildbirds and Peacedrums,12790,Nobody Knows You When You're Down and Out — Roger McGuinn,0.015625,0.2,4.266666666666667
4538,There Is No Light — Wildbirds and Peacedrums,19135,Somebody Knockin' — T-Model Ford,0.015625,0.2,4.266666666666667
4538,There Is No Light — Wildbirds and Peacedrums,50888,DD Groove — Kevin MacLeod,0.015625,0.2,4.266666666666667
4538,There Is No Light — Wildbirds and Peacedrums,118656,Gone Away — Cullah,0.015625,0.2,4.266666666666667
38544,Women Be Wise — Nobody's Bizness,4540,Doubt/Hope — Wildbirds and Peacedrums,0.015625,0.2,4.266666666666667
38544,Women Be Wise — Nobody's Bizness,19137,"If You Love Me Like You Say — Paul ""Wine"" Jones",0.015625,0.2,4.266666666666667
38544,Women Be Wise — Nobody's Bizness,118656,Gone Away — Cullah,0.015625,0.2,4.266666666666667
50673,Sentimental-Fields 5 Sentimental Fields — The Superfools,120474,Tidings of Comfort — Tidings of Comfort,0.09375,0.631578947368421,4.254847645429362
120474,Tidings of Comfort — Tidings of Comfort,50673,Sentimental-Fields 5 Sentimental Fields — The Superfools,0.09375,0.631578947368421,4.254847645429362
80164,Changes (Featuring Alena Sola) — Mabafu,120475,Tidings of Comfort (Instrumental) — Tidings of Comfort,0.0703125,0.6923076923076923,4.21978021978022
80167,So Much More (Featuring Alena Sola) — Mabafu,113727,Whaledive — Martin Lowack,0.0703125,0.6923076923076923,4.21978021978022
120475,Tidings of Comfort (Instrumental) — Tidings of Comfort,80164,Changes (Featuring Alena Sola) — Mabafu,0.0703125,0.42857142857142855,4.21978021978022
113727,Whaledive — Martin Lowack,80167,So Much More (Featuring Alena Sola) — Mabafu,0.0703125,0.42857142857142855,4.21978021978022
145913,"Untold, unspoken — MMFFF",50673,Sentimental-Fields 5 Sentimental Fields — The Superfools,0.078125,0.625,4.2105263157894735
50673,Sentimental-Fields 5 Sentimental Fields — The Superfools,145913,"Untold, unspoken — MMFFF",0.078125,0.5263157894736842,4.2105263157894735
145913,"Untold, unspoken — MMFFF",30199,Soho Joe — Lee Rosevere,0.0859375,0.6875,4.190476190476191
145913,"Untold, unspoken — MMFFF",113727,Whaledive — Martin Lowack,0.0859375,0.6875,4.190476190476191
30199,Soho Joe — Lee Rosevere,145913,"Untold, unspoken — MMFFF",0.0859375,0.5238095238095238,4.190476190476191
113727,Whaledive — Martin Lowack,145913,"Untold, unspoken — MMFFF",0.0859375,0.5238095238095238,4.190476190476191
80164,Changes (Featuring Alena Sola) — Mabafu,80165,Danger In Dependency (Featuring Alena Sola) — Mabafu,0.0859375,0.8461538461538461,4.165680473372781
80165,Danger In Dependency (Featuring Alena Sola) — Mabafu,80164,Changes (Featuring Alena Sola) — Mabafu,0.0859375,0.4230769230769231,4.165680473372781
50954,Soporific — Kevin MacLeod,50673,Sentimental-Fields 5 Sentimental Fields — The Superfools,0.0859375,0.6111111111111112,4.116959064327486
50954,Soporific — Kevin MacLeod,120474,Tidings of Comfort — Tidings of Comfort,0.0859375,0.6111111111111112,4.116959064327486
50673,Sentimental-Fields 5 Sentimental Fields — The Superfools,50954,Soporific — Kevin MacLeod,0.0859375,0.5789473684210527,4.116959064327485
120474,Tidings of Comfort — Tidings of Comfort,50954,Soporific — Kevin MacLeod,0.0859375,0.5789473684210527,4.116959064327485
50674,Sentimental-Fields 1 WC-Fields — The Superfools,145911,Quantum — MMFFF,0.0703125,0.6428571428571429,4.114285714285715
145911,Quantum — MMFFF,50674,Sentimental-Fields 1 WC-Fields — The Superfools,0.0703125,0.45,4.114285714285715
80164,Changes (Featuring Alena Sola) — Mabafu,50672,Sentimental-Fields 4 Don't Be A Luddy Duddy — The Superfools,0.078125,0.7692307692307693,4.102564102564103
50672,Sentimental-Fields 4 Don't Be A Luddy Duddy — The Superfools,80164,Changes (Featuring Alena Sola) — Mabafu,0.078125,0.4166666666666667,4.102564102564103
120475,Tidings of Comfort (Instrumental) — Tidings of Comfort,30199,Soho Joe — Lee Rosevere,0.109375,0.6666666666666666,4.063492063492063
30199,Soho Joe — Lee Rosevere,120475,Tidings of Comfort (Instrumental) — Tidings of Comfort,0.109375,0.6666666666666666,4.063492063492063
50954,Soporific — Kevin MacLeod,145914,The Lion & The Snake — MMFFF,0.09375,0.6666666666666666,4.063492063492063
145914,The Lion & The Snake — MMFFF,113727,Whaledive — Martin Lowack,0.109375,0.6666666666666666,4.063492063492063
113727,Whaledive — Martin Lowack,145914,The Lion & The Snake — MMFFF,0.109375,0.6666666666666666,4.063492063492063
145914,The Lion & The Snake — MMFFF,50954,Soporific — Kevin MacLeod,0.09375,0.5714285714285714,4.063492063492063
1043,I'm Shufflin' — Little Howlin' Wolf,3425,Nothing Really — Brother JT,0.015625,0.2857142857142857,4.063492063492063
1043,I'm Shufflin' — Little Howlin' Wolf,62435,Boulevard St Germain — Jahzzar,0.015625,0.2857142857142857,4.063492063492063
1043,I'm Shufflin' — Little Howlin' Wolf,145129,Help Me After You Die [kat330 mash] — Kathleen Martin,0.015625,0.2857142857142857,4.063492063492063
3435,Let's Not And Say We Did — Brother JT,1044,Last Double Eagle — Little Howlin' Wolf,0.015625,0.2857142857142857,4.063492063492063
3445,Young But Daily Growing — Brother JT,1044,Last Double Eagle — Little Howlin' Wolf,0.015625,0.2857142857142857,4.063492063492063
4536,I Can't Tell In His Eyes — Wildbirds and Peacedrums,1044,Last Double Eagle — Little Howlin' Wolf,0.015625,0.2857142857142857,4.063492063492063
61489,Fjcb Reddit Gtr Fills Mix — Phoephus,1044,Last Double Eagle — Little Howlin' Wolf,0.015625,0.2857142857142857,4.063492063492063
118657,To The Rhythm of the Funk — Cullah,1044,Last Double Eagle — Little Howlin' Wolf,0.015625,0.2857142857142857,4.063492063492063
118658,No Home — Cullah,1044,Last Double Eagle — Little Howlin' Wolf,0.015625,0.2857142857142857,4.063492063492063
3424,Interview — Brother JT,19132,I Love My Babe — T-Model Ford,0.015625,0.2857142857142857,4.063492063492063
3426,Hey Mr. Sun — Brother JT,3425,Nothing Really — Brother JT,0.015625,0.2857142857142857,4.063492063492063
3431,Throwaway — Brother JT,3425,Nothing Really — Brother JT,0.015625,0.2857142857142857,4.063492063492063
3426,Hey Mr. Sun — Brother JT,19132,I Love My Babe — T-Model Ford,0.015625,0.2857142857142857,4.063492063492063
3426,Hey Mr. Sun — Brother JT,145129,Help Me After You Die [kat330 mash] — Kathleen Martin,0.015625,0.2857142857142857,4.063492063492063
3431,Throwaway — Brother JT,145129,Help Me After You Die [kat330 mash] — Kathleen Martin,0.015625,0.2857142857142857,4.063492063492063
3440,Floatin' — Brother JT,19132,I Love My Babe — T-Model Ford,0.015625,0.2857142857142857,4.063492063492063
3440,Floatin' — Brother JT,50892,Slow Burn — Kevin MacLeod,0.015625,0.2857142857142857,4.063492063492063
3440,Floatin' — Brother JT,62435,Boulevard St Germain — Jahzzar,0.015625,0.2857142857142857,4.063492063492063
3445,Young But Daily Growing — Brother JT,19132,I Love My Babe — T-Model Ford,0.015625,0.2857142857142857,4.063492063492063
4536,I Can't Tell In His Eyes — Wildbirds and Peacedrums,19132,I Love My Babe — T-Model Ford,0.015625,0.2857142857142857,4.063492063492063
4536,I Can't Tell In His Eyes — Wildbirds and Peacedrums,50892,Slow Burn — Kevin MacLeod,0.015625,0.2857142857142857,4.063492063492063
11957,Scared of My Own Blood A Cappella — Sunbyrn,19132,I Love My Babe — T-Model Ford,0.015625,0.2857142857142857,4.063492063492063
11957,Scared of My Own Blood A Cappella — Sunbyrn,50892,Slow Burn — Kevin MacLeod,0.015625,0.2857142857142857,4.063492063492063
11957,Scared of My Own Blood A Cappella — Sunbyrn,145129,Help Me After You Die [kat330 mash] — Kathleen Martin,0.015625,0.2857142857142857,4.063492063492063
14899,I'll Never Sleep It Off — Rex Hobart &amp; the Misery Boys,19132,I Love My Babe — T-Model Ford,0.015625,0.2857142857142857,4.063492063492063
14899,I'll Never Sleep It Off — Rex Hobart &amp; the Misery Boys,50892,Slow Burn — Kevin MacLeod,0.015625,0.2857142857142857,4.063492063492063
19134,Wish I Was a Catfish — T-Model Ford,19132,I Love My Babe — T-Model Ford,0.015625,0.2857142857142857,4.063492063492063
25067,Workin Boy Blues — Bombay Laughing Club,19132,I Love My Babe — T-Model Ford,0.015625,0.2857142857142857,4.063492063492063
118657,To The Rhythm of the Funk — Cullah,19132,I Love My Babe — T-Model Ford,0.015625,0.2857142857142857,4.063492063492063
118658,No Home — Cullah,19132,I Love My Babe — T-Model Ford,0.015625,0.2857142857142857,4.063492063492063
61489,Fjcb Reddit Gtr Fills Mix — Phoephus,50892,Slow Burn — Kevin MacLeod,0.015625,0.2857142857142857,4.063492063492063
118654,Where You Do Belong — Cullah,50892,Slow Burn — Kevin MacLeod,0.015625,0.2857142857142857,4.063492063492063
61489,Fjcb Reddit Gtr Fills Mix — Phoephus,145129,Help Me After You Die [kat330 mash] — Kathleen Martin,0.015625,0.2857142857142857,4.063492063492063
118658,No Home — Cullah,62435,Boulevard St Germain — Jahzzar,0.015625,0.2857142857142857,4.063492063492063
118654,Where You Do Belong — Cullah,145129,Help Me After You Die [kat330 mash] — Kathleen Martin,0.015625,0.2857142857142857,4.063492063492063
118657,To The Rhythm of the Funk — Cullah,145129,Help Me After You Die [kat330 mash] — Kathleen Martin,0.015625,0.2857142857142857,4.063492063492063
3425,Nothing Really — Brother JT,1043,I'm Shufflin' — Little Howlin' Wolf,0.015625,0.2222222222222222,4.063492063492063
62435,Boulevard St Germain — Jahzzar,1043,I'm Shufflin' — Little Howlin' Wolf,0.015625,0.2222222222222222,4.063492063492063
145129,Help Me After You Die [kat330 mash] — Kathleen Martin,1043,I'm Shufflin' — Little Howlin' Wolf,0.015625,0.2222222222222222,4.063492063492063
1044,Last Double Eagle — Little Howlin' Wolf,3435,Let's Not And Say We Did — Brother JT,0.015625,0.2222222222222222,4.063492063492063
1044,Last Double Eagle — Little Howlin' Wolf,3445,Young But Daily Growing — Brother JT,0.015625,0.2222222222222222,4.063492063492063
1044,Last Double Eagle — Little Howlin' Wolf,4536,I Can't Tell In His Eyes — Wildbirds and Peacedrums,0.015625,0.2222222222222222,4.063492063492063
1044,Last Double Eagle — Little Howlin' Wolf,61489,Fjcb Reddit Gtr Fills Mix — Phoephus,0.015625,0.2222222222222222,4.063492063492063
1044,Last Double Eagle — Little Howlin' Wolf,118657,To The Rhythm of the Funk — Cullah,0.015625,0.2222222222222222,4.063492063492063
1044,Last Double Eagle — Little Howlin' Wolf,118658,No Home — Cullah,0.015625,0.2222222222222222,4.063492063492063
19132,I Love My Babe — T-Model Ford,3424,Interview — Brother JT,0.015625,0.2222222222222222,4.063492063492063
3425,Nothing Really — Brother JT,3426,Hey Mr. Sun — Brother JT,0.015625,0.2222222222222222,4.063492063492063
3425,Nothing Really — Brother JT,3431,Throwaway — Brother JT,0.015625,0.2222222222222222,4.063492063492063
19132,I Love My Babe — T-Model Ford,3426,Hey Mr. Sun — Brother JT,0.015625,0.2222222222222222,4.063492063492063
145129,Help Me After You Die [kat330 mash] — Kathleen Martin,3426,Hey Mr. Sun — Brother JT,0.015625,0.2222222222222222,4.063492063492063
145129,Help Me After You Die [kat330 mash] — Kathleen Martin,3431,Throwaway — Brother JT,0.015625,0.2222222222222222,4.063492063492063
19132,I Love My Babe — T-Model Ford,3440,Floatin' — Brother JT,0.015625,0.2222222222222222,4.063492063492063
50892,Slow Burn — Kevin MacLeod,3440,Floatin' — Brother JT,0.015625,0.2222222222222222,4.063492063492063
62435,Boulevard St Germain — Jahzzar,3440,Floatin' — Brother JT,0.015625,0.2222222222222222,4.063492063492063
19132,I Love My Babe — T-Model Ford,3445,Young But Daily Growing — Brother JT,0.015625,0.2222222222222222,4.063492063492063
19132,I Love My Babe — T-Model Ford,4536,I Can't Tell In His Eyes — Wildbirds and Peacedrums,0.015625,0.2222222222222222,4.063492063492063
50892,Slow Burn — Kevin MacLeod,4536,I Can't Tell In His Eyes — Wildbirds and Peacedrums,0.015625,0.2222222222222222,4.063492063492063
19132,I Love My Babe — T-Model Ford,11957,Scared of My Own Blood A Cappella — Sunbyrn,0.015625,0.2222222222222222,4.063492063492063
50892,Slow Burn — Kevin MacLeod,11957,Scared of My Own Blood A Cappella — Sunbyrn,0.015625,0.2222222222222222,4.063492063492063
145129,Help Me After You Die [kat330 mash] — Kathleen Martin,11957,Scared of My Own Blood A Cappella — Sunbyrn,0.015625,0.2222222222222222,4.063492063492063
19132,I Love My Babe — T-Model Ford,14899,I'll Never Sleep It Off — Rex Hobart &amp; the Misery Boys,0.015625,0.2222222222222222,4.063492063492063
50892,Slow Burn — Kevin MacLeod,14899,I'll Never Sleep It Off — Rex Hobart &amp; the Misery Boys,0.015625,0.2222222222222222,4.063492063492063
19132,I Love My Babe — T-Model Ford,19134,Wish I Was a Catfish — T-Model Ford,0.015625,0.2222222222222222,4.063492063492063
19132,I Love My Babe — T-Model Ford,25067,Workin Boy Blues — Bombay Laughing Club,0.015625,0.2222222222222222,4.063492063492063
19132,I Love My Babe — T-Model Ford,118657,To The Rhythm of the Funk — Cullah,0.015625,0.2222222222222222,4.063492063492063
19132,I Love My Babe — T-Model Ford,118658,No Home — Cullah,0.015625,0.2222222222222222,4.063492063492063
50892,Slow Burn — Kevin MacLeod,61489,Fjcb Reddit Gtr Fills Mix — Phoephus,0.015625,0.2222222222222222,4.063492063492063
50892,Slow Burn — Kevin MacLeod,118654,Where You Do Belong — Cullah,0.015625,0.2222222222222222,4.063492063492063
145129,Help Me After You Die [kat330 mash] — Kathleen Martin,61489,Fjcb Reddit Gtr Fills Mix — Phoephus,0.015625,0.2222222222222222,4.063492063492063
62435,Boulevard St Germain — Jahzzar,118658,No Home — Cullah,0.015625,0.2222222222222222,4.063492063492063
145129,Help Me After You Die [kat330 mash] — Kathleen Martin,118654,Where You Do Belong — Cullah,0.015625,0.2222222222222222,4.063492063492063
145129,Help Me After You Die [kat330 mash] — Kathleen Martin,118657,To The Rhythm of the Funk — Cullah,0.015625,0.2222222222222222,4.063492063492063
50673,Sentimental-Fields 5 Sentimental Fields — The Superfools,20695,Free Dschimi — Tracky Birthday,0.09375,0.631578947368421,4.042105263157895
20695,Free Dschimi — Tracky Birthday,50673,Sentimental-Fields 5 Sentimental Fields — The Superfools,0.09375,0.6,4.042105263157895
80168,All I Need (Featuring Alena Sola) — Mabafu,50673,Sentimental-Fields 5 Sentimental Fields — The Superfools,0.0703125,0.6,4.042105263157895
80168,All I Need (Featuring Alena Sola) — Mabafu,120474,Tidings of Comfort — Tidings of Comfort,0.0703125,0.6,4.042105263157895
50673,Sentimental-Fields 5 Sentimental Fields — The Superfools,80168,All I Need (Featuring Alena Sola) — Mabafu,0.0703125,0.47368421052631576,4.042105263157895
120474,Tidings of Comfort — Tidings of Comfort,80168,All I Need (Featuring Alena Sola) — Mabafu,0.0703125,0.47368421052631576,4.042105263157895
80168,All I Need (Featuring Alena Sola) — Mabafu,50670,Sentimental-Fields 2 Here I Am — The Superfools,0.0625,0.5333333333333333,4.015686274509804
50670,Sentimental-Fields 2 Here I Am — The Superfools,80168,All I Need (Featuring Alena Sola) — Mabafu,0.0625,0.47058823529411764,4.015686274509804
145913,"Untold, unspoken — MMFFF",20695,Free Dschimi — Tracky Birthday,0.078125,0.625,4.0
20695,Free Dschimi — Tracky Birthday,145913,"Untold, unspoken — MMFFF",0.078125,0.5,4.0
50674,Sentimental-Fields 1 WC-Fields — The Superfools,145913,"Untold, unspoken — MMFFF",0.0546875,0.5,4.0
145913,"Untold, unspoken — MMFFF",50674,Sentimental-Fields 1 WC-Fields — The Superfools,0.0546875,0.4375,4.0
740,Life After Sundown — Glass Candy,61487,Stormy Blues — Arne Bang Huseby,0.015625,0.25,4.0
61487,Stormy Blues — Arne Bang Huseby,740,Life After Sundown — Glass Candy,0.015625,0.25,4.0
740,Life After Sundown — Glass Candy,123623,Playon Playaz — Pimpstrut Local #13,0.015625,0.25,4.0
123623,Playon Playaz — Pimpstrut Local #13,740,Life After Sundown — Glass Candy,0.015625,0.25,4.0
740,Life After Sundown — Glass Candy,123638,The Glory of Life's Glory — Pimpstrut Local #13,0.015625,0.25,4.0
123638,The Glory of Life's Glory — Pimpstrut Local #13,740,Life After Sundown — Glass Candy,0.015625,0.25,4.0
3444,Hypocrite Shoes — Brother JT,61487,Stormy Blues — Arne Bang Huseby,0.015625,0.25,4.0
61487,Stormy Blues — Arne Bang Huseby,3444,Hypocrite Shoes — Brother JT,0.015625,0.25,4.0
3842,Shes Too Fat — Little Howlin' Wolf,14898,Nothin' But Nothin' — Rex Hobart &amp; the Misery Boys,0.015625,0.25,4.0
14898,Nothin' But Nothin' — Rex Hobart &amp; the Misery Boys,3842,Shes Too Fat — Little Howlin' Wolf,0.015625,0.25,4.0
50670,Sentimental-Fields 2 Here I Am — The Superfools,50673,Sentimental-Fields 5 Sentimental Fields — The Superfools,0.078125,0.5882352941176471,3.9628482972136223
50673,Sentimental-Fields 5 Sentimental Fields — The Superfools,50670,Sentimental-Fields 2 Here I Am — The Superfools,0.078125,0.5263157894736842,3.962848297213622
20695,Free Dschimi — Tracky Birthday,145914,The Lion & The Snake — MMFFF,0.1015625,0.65,3.961904761904762
145914,The Lion & The Snake — MMFFF,20695,Free Dschimi — Tracky Birthday,0.1015625,0.6190476190476191,3.961904761904762
145912,North Pole — MMFFF,50954,Soporific — Kevin MacLeod,0.078125,0.5555555555555556,3.9506172839506175
50954,Soporific — Kevin MacLeod,145912,North Pole — MMFFF,0.078125,0.5555555555555556,3.9506172839506175
80167,So Much More (Featuring Alena Sola) — Mabafu,145911,Quantum — MMFFF,0.0625,0.6153846153846154,3.9384615384615387
145911,Quantum — MMFFF,80167,So Much More (Featuring Alena Sola) — Mabafu,0.0625,0.4,3.9384615384615387
50673,Sentimental-Fields 5 Sentimental Fields — The Superfools,50671,Sentimental-Fields 3 All Kinds Of Gibberish Sounds — The Superfools,0.0859375,0.5789473684210527,3.9002770083102494
50671,Sentimental-Fields 3 All Kinds Of Gibberish Sounds — The Superfools,50673,Sentimental-Fields 5 Sentimental Fields — The Superfools,0.0859375,0.5789473684210527,3.9002770083102494
120474,Tidings of Comfort — Tidings of Comfort,145909,Houdini's Last Trick — MMFFF,0.0859375,0.5789473684210527,3.9002770083102494
145909,Houdini's Last Trick — MMFFF,120474,Tidings of Comfort — Tidings of Comfort,0.0859375,0.5789473684210527,3.9002770083102494
1044,Last Double Eagle — Little Howlin' Wolf,59173,She Gets All That She Wants — Ignatz,0.0234375,0.3333333333333333,3.8787878787878785
3425,Nothing Really — Brother JT,59173,She Gets All That She Wants — Ignatz,0.0234375,0.3333333333333333,3.8787878787878785
13671,Good 'ol Shoe — Patchwork on the Blues,59173,She Gets All That She Wants — Ignatz,0.015625,0.3333333333333333,3.8787878787878785
19137,"If You Love Me Like You Say — Paul ""Wine"" Jones",59173,She Gets All That She Wants — Ignatz,0.015625,0.3333333333333333,3.8787878787878785
145129,Help Me After You Die [kat330 mash] — Kathleen Martin,59173,She Gets All That She Wants — Ignatz,0.0234375,0.3333333333333333,3.8787878787878785
59173,She Gets All That She Wants — Ignatz,1044,Last Double Eagle — Little Howlin' Wolf,0.0234375,0.2727272727272727,3.8787878787878785
59173,She Gets All That She Wants — Ignatz,3425,Nothing Really — Brother JT,0.0234375,0.2727272727272727,3.8787878787878785
59173,She Gets All That She Wants — Ignatz,145129,Help Me After You Die [kat330 mash] — Kathleen Martin,0.0234375,0.2727272727272727,3.8787878787878785
120474,Tidings of Comfort — Tidings of Comfort,30199,Soho Joe — Lee Rosevere,0.09375,0.631578947368421,3.8496240601503757
145909,Houdini's Last Trick — MMFFF,30199,Soho Joe — Lee Rosevere,0.09375,0.631578947368421,3.8496240601503757
50673,Sentimental-Fields 5 Sentimental Fields — The Superfools,113727,Whaledive — Martin Lowack,0.09375,0.631578947368421,3.8496240601503757
120474,Tidings of Comfort — Tidings of Comfort,113727,Whaledive — Martin Lowack,0.09375,0.631578947368421,3.8496240601503757
120474,Tidings of Comfort — Tidings of Comfort,120475,Tidings of Comfort (Instrumental) — Tidings of Comfort,0.09375,0.631578947368421,3.8496240601503757
30199,Soho Joe — Lee Rosevere,120474,Tidings of Comfort — Tidings of Comfort,0.09375,0.5714285714285714,3.8496240601503757
30199,Soho Joe — Lee Rosevere,145909,Houdini's Last Trick — MMFFF,0.09375,0.5714285714285714,3.8496240601503757
113727,Whaledive — Martin Lowack,50673,Sentimental-Fields 5 Sentimental Fields — The Superfools,0.09375,0.5714285714285714,3.8496240601503757
113727,Whaledive — Martin Lowack,120474,Tidings of Comfort — Tidings of Comfort,0.09375,0.5714285714285714,3.8496240601503757
120475,Tidings of Comfort (Instrumental) — Tidings of Comfort,120474,Tidings of Comfort — Tidings of Comfort,0.09375,0.5714285714285714,3.8496240601503757
20695,Free Dschimi — Tracky Birthday,80168,All I Need (Featuring Alena Sola) — Mabafu,0.0703125,0.45,3.8400000000000003
145911,Quantum — MMFFF,80168,All I Need (Featuring Alena Sola) — Mabafu,0.0703125,0.45,3.8400000000000003
80168,All I Need (Featuring Alena Sola) — Mabafu,20695,Free Dschimi — Tracky Birthday,0.0703125,0.6,3.84
80168,All I Need (Featuring Alena Sola) — Mabafu,145911,Quantum — MMFFF,0.0703125,0.6,3.84
38544,Women Be Wise — Nobody's Bizness,4538,There Is No Light — Wildbirds and Peacedrums,0.0234375,0.3,3.84
4538,There Is No Light — Wildbirds and Peacedrums,38544,Women Be Wise — Nobody's Bizness,0.0234375,0.3,3.84
50954,Soporific — Kevin MacLeod,80167,So Much More (Featuring Alena Sola) — Mabafu,0.0546875,0.3888888888888889,3.8290598290598292
80169,Bersarinplatz — Mabafu,80164,Changes (Featuring Alena Sola) — Mabafu,0.0546875,0.3888888888888889,3.8290598290598292
145912,North Pole — MMFFF,80167,So Much More (Featuring Alena Sola) — Mabafu,0.0546875,0.3888888888888889,3.8290598290598292
80167,So Much More (Featuring Alena Sola) — Mabafu,50954,Soporific — Kevin MacLeod,0.0546875,0.5384615384615384,3.829059829059829
80164,Changes (Featuring Alena Sola) — Mabafu,80169,Bersarinplatz — Mabafu,0.0546875,0.5384615384615384,3.829059829059829
80167,So Much More (Featuring Alena Sola) — Mabafu,145912,North Pole — MMFFF,0.0546875,0.5384615384615384,3.829059829059829
145913,"Untold, unspoken — MMFFF",120475,Tidings of Comfort (Instrumental) — Tidings of Comfort,0.078125,0.625,3.8095238095238093
120475,Tidings of Comfort (Instrumental) — Tidings of Comfort,145913,"Untold, unspoken — MMFFF",0.078125,0.47619047619047616,3.8095238095238093
80168,All I Need (Featuring Alena Sola) — Mabafu,145912,North Pole — MMFFF,0.0625,0.5333333333333333,3.7925925925925927
145912,North Pole — MMFFF,80168,All I Need (Featuring Alena Sola) — Mabafu,0.0625,0.4444444444444444,3.7925925925925923
145913,"Untold, unspoken — MMFFF",50671,Sentimental-Fields 3 All Kinds Of Gibberish Sounds — The Superfools,0.0703125,0.5625,3.789473684210526
145913,"Untold, unspoken — MMFFF",145909,Houdini's Last Trick — MMFFF,0.0703125,0.5625,3.789473684210526
50671,Sentimental-Fields 3 All Kinds Of Gibberish Sounds — The Superfools,145913,"Untold, unspoken — MMFFF",0.0703125,0.47368421052631576,3.789473684210526
145909,Houdini's Last Trick — MMFFF,145913,"Untold, unspoken — MMFFF",0.0703125,0.47368421052631576,3.789473684210526
145914,The Lion & The Snake — MMFFF,30199,Soho Joe — Lee Rosevere,0.1015625,0.6190476190476191,3.7732426303854876
30199,Soho Joe — Lee Rosevere,145914,The Lion & The Snake — MMFFF,0.1015625,0.6190476190476191,3.7732426303854876
50670,Sentimental-Fields 2 Here I Am — The Superfools,145911,Quantum — MMFFF,0.078125,0.5882352941176471,3.764705882352941
145911,Quantum — MMFFF,50670,Sentimental-Fields 2 Here I Am — The Superfools,0.078125,0.5,3.764705882352941
80164,Changes (Featuring Alena Sola) — Mabafu,30199,Soho Joe — Lee Rosevere,0.0625,0.6153846153846154,3.750915750915751
80164,Changes (Featuring Alena Sola) — Mabafu,113727,Whaledive — Martin Lowack,0.0625,0.6153846153846154,3.750915750915751
30199,Soho Joe — Lee Rosevere,80164,Changes (Featuring Alena Sola) — Mabafu,0.0625,0.38095238095238093,3.750915750915751
113727,Whaledive — Martin Lowack,80164,Changes (Featuring Alena Sola) — Mabafu,0.0625,0.38095238095238093,3.750915750915751
145912,North Pole — MMFFF,145914,The Lion & The Snake — MMFFF,0.0859375,0.6111111111111112,3.724867724867725
145914,The Lion & The Snake — MMFFF,145912,North Pole — MMFFF,0.0859375,0.5238095238095238,3.724867724867725
20695,Free Dschimi — Tracky Birthday,120474,Tidings of Comfort — Tidings of Comfort,0.0859375,0.55,3.7052631578947373
145911,Quantum — MMFFF,50673,Sentimental-Fields 5 Sentimental Fields — The Superfools,0.0859375,0.55,3.7052631578947373
120474,Tidings of Comfort — Tidings of Comfort,20695,Free Dschimi — Tracky Birthday,0.0859375,0.5789473684210527,3.705263157894737
50673,Sentimental-Fields 5 Sentimental Fields — The Superfools,145911,Quantum — MMFFF,0.0859375,0.5789473684210527,3.705263157894737
80164,Changes (Featuring Alena Sola) — Mabafu,145913,"Untold, unspoken — MMFFF",0.046875,0.46153846153846156,3.6923076923076925
80167,So Much More (Featuring Alena Sola) — Mabafu,145913,"Untold, unspoken — MMFFF",0.046875,0.46153846153846156,3.6923076923076925
145913,"Untold, unspoken — MMFFF",80164,Changes (Featuring Alena Sola) — Mabafu,0.046875,0.375,3.6923076923076925
145913,"Untold, unspoken — MMFFF",80167,So Much More (Featuring Alena Sola) — Mabafu,0.046875,0.375,3.6923076923076925
20695,Free Dschimi — Tracky Birthday,50674,Sentimental-Fields 1 WC-Fields — The Superfools,0.0625,0.4,3.6571428571428575
80168,All I Need (Featuring Alena Sola) — Mabafu,50674,Sentimental-Fields 1 WC-Fields — The Superfools,0.046875,0.4,3.6571428571428575
38544,Women Be Wise — Nobody's Bizness,1043,I'm Shufflin' — Little Howlin' Wolf,0.015625,0.2,3.6571428571428575
4538,There Is No Light — Wildbirds and Peacedrums,3424,Interview — Brother JT,0.015625,0.2,3.6571428571428575
38544,Women Be Wise — Nobody's Bizness,3424,Interview — Brother JT,0.015625,0.2,3.6571428571428575
38544,Women Be Wise — Nobody's Bizness,3431,Throwaway — Brother JT,0.015625,0.2,3.6571428571428575
38544,Women Be Wise — Nobody's Bizness,3435,Let's Not And Say We Did — Brother JT,0.015625,0.2,3.6571428571428575
38544,Women Be Wise — Nobody's Bizness,3440,Floatin' — Brother JT,0.015625,0.2,3.6571428571428575
4538,There Is No Light — Wildbirds and Peacedrums,3716,I Got to Cross the River Jordan — Immortal Lee County Killers,0.015625,0.2,3.6571428571428575
4538,There Is No Light — Wildbirds and Peacedrums,4536,I Can't Tell In His Eyes — Wildbirds and Peacedrums,0.015625,0.2,3.6571428571428575
38544,Women Be Wise — Nobody's Bizness,4536,I Can't Tell In His Eyes — Wildbirds and Peacedrums,0.015625,0.2,3.6571428571428575
4538,There Is No Light — Wildbirds and Peacedrums,14899,I'll Never Sleep It Off — Rex Hobart &amp; the Misery Boys,0.015625,0.2,3.6571428571428575
4538,There Is No Light — Wildbirds and Peacedrums,19134,Wish I Was a Catfish — T-Model Ford,0.015625,0.2,3.6571428571428575
4538,There Is No Light — Wildbirds and Peacedrums,25067,Workin Boy Blues — Bombay Laughing Club,0.015625,0.2,3.6571428571428575
4538,There Is No Light — Wildbirds and Peacedrums,61489,Fjcb Reddit Gtr Fills Mix — Phoephus,0.015625,0.2,3.6571428571428575
38544,Women Be Wise — Nobody's Bizness,118654,Where You Do Belong — Cullah,0.015625,0.2,3.6571428571428575
38544,Women Be Wise — Nobody's Bizness,118657,To The Rhythm of the Funk — Cullah,0.015625,0.2,3.6571428571428575
38544,Women Be Wise — Nobody's Bizness,118658,No Home — Cullah,0.015625,0.2,3.6571428571428575
38544,Women Be Wise — Nobody's Bizness,129502,Don't Sweetheart Me — Big Sandy and His Fly-Rite Boys,0.015625,0.2,3.6571428571428575
755,Love On a Plate — Glass Candy,113727,Whaledive — Martin Lowack,0.0234375,0.6,3.657142857142857
20695,Free Dschimi — Tracky Birthday,113727,Whaledive — Martin Lowack,0.09375,0.6,3.657142857142857
20695,Free Dschimi — Tracky Birthday,120475,Tidings of Comfort (Instrumental) — Tidings of Comfort,0.09375,0.6,3.657142857142857
80168,All I Need (Featuring Alena Sola) — Mabafu,30199,Soho Joe — Lee Rosevere,0.0703125,0.6,3.657142857142857
80168,All I Need (Featuring Alena Sola) — Mabafu,113727,Whaledive — Martin Lowack,0.0703125,0.6,3.657142857142857
80168,All I Need (Featuring Alena Sola) — Mabafu,120475,Tidings of Comfort (Instrumental) — Tidings of Comfort,0.0703125,0.6,3.657142857142857
50674,Sentimental-Fields 1 WC-Fields — The Superfools,20695,Free Dschimi — Tracky Birthday,0.0625,0.5714285714285714,3.657142857142857
113727,Whaledive — Martin Lowack,20695,Free Dschimi — Tracky Birthday,0.09375,0.5714285714285714,3.657142857142857
120475,Tidings of Comfort (Instrumental) — Tidings of Comfort,20695,Free Dschimi — Tracky Birthday,0.09375,0.5714285714285714,3.657142857142857
30199,Soho Joe — Lee Rosevere,80168,All I Need (Featuring Alena Sola) — Mabafu,0.0703125,0.42857142857142855,3.657142857142857
50674,Sentimental-Fields 1 WC-Fields — The Superfools,80168,All I Need (Featuring Alena Sola) — Mabafu,0.046875,0.42857142857142855,3.657142857142857
113727,Whaledive — Martin Lowack,80168,All I Need (Featuring Alena Sola) — Mabafu,0.0703125,0.42857142857142855,3.657142857142857
120475,Tidings of Comfort (Instrumental) — Tidings of Comfort,80168,All I Need (Featuring Alena Sola) — Mabafu,0.0703125,0.42857142857142855,3.657142857142857
1043,I'm Shufflin' — Little Howlin' Wolf,38544,Women Be Wise — Nobody's Bizness,0.015625,0.2857142857142857,3.657142857142857
3424,Interview — Brother JT,4538,There Is No Light — Wildbirds and Peacedrums,0.015625,0.2857142857142857,3.657142857142857
3424,Interview — Brother JT,38544,Women Be Wise — Nobody's Bizness,0.015625,0.2857142857142857,3.657142857142857
3431,Throwaway — Brother JT,38544,Women Be Wise — Nobody's Bizness,0.015625,0.2857142857142857,3.657142857142857
3435,Let's Not And Say We Did — Brother JT,38544,Women Be Wise — Nobody's Bizness,0.015625,0.2857142857142857,3.657142857142857
3440,Floatin' — Brother JT,38544,Women Be Wise — Nobody's Bizness,0.015625,0.2857142857142857,3.657142857142857
3716,I Got to Cross the River Jordan — Immortal Lee County Killers,4538,There Is No Light — Wildbirds and Peacedrums,0.015625,0.2857142857142857,3.657142857142857
4536,I Can't Tell In His Eyes — Wildbirds and Peacedrums,4538,There Is No Light — Wildbirds and Peacedrums,0.015625,0.2857142857142857,3.657142857142857
4536,I Can't Tell In His Eyes — Wildbirds and Peacedrums,38544,Women Be Wise — Nobody's Bizness,0.015625,0.2857142857142857,3.657142857142857
14899,I'll Never Sleep It Off — Rex Hobart &amp; the Misery Boys,4538,There Is No Light — Wildbirds and Peacedrums,0.015625,0.2857142857142857,3.657142857142857
19134,Wish I Was a Catfish — T-Model Ford,4538,There Is No Light — Wildbirds and Peacedrums,0.015625,0.2857142857142857,3.657142857142857
25067,Workin Boy Blues — Bombay Laughing Club,4538,There Is No Light — Wildbirds and Peacedrums,0.015625,0.2857142857142857,3.657142857142857
61489,Fjcb Reddit Gtr Fills Mix — Phoephus,4538,There Is No Light — Wildbirds and Peacedrums,0.015625,0.2857142857142857,3.657142857142857
118654,Where You Do Belong — Cullah,38544,Women Be Wise — Nobody's Bizness,0.015625,0.2857142857142857,3.657142857142857
118657,To The Rhythm of the Funk — Cullah,38544,Women Be Wise — Nobody's Bizness,0.015625,0.2857142857142857,3.657142857142857
118658,No Home — Cullah,38544,Women Be Wise — Nobody's Bizness,0.015625,0.2857142857142857,3.657142857142857
129502,Don't Sweetheart Me — Big Sandy and His Fly-Rite Boys,38544,Women Be Wise — Nobody's Bizness,0.015625,0.2857142857142857,3.657142857142857
120474,Tidings of Comfort — Tidings of Comfort,50672,Sentimental-Fields 4 Don't Be A Luddy Duddy — The Superfools,0.1015625,0.6842105263157895,3.649122807017544
50672,Sentimental-Fields 4 Don't Be A Luddy Duddy — The Superfools,120474,Tidings of Comfort — Tidings of Comfort,0.1015625,0.5416666666666666,3.6491228070175437
80167,So Much More (Featuring Alena Sola) — Mabafu,50671,Sentimental-Fields 3 All Kinds Of Gibberish Sounds — The Superfools,0.0546875,0.5384615384615384,3.6275303643724697
80164,Changes (Featuring Alena Sola) — Mabafu,120474,Tidings of Comfort — Tidings of Comfort,0.0546875,0.5384615384615384,3.6275303643724697
80164,Changes (Featuring Alena Sola) — Mabafu,145909,Houdini's Last Trick — MMFFF,0.0546875,0.5384615384615384,3.6275303643724697
50671,Sentimental-Fields 3 All Kinds Of Gibberish Sounds — The Superfools,80167,So Much More (Featuring Alena Sola) — Mabafu,0.0546875,0.3684210526315789,3.6275303643724692
120474,Tidings of Comfort — Tidings of Comfort,80164,Changes (Featuring Alena Sola) — Mabafu,0.0546875,0.3684210526315789,3.6275303643724692
145909,Houdini's Last Trick — MMFFF,80164,Changes (Featuring Alena Sola) — Mabafu,0.0546875,0.3684210526315789,3.6275303643724692
80165,Danger In Dependency (Featuring Alena Sola) — Mabafu,80168,All I Need (Featuring Alena Sola) — Mabafu,0.0859375,0.4230769230769231,3.6102564102564103
80168,All I Need (Featuring Alena Sola) — Mabafu,80165,Danger In Dependency (Featuring Alena Sola) — Mabafu,0.0859375,0.7333333333333333,3.61025641025641
80168,All I Need (Featuring Alena Sola) — Mabafu,50671,Sentimental-Fields 3 All Kinds Of Gibberish Sounds — The Superfools,0.0625,0.5333333333333333,3.592982456140351
50671,Sentimental-Fields 3 All Kinds Of Gibberish Sounds — The Superfools,80168,All I Need (Featuring Alena Sola) — Mabafu,0.0625,0.42105263157894735,3.5929824561403505
50670,Sentimental-Fields 2 Here I Am — The Superfools,30199,Soho Joe — Lee Rosevere,0.078125,0.5882352941176471,3.585434173669468
50670,Sentimental-Fields 2 Here I Am — The Superfools,120475,Tidings of Comfort (Instrumental) — Tidings of Comfort,0.078125,0.5882352941176471,3.585434173669468
50670,Sentimental-Fields 2 Here I Am — The Superfools,145914,The Lion & The Snake — MMFFF,0.078125,0.5882352941176471,3.585434173669468
30199,Soho Joe — Lee Rosevere,50670,Sentimental-Fields 2 Here I Am — The Superfools,0.078125,0.47619047619047616,3.5854341736694675
120475,Tidings of Comfort (Instrumental) — Tidings of Comfort,50670,Sentimental-Fields 2 Here I Am — The Superfools,0.078125,0.47619047619047616,3.5854341736694675
145914,The Lion & The Snake — MMFFF,50670,Sentimental-Fields 2 Here I Am — The Superfools,0.078125,0.47619047619047616,3.5854341736694675
50670,Sentimental-Fields 2 Here I Am — The Superfools,120474,Tidings of Comfort — Tidings of Comfort,0.0703125,0.5294117647058824,3.56656346749226
120474,Tidings of Comfort — Tidings of Comfort,50670,Sentimental-Fields 2 Here I Am — The Superfools,0.0703125,0.47368421052631576,3.56656346749226
50954,Soporific — Kevin MacLeod,20695,Free Dschimi — Tracky Birthday,0.078125,0.5555555555555556,3.555555555555556
80169,Bersarinplatz — Mabafu,20695,Free Dschimi — Tracky Birthday,0.078125,0.5555555555555556,3.555555555555556
145912,North Pole — MMFFF,20695,Free Dschimi — Tracky Birthday,0.078125,0.5555555555555556,3.555555555555556
50954,Soporific — Kevin MacLeod,145911,Quantum — MMFFF,0.078125,0.5555555555555556,3.555555555555556
145912,North Pole — MMFFF,145911,Quantum — MMFFF,0.078125,0.5555555555555556,3.555555555555556
50954,Soporific — Kevin MacLeod,50674,Sentimental-Fields 1 WC-Fields — The Superfools,0.0546875,0.3888888888888889,3.555555555555556
145912,North Pole — MMFFF,50674,Sentimental-Fields 1 WC-Fields — The Superfools,0.0546875,0.3888888888888889,3.555555555555556
745,Nite Nurses — Glass Candy,145912,North Pole — MMFFF,0.0234375,0.5,3.5555555555555554
20695,Free Dschimi — Tracky Birthday,50954,Soporific — Kevin MacLeod,0.078125,0.5,3.5555555555555554
20695,Free Dschimi — Tracky Birthday,80169,Bersarinplatz — Mabafu,0.078125,0.5,3.5555555555555554
20695,Free Dschimi — Tracky Birthday,145912,North Pole — MMFFF,0.078125,0.5,3.5555555555555554
50674,Sentimental-Fields 1 WC-Fields — The Superfools,50954,Soporific — Kevin MacLeod,0.0546875,0.5,3.5555555555555554
50674,Sentimental-Fields 1 WC-Fields — The Superfools,145912,North Pole — MMFFF,0.0546875,0.5,3.5555555555555554
145911,Quantum — MMFFF,50954,Soporific — Kevin MacLeod,0.078125,0.5,3.5555555555555554
145913,"Untold, unspoken — MMFFF",50954,Soporific — Kevin MacLeod,0.0625,0.5,3.5555555555555554
145913,"Untold, unspoken — MMFFF",80169,Bersarinplatz — Mabafu,0.0625,0.5,3.5555555555555554
145911,Quantum — MMFFF,145912,North Pole — MMFFF,0.078125,0.5,3.5555555555555554
50954,Soporific — Kevin MacLeod,145913,"Untold, unspoken — MMFFF",0.0625,0.4444444444444444,3.5555555555555554
80169,Bersarinplatz — Mabafu,145913,"Untold, unspoken — MMFFF",0.0625,0.4444444444444444,3.5555555555555554
740,Life After Sundown — Glass Candy,1044,Last Double Eagle — Little Howlin' Wolf,0.015625,0.25,3.5555555555555554
740,Life After Sundown — Glass Candy,62435,Boulevard St Germain — Jahzzar,0.015625,0.25,3.5555555555555554
3842,Shes Too Fat — Little Howlin' Wolf,1044,Last Double Eagle — Little Howlin' Wolf,0.015625,0.25,3.5555555555555554
61487,Stormy Blues — Arne Bang Huseby,1044,Last Double Eagle — Little Howlin' Wolf,0.015625,0.25,3.5555555555555554
3444,Hypocrite Shoes — Brother JT,62435,Boulevard St Germain — Jahzzar,0.015625,0.25,3.5555555555555554
3842,Shes Too Fat — Little Howlin' Wolf,19132,I Love My Babe — T-Model Ford,0.015625,0.25,3.5555555555555554
3842,Shes Too Fat — Little Howlin' Wolf,50892,Slow Burn — Kevin MacLeod,0.015625,0.25,3.5555555555555554
61487,Stormy Blues — Arne Bang Huseby,19132,I Love My Babe — T-Model Ford,0.015625,0.25,3.5555555555555554
1044,Last Double Eagle — Little Howlin' Wolf,740,Life After Sundown — Glass Candy,0.015625,0.2222222222222222,3.5555555555555554
62435,Boulevard St Germain — Jahzzar,740,Life After Sundown — Glass Candy,0.015625,0.2222222222222222,3.5555555555555554
1044,Last Double Eagle — Little Howlin' Wolf,3842,Shes Too Fat — Little Howlin' Wolf,0.015625,0.2222222222222222,3.5555555555555554
1044,Last Double Eagle — Little Howlin' Wolf,61487,Stormy Blues — Arne Bang Huseby,0.015625,0.2222222222222222,3.5555555555555554
62435,Boulevard St Germain — Jahzzar,3444,Hypocrite Shoes — Brother JT,0.015625,0.2222222222222222,3.5555555555555554
19132,I Love My Babe — T-Model Ford,3842,Shes Too Fat — Little Howlin' Wolf,0.015625,0.2222222222222222,3.5555555555555554
50892,Slow Burn — Kevin MacLeod,3842,Shes Too Fat — Little Howlin' Wolf,0.015625,0.2222222222222222,3.5555555555555554
19132,I Love My Babe — T-Model Ford,61487,Stormy Blues — Arne Bang Huseby,0.015625,0.2222222222222222,3.5555555555555554
120474,Tidings of Comfort — Tidings of Comfort,50671,Sentimental-Fields 3 All Kinds Of Gibberish Sounds — The Superfools,0.078125,0.5263157894736842,3.5457063711911356
50671,Sentimental-Fields 3 All Kinds Of Gibberish Sounds — The Superfools,120474,Tidings of Comfort — Tidings of Comfort,0.078125,0.5263157894736842,3.5457063711911356
50673,Sentimental-Fields 5 Sentimental Fields — The Superfools,145909,Houdini's Last Trick — MMFFF,0.078125,0.5263157894736842,3.5457063711911356
145909,Houdini's Last Trick — MMFFF,50673,Sentimental-Fields 5 Sentimental Fields — The Superfools,0.078125,0.5263157894736842,3.5457063711911356
50671,Sentimental-Fields 3 All Kinds Of Gibberish Sounds — The Superfools,30199,Soho Joe — Lee Rosevere,0.0859375,0.5789473684210527,3.528822055137845
50673,Sentimental-Fields 5 Sentimental Fields — The Superfools,145914,The Lion & The Snake — MMFFF,0.0859375,0.5789473684210527,3.528822055137845
145909,Houdini's Last Trick — MMFFF,113727,Whaledive — Martin Lowack,0.0859375,0.5789473684210527,3.528822055137845
120474,Tidings of Comfort — Tidings of Comfort,145914,The Lion & The Snake — MMFFF,0.0859375,0.5789473684210527,3.528822055137845
145909,Houdini's Last Trick — MMFFF,145914,The Lion & The Snake — MMFFF,0.0859375,0.5789473684210527,3.528822055137845
30199,Soho Joe — Lee Rosevere,50671,Sentimental-Fields 3 All Kinds Of Gibberish Sounds — The Superfools,0.0859375,0.5238095238095238,3.528822055137845
145914,The Lion & The Snake — MMFFF,50673,Sentimental-Fields 5 Sentimental Fields — The Superfools,0.0859375,0.5238095238095238,3.528822055137845
113727,Whaledive — Martin Lowack,145909,Houdini's Last Trick — MMFFF,0.0859375,0.5238095238095238,3.528822055137845
145914,The Lion & The Snake — MMFFF,120474,Tidings of Comfort — Tidings of Comfort,0.0859375,0.5238095238095238,3.528822055137845
145914,The Lion & The Snake — MMFFF,145909,Houdini's Last Trick — MMFFF,0.0859375,0.5238095238095238,3.528822055137845
145911,Quantum — MMFFF,20695,Free Dschimi — Tracky Birthday,0.0859375,0.55,3.5200000000000005
20695,Free Dschimi — Tracky Birthday,145911,Quantum — MMFFF,0.0859375,0.55,3.5200000000000005
80167,So Much More (Featuring Alena Sola) — Mabafu,50674,Sentimental-Fields 1 WC-Fields — The Superfools,0.0390625,0.38461538461538464,3.516483516483517
50674,Sentimental-Fields 1 WC-Fields — The Superfools,80167,So Much More (Featuring Alena Sola) — Mabafu,0.0390625,0.35714285714285715,3.5164835164835164
38544,Women Be Wise — Nobody's Bizness,59173,She Gets All That She Wants — Ignatz,0.0234375,0.3,3.4909090909090907
59173,She Gets All That She Wants — Ignatz,38544,Women Be Wise — Nobody's Bizness,0.0234375,0.2727272727272727,3.4909090909090907
30199,Soho Joe — Lee Rosevere,113727,Whaledive — Martin Lowack,0.09375,0.5714285714285714,3.4829931972789114
113727,Whaledive — Martin Lowack,30199,Soho Joe — Lee Rosevere,0.09375,0.5714285714285714,3.4829931972789114
50674,Sentimental-Fields 1 WC-Fields — The Superfools,113727,Whaledive — Martin Lowack,0.0625,0.5714285714285714,3.4829931972789114
50674,Sentimental-Fields 1 WC-Fields — The Superfools,145914,The Lion & The Snake — MMFFF,0.0625,0.5714285714285714,3.4829931972789114
145914,The Lion & The Snake — MMFFF,120475,Tidings of Comfort (Instrumental) — Tidings of Comfort,0.09375,0.5714285714285714,3.4829931972789114
120475,Tidings of Comfort (Instrumental) — Tidings of Comfort,145914,The Lion & The Snake — MMFFF,0.09375,0.5714285714285714,3.4829931972789114
113727,Whaledive — Martin Lowack,50674,Sentimental-Fields 1 WC-Fields — The Superfools,0.0625,0.38095238095238093,3.4829931972789114
145914,The Lion & The Snake — MMFFF,50674,Sentimental-Fields 1 WC-Fields — The Superfools,0.0625,0.38095238095238093,3.4829931972789114
80167,So Much More (Featuring Alena Sola) — Mabafu,72511,Heaven — Zero V,0.0546875,0.5384615384615384,3.446153846153846
72511,Heaven — Zero V,80167,So Much More (Featuring Alena Sola) — Mabafu,0.0546875,0.35,3.446153846153846
145913,"Untold, unspoken — MMFFF",145914,The Lion & The Snake — MMFFF,0.0703125,0.5625,3.4285714285714284
145914,The Lion & The Snake — MMFFF,145913,"Untold, unspoken — MMFFF",0.0703125,0.42857142857142855,3.4285714285714284
80167,So Much More (Featuring Alena Sola) — Mabafu,80165,Danger In Dependency (Featuring Alena Sola) — Mabafu,0.0703125,0.6923076923076923,3.408284023668639
80165,Danger In Dependency (Featuring Alena Sola) — Mabafu,80167,So Much More (Featuring Alena Sola) — Mabafu,0.0703125,0.34615384615384615,3.408284023668639
80169,Bersarinplatz — Mabafu,30199,Soho Joe — Lee Rosevere,0.078125,0.5555555555555556,3.3862433862433865
50954,Soporific — Kevin MacLeod,113727,Whaledive — Martin Lowack,0.078125,0.5555555555555556,3.3862433862433865
145912,North Pole — MMFFF,113727,Whaledive — Martin Lowack,0.078125,0.5555555555555556,3.3862433862433865
30199,Soho Joe — Lee Rosevere,80169,Bersarinplatz — Mabafu,0.078125,0.47619047619047616,3.386243386243386
113727,Whaledive — Martin Lowack,50954,Soporific — Kevin MacLeod,0.078125,0.47619047619047616,3.386243386243386
113727,Whaledive — Martin Lowack,145912,North Pole — MMFFF,0.078125,0.47619047619047616,3.386243386243386
50673,Sentimental-Fields 5 Sentimental Fields — The Superfools,50672,Sentimental-Fields 4 Don't Be A Luddy Duddy — The Superfools,0.09375,0.631578947368421,3.3684210526315788
50671,Sentimental-Fields 3 All Kinds Of Gibberish Sounds — The Superfools,20695,Free Dschimi — Tracky Birthday,0.078125,0.5263157894736842,3.3684210526315788
50671,Sentimental-Fields 3 All Kinds Of Gibberish Sounds — The Superfools,72511,Heaven — Zero V,0.078125,0.5263157894736842,3.3684210526315788
745,Nite Nurses — Glass Candy,50673,Sentimental-Fields 5 Sentimental Fields — The Superfools,0.0234375,0.5,3.3684210526315788
745,Nite Nurses — Glass Candy,120474,Tidings of Comfort — Tidings of Comfort,0.0234375,0.5,3.3684210526315788
20695,Free Dschimi — Tracky Birthday,50671,Sentimental-Fields 3 All Kinds Of Gibberish Sounds — The Superfools,0.078125,0.5,3.3684210526315788
72511,Heaven — Zero V,50671,Sentimental-Fields 3 All Kinds Of Gibberish Sounds — The Superfools,0.078125,0.5,3.3684210526315788
145912,North Pole — MMFFF,50671,Sentimental-Fields 3 All Kinds Of Gibberish Sounds — The Superfools,0.0703125,0.5,3.3684210526315788
50672,Sentimental-Fields 4 Don't Be A Luddy Duddy — The Superfools,50673,Sentimental-Fields 5 Sentimental Fields — The Superfools,0.09375,0.5,3.3684210526315788
80169,Bersarinplatz — Mabafu,50673,Sentimental-Fields 5 Sentimental Fields — The Superfools,0.0703125,0.5,3.3684210526315788
145912,North Pole — MMFFF,50673,Sentimental-Fields 5 Sentimental Fields — The Superfools,0.0703125,0.5,3.3684210526315788
50954,Soporific — Kevin MacLeod,145909,Houdini's Last Trick — MMFFF,0.0703125,0.5,3.3684210526315788
80169,Bersarinplatz — Mabafu,120474,Tidings of Comfort — Tidings of Comfort,0.0703125,0.5,3.3684210526315788
145912,North Pole — MMFFF,120474,Tidings of Comfort — Tidings of Comfort,0.0703125,0.5,3.3684210526315788
145912,North Pole — MMFFF,145909,Houdini's Last Trick — MMFFF,0.0703125,0.5,3.3684210526315788
50671,Sentimental-Fields 3 All Kinds Of Gibberish Sounds — The Superfools,145912,North Pole — MMFFF,0.0703125,0.47368421052631576,3.3684210526315788
50673,Sentimental-Fields 5 Sentimental Fields — The Superfools,80169,Bersarinplatz — Mabafu,0.0703125,0.47368421052631576,3.3684210526315788
50673,Sentimental-Fields 5 Sentimental Fields — The Superfools,145912,North Pole — MMFFF,0.0703125,0.47368421052631576,3.3684210526315788
145909,Houdini's Last Trick — MMFFF,50954,Soporific — Kevin MacLeod,0.0703125,0.47368421052631576,3.3684210526315788
120474,Tidings of Comfort — Tidings of Comfort,80169,Bersarinplatz — Mabafu,0.0703125,0.47368421052631576,3.3684210526315788
120474,Tidings of Comfort — Tidings of Comfort,145912,North Pole — MMFFF,0.0703125,0.47368421052631576,3.3684210526315788
145909,Houdini's Last Trick — MMFFF,145912,North Pole — MMFFF,0.0703125,0.47368421052631576,3.3684210526315788
20695,Free Dschimi — Tracky Birthday,30199,Soho Joe — Lee Rosevere,0.0859375,0.55,3.3523809523809525
72511,Heaven — Zero V,30199,Soho Joe — Lee Rosevere,0.0859375,0.55,3.3523809523809525
145911,Quantum — MMFFF,113727,Whaledive — Martin Lowack,0.0859375,0.55,3.3523809523809525
145911,Quantum — MMFFF,145914,The Lion & The Snake — MMFFF,0.0859375,0.55,3.3523809523809525
30199,Soho Joe — Lee Rosevere,20695,Free Dschimi — Tracky Birthday,0.0859375,0.5238095238095238,3.3523809523809525
30199,Soho Joe — Lee Rosevere,72511,Heaven — Zero V,0.0859375,0.5238095238095238,3.3523809523809525
113727,Whaledive — Martin Lowack,145911,Quantum — MMFFF,0.0859375,0.5238095238095238,3.3523809523809525
145914,The Lion & The Snake — MMFFF,145911,Quantum — MMFFF,0.0859375,0.5238095238095238,3.3523809523809525
50670,Sentimental-Fields 2 Here I Am — The Superfools,50954,Soporific — Kevin MacLeod,0.0625,0.47058823529411764,3.34640522875817
50670,Sentimental-Fields 2 Here I Am — The Superfools,80169,Bersarinplatz — Mabafu,0.0625,0.47058823529411764,3.34640522875817
50670,Sentimental-Fields 2 Here I Am — The Superfools,145912,North Pole — MMFFF,0.0625,0.47058823529411764,3.34640522875817
50954,Soporific — Kevin MacLeod,50670,Sentimental-Fields 2 Here I Am — The Superfools,0.0625,0.4444444444444444,3.3464052287581696
80169,Bersarinplatz — Mabafu,50670,Sentimental-Fields 2 Here I Am — The Superfools,0.0625,0.4444444444444444,3.3464052287581696
145912,North Pole — MMFFF,50670,Sentimental-Fields 2 Here I Am — The Superfools,0.0625,0.4444444444444444,3.3464052287581696
145913,"Untold, unspoken — MMFFF",50672,Sentimental-Fields 4 Don't Be A Luddy Duddy — The Superfools,0.078125,0.625,3.3333333333333335
50672,Sentimental-Fields 4 Don't Be A Luddy Duddy — The Superfools,145913,"Untold, unspoken — MMFFF",0.078125,0.4166666666666667,3.3333333333333335
3426,Hey Mr. Sun — Brother JT,59173,She Gets All That She Wants — Ignatz,0.015625,0.2857142857142857,3.3246753246753245
4536,I Can't Tell In His Eyes — Wildbirds and Peacedrums,59173,She Gets All That She Wants — Ignatz,0.015625,0.2857142857142857,3.3246753246753245
11957,Scared of My Own Blood A Cappella — Sunbyrn,59173,She Gets All That She Wants — Ignatz,0.015625,0.2857142857142857,3.3246753246753245
25067,Workin Boy Blues — Bombay Laughing Club,59173,She Gets All That She Wants — Ignatz,0.015625,0.2857142857142857,3.3246753246753245
80166,Oblivion (Featuring Knixx) — Mabafu,80169,Bersarinplatz — Mabafu,0.0546875,0.4666666666666667,3.3185185185185184
80166,Oblivion (Featuring Knixx) — Mabafu,145912,North Pole — MMFFF,0.0546875,0.4666666666666667,3.3185185185185184
80168,All I Need (Featuring Alena Sola) — Mabafu,80169,Bersarinplatz — Mabafu,0.0546875,0.4666666666666667,3.3185185185185184
80169,Bersarinplatz — Mabafu,80166,Oblivion (Featuring Knixx) — Mabafu,0.0546875,0.3888888888888889,3.3185185185185184
145912,North Pole — MMFFF,80166,Oblivion (Featuring Knixx) — Mabafu,0.0546875,0.3888888888888889,3.3185185185185184
80169,Bersarinplatz — Mabafu,80168,All I Need (Featuring Alena Sola) — Mabafu,0.0546875,0.3888888888888889,3.3185185185185184
145913,"Untold, unspoken — MMFFF",50670,Sentimental-Fields 2 Here I Am — The Superfools,0.0546875,0.4375,3.2941176470588234
50670,Sentimental-Fields 2 Here I Am — The Superfools,145913,"Untold, unspoken — MMFFF",0.0546875,0.4117647058823529,3.2941176470588234
80165,Danger In Dependency (Featuring Alena Sola) — Mabafu,50954,Soporific — Kevin MacLeod,0.09375,0.46153846153846156,3.2820512820512824
80164,Changes (Featuring Alena Sola) — Mabafu,80166,Oblivion (Featuring Knixx) — Mabafu,0.0390625,0.38461538461538464,3.2820512820512824
50954,Soporific — Kevin MacLeod,80165,Danger In Dependency (Featuring Alena Sola) — Mabafu,0.09375,0.6666666666666666,3.282051282051282
80167,So Much More (Featuring Alena Sola) — Mabafu,120475,Tidings of Comfort (Instrumental) — Tidings of Comfort,0.0546875,0.5384615384615384,3.282051282051282
745,Nite Nurses — Glass Candy,80164,Changes (Featuring Alena Sola) — Mabafu,0.015625,0.3333333333333333,3.282051282051282
80166,Oblivion (Featuring Knixx) — Mabafu,80164,Changes (Featuring Alena Sola) — Mabafu,0.0390625,0.3333333333333333,3.282051282051282
120475,Tidings of Comfort (Instrumental) — Tidings of Comfort,80167,So Much More (Featuring Alena Sola) — Mabafu,0.0546875,0.3333333333333333,3.282051282051282
80169,Bersarinplatz — Mabafu,50672,Sentimental-Fields 4 Don't Be A Luddy Duddy — The Superfools,0.0859375,0.6111111111111112,3.2592592592592595
50672,Sentimental-Fields 4 Don't Be A Luddy Duddy — The Superfools,80169,Bersarinplatz — Mabafu,0.0859375,0.4583333333333333,3.259259259259259
80166,Oblivion (Featuring Knixx) — Mabafu,30199,Soho Joe — Lee Rosevere,0.0625,0.5333333333333333,3.250793650793651
80166,Oblivion (Featuring Knixx) — Mabafu,145914,The Lion & The Snake — MMFFF,0.0625,0.5333333333333333,3.250793650793651
30199,Soho Joe — Lee Rosevere,80166,Oblivion (Featuring Knixx) — Mabafu,0.0625,0.38095238095238093,3.250793650793651
145914,The Lion & The Snake — MMFFF,80166,Oblivion (Featuring Knixx) — Mabafu,0.0625,0.38095238095238093,3.250793650793651
50670,Sentimental-Fields 2 Here I Am — The Superfools,113727,Whaledive — Martin Lowack,0.0703125,0.5294117647058824,3.226890756302521
50670,Sentimental-Fields 2 Here I Am — The Superfools,50674,Sentimental-Fields 1 WC-Fields — The Superfools,0.046875,0.35294117647058826,3.226890756302521
50674,Sentimental-Fields 1 WC-Fields — The Superfools,50670,Sentimental-Fields 2 Here I Am — The Superfools,0.046875,0.42857142857142855,3.2268907563025206
113727,Whaledive — Martin Lowack,50670,Sentimental-Fields 2 Here I Am — The Superfools,0.0703125,0.42857142857142855,3.2268907563025206
50673,Sentimental-Fields 5 Sentimental Fields — The Superfools,30199,Soho Joe — Lee Rosevere,0.078125,0.5263157894736842,3.208020050125313
50671,Sentimental-Fields 3 All Kinds Of Gibberish Sounds — The Superfools,113727,Whaledive — Martin Lowack,0.078125,0.5263157894736842,3.208020050125313
50671,Sentimental-Fields 3 All Kinds Of Gibberish Sounds — The Superfools,120475,Tidings of Comfort (Instrumental) — Tidings of Comfort,0.078125,0.5263157894736842,3.208020050125313
50671,Sentimental-Fields 3 All Kinds Of Gibberish Sounds — The Superfools,145914,The Lion & The Snake — MMFFF,0.078125,0.5263157894736842,3.208020050125313
30199,Soho Joe — Lee Rosevere,50673,Sentimental-Fields 5 Sentimental Fields — The Superfools,0.078125,0.47619047619047616,3.208020050125313
113727,Whaledive — Martin Lowack,50671,Sentimental-Fields 3 All Kinds Of Gibberish Sounds — The Superfools,0.078125,0.47619047619047616,3.208020050125313
120475,Tidings of Comfort (Instrumental) — Tidings of Comfort,50671,Sentimental-Fields 3 All Kinds Of Gibberish Sounds — The Superfools,0.078125,0.47619047619047616,3.208020050125313
145914,The Lion & The Snake — MMFFF,50671,Sentimental-Fields 3 All Kinds Of Gibberish Sounds — The Superfools,0.078125,0.47619047619047616,3.208020050125313
80169,Bersarinplatz — Mabafu,145911,Quantum — MMFFF,0.0703125,0.5,3.2
145913,"Untold, unspoken — MMFFF",145911,Quantum — MMFFF,0.0625,0.5,3.2
145911,Quantum — MMFFF,80169,Bersarinplatz — Mabafu,0.0703125,0.45,3.2
80168,All I Need (Featuring Alena Sola) — Mabafu,145913,"Untold, unspoken — MMFFF",0.046875,0.4,3.2
145911,Quantum — MMFFF,145913,"Untold, unspoken — MMFFF",0.0625,0.4,3.2
3842,Shes Too Fat — Little Howlin' Wolf,80168,All I Need (Featuring Alena Sola) — Mabafu,0.0234375,0.375,3.2
50672,Sentimental-Fields 4 Don't Be A Luddy Duddy — The Superfools,80168,All I Need (Featuring Alena Sola) — Mabafu,0.0703125,0.375,3.2
145913,"Untold, unspoken — MMFFF",80168,All I Need (Featuring Alena Sola) — Mabafu,0.046875,0.375,3.2
3444,Hypocrite Shoes — Brother JT,4538,There Is No Light — Wildbirds and Peacedrums,0.015625,0.25,3.2
3444,Hypocrite Shoes — Brother JT,38544,Women Be Wise — Nobody's Bizness,0.015625,0.25,3.2
3842,Shes Too Fat — Little Howlin' Wolf,4538,There Is No Light — Wildbirds and Peacedrums,0.015625,0.25,3.2
78750,Untitled 4 — Loren Connors and Bill Orcutt,4538,There Is No Light — Wildbirds and Peacedrums,0.015625,0.25,3.2
61487,Stormy Blues — Arne Bang Huseby,38544,Women Be Wise — Nobody's Bizness,0.015625,0.25,3.2
4538,There Is No Light — Wildbirds and Peacedrums,3444,Hypocrite Shoes — Brother JT,0.015625,0.2,3.2
38544,Women Be Wise — Nobody's Bizness,3444,Hypocrite Shoes — Brother JT,0.015625,0.2,3.2
4538,There Is No Light — Wildbirds and Peacedrums,3842,Shes Too Fat — Little Howlin' Wolf,0.015625,0.2,3.2
80168,All I Need (Featuring Alena Sola) — Mabafu,3842,Shes Too Fat — Little Howlin' Wolf,0.0234375,0.2,3.2
4538,There Is No Light — Wildbirds and Peacedrums,78750,Untitled 4 — Loren Connors and Bill Orcutt,0.015625,0.2,3.2
38544,Women Be Wise — Nobody's Bizness,61487,Stormy Blues — Arne Bang Huseby,0.015625,0.2,3.2
80168,All I Need (Featuring Alena Sola) — Mabafu,50672,Sentimental-Fields 4 Don't Be A Luddy Duddy — The Superfools,0.0703125,0.6,3.1999999999999997
50670,Sentimental-Fields 2 Here I Am — The Superfools,50671,Sentimental-Fields 3 All Kinds Of Gibberish Sounds — The Superfools,0.0625,0.47058823529411764,3.1702786377708976
50671,Sentimental-Fields 3 All Kinds Of Gibberish Sounds — The Superfools,50670,Sentimental-Fields 2 Here I Am — The Superfools,0.0625,0.42105263157894735,3.1702786377708976
145129,Help Me After You Die [kat330 mash] — Kathleen Martin,1044,Last Double Eagle — Little Howlin' Wolf,0.015625,0.2222222222222222,3.1604938271604937
1044,Last Double Eagle — Little Howlin' Wolf,145129,Help Me After You Die [kat330 mash] — Kathleen Martin,0.015625,0.2222222222222222,3.1604938271604937
3425,Nothing Really — Brother JT,19132,I Love My Babe — T-Model Ford,0.015625,0.2222222222222222,3.1604938271604937
19132,I Love My Babe — T-Model Ford,3425,Nothing Really — Brother JT,0.015625,0.2222222222222222,3.1604938271604937
3425,Nothing Really — Brother JT,62435,Boulevard St Germain — Jahzzar,0.015625,0.2222222222222222,3.1604938271604937
62435,Boulevard St Germain — Jahzzar,3425,Nothing Really — Brother JT,0.015625,0.2222222222222222,3.1604938271604937
145129,Help Me After You Die [kat330 mash] — Kathleen Martin,62435,Boulevard St Germain — Jahzzar,0.015625,0.2222222222222222,3.1604938271604937
62435,Boulevard St Germain — Jahzzar,145129,Help Me After You Die [kat330 mash] — Kathleen Martin,0.015625,0.2222222222222222,3.1604938271604937
80166,Oblivion (Featuring Knixx) — Mabafu,50673,Sentimental-Fields 5 Sentimental Fields — The Superfools,0.0546875,0.4666666666666667,3.143859649122807
80168,All I Need (Featuring Alena Sola) — Mabafu,145909,Houdini's Last Trick — MMFFF,0.0546875,0.4666666666666667,3.143859649122807
50673,Sentimental-Fields 5 Sentimental Fields — The Superfools,80166,Oblivion (Featuring Knixx) — Mabafu,0.0546875,0.3684210526315789,3.143859649122807
145909,Houdini's Last Trick — MMFFF,80168,All I Need (Featuring Alena Sola) — Mabafu,0.0546875,0.3684210526315789,3.143859649122807
145913,"Untold, unspoken — MMFFF",145912,North Pole — MMFFF,0.0546875,0.4375,3.111111111111111
145912,North Pole — MMFFF,145913,"Untold, unspoken — MMFFF",0.0546875,0.3888888888888889,3.111111111111111
80167,So Much More (Featuring Alena Sola) — Mabafu,50673,Sentimental-Fields 5 Sentimental Fields — The Superfools,0.046875,0.46153846153846156,3.1093117408906883
80167,So Much More (Featuring Alena Sola) — Mabafu,120474,Tidings of Comfort — Tidings of Comfort,0.046875,0.46153846153846156,3.1093117408906883
80167,So Much More (Featuring Alena Sola) — Mabafu,145909,Houdini's Last Trick — MMFFF,0.046875,0.46153846153846156,3.1093117408906883
50673,Sentimental-Fields 5 Sentimental Fields — The Superfools,80167,So Much More (Featuring Alena Sola) — Mabafu,0.046875,0.3157894736842105,3.1093117408906883
120474,Tidings of Comfort — Tidings of Comfort,80167,So Much More (Featuring Alena Sola) — Mabafu,0.046875,0.3157894736842105,3.1093117408906883
145909,Houdini's Last Trick — MMFFF,80167,So Much More (Featuring Alena Sola) — Mabafu,0.046875,0.3157894736842105,3.1093117408906883
145909,Houdini's Last Trick — MMFFF,50672,Sentimental-Fields 4 Don't Be A Luddy Duddy — The Superfools,0.0859375,0.5789473684210527,3.0877192982456143
50672,Sentimental-Fields 4 Don't Be A Luddy Duddy — The Superfools,145909,Houdini's Last Trick — MMFFF,0.0859375,0.4583333333333333,3.087719298245614
120475,Tidings of Comfort (Instrumental) — Tidings of Comfort,50672,Sentimental-Fields 4 Don't Be A Luddy Duddy — The Superfools,0.09375,0.5714285714285714,3.0476190476190474
145914,The Lion & The Snake — MMFFF,50672,Sentimental-Fields 4 Don't Be A Luddy Duddy — The Superfools,0.09375,0.5714285714285714,3.0476190476190474
745,Nite Nurses — Glass Candy,113727,Whaledive — Martin Lowack,0.0234375,0.5,3.0476190476190474
145911,Quantum — MMFFF,30199,Soho Joe — Lee Rosevere,0.078125,0.5,3.0476190476190474
50672,Sentimental-Fields 4 Don't Be A Luddy Duddy — The Superfools,120475,Tidings of Comfort (Instrumental) — Tidings of Comfort,0.09375,0.5,3.0476190476190474
50672,Sentimental-Fields 4 Don't Be A Luddy Duddy — The Superfools,145914,The Lion & The Snake — MMFFF,0.09375,0.5,3.0476190476190474
50674,Sentimental-Fields 1 WC-Fields — The Superfools,120475,Tidings of Comfort (Instrumental) — Tidings of Comfort,0.0546875,0.5,3.0476190476190474
50954,Soporific — Kevin MacLeod,120475,Tidings of Comfort (Instrumental) — Tidings of Comfort,0.0703125,0.5,3.0476190476190474
80169,Bersarinplatz — Mabafu,113727,Whaledive — Martin Lowack,0.0703125,0.5,3.0476190476190474
80169,Bersarinplatz — Mabafu,145914,The Lion & The Snake — MMFFF,0.0703125,0.5,3.0476190476190474
145911,Quantum — MMFFF,120475,Tidings of Comfort (Instrumental) — Tidings of Comfort,0.078125,0.5,3.0476190476190474
145912,North Pole — MMFFF,120475,Tidings of Comfort (Instrumental) — Tidings of Comfort,0.0703125,0.5,3.0476190476190474
30199,Soho Joe — Lee Rosevere,145911,Quantum — MMFFF,0.078125,0.47619047619047616,3.0476190476190474
120475,Tidings of Comfort (Instrumental) — Tidings of Comfort,145911,Quantum — MMFFF,0.078125,0.47619047619047616,3.0476190476190474
50674,Sentimental-Fields 1 WC-Fields — The Superfools,80169,Bersarinplatz — Mabafu,0.046875,0.42857142857142855,3.0476190476190474
120475,Tidings of Comfort (Instrumental) — Tidings of Comfort,50954,Soporific — Kevin MacLeod,0.0703125,0.42857142857142855,3.0476190476190474
113727,Whaledive — Martin Lowack,80169,Bersarinplatz — Mabafu,0.0703125,0.42857142857142855,3.0476190476190474
145914,The Lion & The Snake — MMFFF,80169,Bersarinplatz — Mabafu,0.0703125,0.42857142857142855,3.0476190476190474
120475,Tidings of Comfort (Instrumental) — Tidings of Comfort,145912,North Pole — MMFFF,0.0703125,0.42857142857142855,3.0476190476190474
80169,Bersarinplatz — Mabafu,50674,Sentimental-Fields 1 WC-Fields — The Superfools,0.046875,0.3333333333333333,3.0476190476190474
120475,Tidings of Comfort (Instrumental) — Tidings of Comfort,50674,Sentimental-Fields 1 WC-Fields — The Superfools,0.0546875,0.3333333333333333,3.0476190476190474
20695,Free Dschimi — Tracky Birthday,145909,Houdini's Last Trick — MMFFF,0.0703125,0.45,3.031578947368421
145911,Quantum — MMFFF,120474,Tidings of Comfort — Tidings of Comfort,0.0703125,0.45,3.031578947368421
145909,Houdini's Last Trick — MMFFF,20695,Free Dschimi — Tracky Birthday,0.0703125,0.47368421052631576,3.0315789473684207
120474,Tidings of Comfort — Tidings of Comfort,145911,Quantum — MMFFF,0.0703125,0.47368421052631576,3.0315789473684207
50670,Sentimental-Fields 2 Here I Am — The Superfools,80166,Oblivion (Featuring Knixx) — Mabafu,0.046875,0.35294117647058826,3.0117647058823533
80166,Oblivion (Featuring Knixx) — Mabafu,50670,Sentimental-Fields 2 Here I Am — The Superfools,0.046875,0.4,3.011764705882353
50954,Soporific — Kevin MacLeod,50671,Sentimental-Fields 3 All Kinds Of Gibberish Sounds — The Superfools,0.0625,0.4444444444444444,2.9941520467836256
50671,Sentimental-Fields 3 All Kinds Of Gibberish Sounds — The Superfools,50954,Soporific — Kevin MacLeod,0.0625,0.42105263157894735,2.9941520467836256
80166,Oblivion (Featuring Knixx) — Mabafu,20695,Free Dschimi — Tracky Birthday,0.0546875,0.4666666666666667,2.986666666666667
80168,All I Need (Featuring Alena Sola) — Mabafu,72511,Heaven — Zero V,0.0546875,0.4666666666666667,2.986666666666667
20695,Free Dschimi — Tracky Birthday,80166,Oblivion (Featuring Knixx) — Mabafu,0.0546875,0.35,2.9866666666666664
72511,Heaven — Zero V,80168,All I Need (Featuring Alena Sola) — Mabafu,0.0546875,0.35,2.9866666666666664
120474,Tidings of Comfort — Tidings of Comfort,145915,The Mountain's Lament — MMFFF,0.0859375,0.5789473684210527,2.9642105263157896
145915,The Mountain's Lament — MMFFF,120474,Tidings of Comfort — Tidings of Comfort,0.0859375,0.44,2.9642105263157896
50954,Soporific — Kevin MacLeod,50672,Sentimental-Fields 4 Don't Be A Luddy Duddy — The Superfools,0.078125,0.5555555555555556,2.9629629629629632
50672,Sentimental-Fields 4 Don't Be A Luddy Duddy — The Superfools,50954,Soporific — Kevin MacLeod,0.078125,0.4166666666666667,2.9629629629629632
80164,Changes (Featuring Alena Sola) — Mabafu,72511,Heaven — Zero V,0.046875,0.46153846153846156,2.953846153846154
72511,Heaven — Zero V,80164,Changes (Featuring Alena Sola) — Mabafu,0.046875,0.3,2.9538461538461536
20695,Free Dschimi — Tracky Birthday,50672,Sentimental-Fields 4 Don't Be A Luddy Duddy — The Superfools,0.0859375,0.55,2.9333333333333336
145911,Quantum — MMFFF,50672,Sentimental-Fields 4 Don't Be A Luddy Duddy — The Superfools,0.0859375,0.55,2.9333333333333336
50672,Sentimental-Fields 4 Don't Be A Luddy Duddy — The Superfools,20695,Free Dschimi — Tracky Birthday,0.0859375,0.4583333333333333,2.933333333333333
50672,Sentimental-Fields 4 Don't Be A Luddy Duddy — The Superfools,145911,Quantum — MMFFF,0.0859375,0.4583333333333333,2.933333333333333
3444,Hypocrite Shoes — Brother JT,59173,She Gets All That She Wants — Ignatz,0.015625,0.25,2.909090909090909
78750,Untitled 4 — Loren Connors and Bill Orcutt,59173,She Gets All That She Wants — Ignatz,0.015625,0.25,2.909090909090909
120475,Tidings of Comfort (Instrumental) — Tidings of Comfort,113727,Whaledive — Martin Lowack,0.078125,0.47619047619047616,2.9024943310657596
113727,Whaledive — Martin Lowack,120475,Tidings of Comfort (Instrumental) — Tidings of Comfort,0.078125,0.47619047619047616,2.9024943310657596
80165,Danger In Dependency (Featuring Alena Sola) — Mabafu,50670,Sentimental-Fields 2 Here I Am — The Superfools,0.078125,0.38461538461538464,2.895927601809955
50670,Sentimental-Fields 2 Here I Am — The Superfools,80165,Danger In Dependency (Featuring Alena Sola) — Mabafu,0.078125,0.5882352941176471,2.8959276018099547
50673,Sentimental-Fields 5 Sentimental Fields — The Superfools,120475,Tidings of Comfort (Instrumental) — Tidings of Comfort,0.0703125,0.47368421052631576,2.887218045112782
145909,Houdini's Last Trick — MMFFF,120475,Tidings of Comfort (Instrumental) — Tidings of Comfort,0.0703125,0.47368421052631576,2.887218045112782
50674,Sentimental-Fields 1 WC-Fields — The Superfools,50673,Sentimental-Fields 5 Sentimental Fields — The Superfools,0.046875,0.42857142857142855,2.887218045112782
56177,We Don't Care (live at WFMU Record Fair) — CSC Funk Band,50673,Sentimental-Fields 5 Sentimental Fields — The Superfools,0.0234375,0.42857142857142855,2.887218045112782
120475,Tidings of Comfort (Instrumental) — Tidings of Comfort,50673,Sentimental-Fields 5 Sentimental Fields — The Superfools,0.0703125,0.42857142857142855,2.887218045112782
50674,Sentimental-Fields 1 WC-Fields — The Superfools,120474,Tidings of Comfort — Tidings of Comfort,0.046875,0.42857142857142855,2.887218045112782
50674,Sentimental-Fields 1 WC-Fields — The Superfools,145909,Houdini's Last Trick — MMFFF,0.046875,0.42857142857142855,2.887218045112782
120475,Tidings of Comfort (Instrumental) — Tidings of Comfort,145909,Houdini's Last Trick — MMFFF,0.0703125,0.42857142857142855,2.887218045112782
50673,Sentimental-Fields 5 Sentimental Fields — The Superfools,50674,Sentimental-Fields 1 WC-Fields — The Superfools,0.046875,0.3157894736842105,2.887218045112782
120474,Tidings of Comfort — Tidings of Comfort,50674,Sentimental-Fields 1 WC-Fields — The Superfools,0.046875,0.3157894736842105,2.887218045112782
145909,Houdini's Last Trick — MMFFF,50674,Sentimental-Fields 1 WC-Fields — The Superfools,0.046875,0.3157894736842105,2.887218045112782
80166,Oblivion (Featuring Knixx) — Mabafu,113727,Whaledive — Martin Lowack,0.0546875,0.4666666666666667,2.8444444444444446
4538,There Is No Light — Wildbirds and Peacedrums,3425,Nothing Really — Brother JT,0.015625,0.2,2.8444444444444446
38544,Women Be Wise — Nobody's Bizness,19132,I Love My Babe — T-Model Ford,0.015625,0.2,2.8444444444444446
38544,Women Be Wise — Nobody's Bizness,145129,Help Me After You Die [kat330 mash] — Kathleen Martin,0.015625,0.2,2.8444444444444446
737,Youe Deam Lover's On Video Again — Glass Candy,80166,Oblivion (Featuring Knixx) — Mabafu,0.015625,0.3333333333333333,2.844444444444444
745,Nite Nurses — Glass Candy,80166,Oblivion (Featuring Knixx) — Mabafu,0.015625,0.3333333333333333,2.844444444444444
745,Nite Nurses — Glass Candy,80168,All I Need (Featuring Alena Sola) — Mabafu,0.015625,0.3333333333333333,2.844444444444444
23539,Can Opener — The Discoghosts,80166,Oblivion (Featuring Knixx) — Mabafu,0.015625,0.3333333333333333,2.844444444444444
23539,Can Opener — The Discoghosts,80168,All I Need (Featuring Alena Sola) — Mabafu,0.015625,0.3333333333333333,2.844444444444444
80168,All I Need (Featuring Alena Sola) — Mabafu,80166,Oblivion (Featuring Knixx) — Mabafu,0.0390625,0.3333333333333333,2.844444444444444
80166,Oblivion (Featuring Knixx) — Mabafu,80168,All I Need (Featuring Alena Sola) — Mabafu,0.0390625,0.3333333333333333,2.844444444444444
113727,Whaledive — Martin Lowack,80166,Oblivion (Featuring Knixx) — Mabafu,0.0546875,0.3333333333333333,2.844444444444444
3425,Nothing Really — Brother JT,4538,There Is No Light — Wildbirds and Peacedrums,0.015625,0.2222222222222222,2.844444444444444
19132,I Love My Babe — T-Model Ford,38544,Women Be Wise — Nobody's Bizness,0.015625,0.2222222222222222,2.844444444444444
145129,Help Me After You Die [kat330 mash] — Kathleen Martin,38544,Women Be Wise — Nobody's Bizness,0.015625,0.2222222222222222,2.844444444444444
145909,Houdini's Last Trick — MMFFF,50671,Sentimental-Fields 3 All Kinds Of Gibberish Sounds — The Superfools,0.0625,0.42105263157894735,2.8365650969529086
50671,Sentimental-Fields 3 All Kinds Of Gibberish Sounds — The Superfools,145909,Houdini's Last Trick — MMFFF,0.0625,0.42105263157894735,2.8365650969529086
80165,Danger In Dependency (Featuring Alena Sola) — Mabafu,145914,The Lion & The Snake — MMFFF,0.09375,0.46153846153846156,2.8131868131868134
19134,Wish I Was a Catfish — T-Model Ford,80165,Danger In Dependency (Featuring Alena Sola) — Mabafu,0.03125,0.5714285714285714,2.813186813186813
118657,To The Rhythm of the Funk — Cullah,80165,Danger In Dependency (Featuring Alena Sola) — Mabafu,0.03125,0.5714285714285714,2.813186813186813
145914,The Lion & The Snake — MMFFF,80165,Danger In Dependency (Featuring Alena Sola) — Mabafu,0.09375,0.5714285714285714,2.813186813186813
56177,We Don't Care (live at WFMU Record Fair) — CSC Funk Band,80164,Changes (Featuring Alena Sola) — Mabafu,0.015625,0.2857142857142857,2.813186813186813
50672,Sentimental-Fields 4 Don't Be A Luddy Duddy — The Superfools,50671,Sentimental-Fields 3 All Kinds Of Gibberish Sounds — The Superfools,0.078125,0.4166666666666667,2.8070175438596494
50671,Sentimental-Fields 3 All Kinds Of Gibberish Sounds — The Superfools,50672,Sentimental-Fields 4 Don't Be A Luddy Duddy — The Superfools,0.078125,0.5263157894736842,2.807017543859649
30199,Soho Joe — Lee Rosevere,50672,Sentimental-Fields 4 Don't Be A Luddy Duddy — The Superfools,0.0859375,0.5238095238095238,2.793650793650794
113727,Whaledive — Martin Lowack,50672,Sentimental-Fields 4 Don't Be A Luddy Duddy — The Superfools,0.0859375,0.5238095238095238,2.793650793650794
50672,Sentimental-Fields 4 Don't Be A Luddy Duddy — The Superfools,30199,Soho Joe — Lee Rosevere,0.0859375,0.4583333333333333,2.7936507936507935
50672,Sentimental-Fields 4 Don't Be A Luddy Duddy — The Superfools,113727,Whaledive — Martin Lowack,0.0859375,0.4583333333333333,2.7936507936507935
50670,Sentimental-Fields 2 Here I Am — The Superfools,145909,Houdini's Last Trick — MMFFF,0.0546875,0.4117647058823529,2.7739938080495357
145909,Houdini's Last Trick — MMFFF,50670,Sentimental-Fields 2 Here I Am — The Superfools,0.0546875,0.3684210526315789,2.7739938080495357
145913,"Untold, unspoken — MMFFF",80165,Danger In Dependency (Featuring Alena Sola) — Mabafu,0.0703125,0.5625,2.769230769230769
80165,Danger In Dependency (Featuring Alena Sola) — Mabafu,145913,"Untold, unspoken — MMFFF",0.0703125,0.34615384615384615,2.769230769230769
80169,Bersarinplatz — Mabafu,50954,Soporific — Kevin MacLeod,0.0546875,0.3888888888888889,2.765432098765432
50954,Soporific — Kevin MacLeod,80169,Bersarinplatz — Mabafu,0.0546875,0.3888888888888889,2.765432098765432
145912,North Pole — MMFFF,80169,Bersarinplatz — Mabafu,0.0546875,0.3888888888888889,2.765432098765432
80169,Bersarinplatz — Mabafu,145912,North Pole — MMFFF,0.0546875,0.3888888888888889,2.765432098765432
72511,Heaven — Zero V,113727,Whaledive — Martin Lowack,0.0703125,0.45,2.742857142857143
72511,Heaven — Zero V,145914,The Lion & The Snake — MMFFF,0.0703125,0.45,2.742857142857143
113727,Whaledive — Martin Lowack,72511,Heaven — Zero V,0.0703125,0.42857142857142855,2.742857142857143
145914,The Lion & The Snake — MMFFF,72511,Heaven — Zero V,0.0703125,0.42857142857142855,2.742857142857143
80169,Bersarinplatz — Mabafu,80165,Danger In Dependency (Featuring Alena Sola) — Mabafu,0.078125,0.5555555555555556,2.735042735042735
145912,North Pole — MMFFF,80165,Danger In Dependency (Featuring Alena Sola) — Mabafu,0.078125,0.5555555555555556,2.735042735042735
80165,Danger In Dependency (Featuring Alena Sola) — Mabafu,80169,Bersarinplatz — Mabafu,0.078125,0.38461538461538464,2.735042735042735
80165,Danger In Dependency (Featuring Alena Sola) — Mabafu,145912,North Pole — MMFFF,0.078125,0.38461538461538464,2.735042735042735
80167,So Much More (Featuring Alena Sola) — Mabafu,80169,Bersarinplatz — Mabafu,0.0390625,0.38461538461538464,2.735042735042735
80169,Bersarinplatz — Mabafu,80167,So Much More (Featuring Alena Sola) — Mabafu,0.0390625,0.2777777777777778,2.735042735042735
80168,All I Need (Featuring Alena Sola) — Mabafu,145915,The Mountain's Lament — MMFFF,0.0625,0.5333333333333333,2.7306666666666666
145915,The Mountain's Lament — MMFFF,80168,All I Need (Featuring Alena Sola) — Mabafu,0.0625,0.32,2.7306666666666666
50954,Soporific — Kevin MacLeod,30199,Soho Joe — Lee Rosevere,0.0625,0.4444444444444444,2.708994708994709
145912,North Pole — MMFFF,30199,Soho Joe — Lee Rosevere,0.0625,0.4444444444444444,2.708994708994709
30199,Soho Joe — Lee Rosevere,50954,Soporific — Kevin MacLeod,0.0625,0.38095238095238093,2.708994708994709
30199,Soho Joe — Lee Rosevere,145912,North Pole — MMFFF,0.0625,0.38095238095238093,2.708994708994709
20695,Free Dschimi — Tracky Birthday,80165,Danger In Dependency (Featuring Alena Sola) — Mabafu,0.0859375,0.55,2.707692307692308
145911,Quantum — MMFFF,80165,Danger In Dependency (Featuring Alena Sola) — Mabafu,0.0859375,0.55,2.707692307692308
80165,Danger In Dependency (Featuring Alena Sola) — Mabafu,20695,Free Dschimi — Tracky Birthday,0.0859375,0.4230769230769231,2.707692307692308
80165,Danger In Dependency (Featuring Alena Sola) — Mabafu,145911,Quantum — MMFFF,0.0859375,0.4230769230769231,2.707692307692308
50671,Sentimental-Fields 3 All Kinds Of Gibberish Sounds — The Superfools,145915,The Mountain's Lament — MMFFF,0.078125,0.5263157894736842,2.694736842105263
50673,Sentimental-Fields 5 Sentimental Fields — The Superfools,72511,Heaven — Zero V,0.0625,0.42105263157894735,2.694736842105263
120474,Tidings of Comfort — Tidings of Comfort,72511,Heaven — Zero V,0.0625,0.42105263157894735,2.694736842105263
145909,Houdini's Last Trick — MMFFF,145911,Quantum — MMFFF,0.0625,0.42105263157894735,2.694736842105263
145915,The Mountain's Lament — MMFFF,50671,Sentimental-Fields 3 All Kinds Of Gibberish Sounds — The Superfools,0.078125,0.4,2.694736842105263
72511,Heaven — Zero V,50673,Sentimental-Fields 5 Sentimental Fields — The Superfools,0.0625,0.4,2.694736842105263
72511,Heaven — Zero V,120474,Tidings of Comfort — Tidings of Comfort,0.0625,0.4,2.694736842105263
145911,Quantum — MMFFF,145909,Houdini's Last Trick — MMFFF,0.0625,0.4,2.694736842105263
50672,Sentimental-Fields 4 Don't Be A Luddy Duddy — The Superfools,50674,Sentimental-Fields 1 WC-Fields — The Superfools,0.0546875,0.2916666666666667,2.666666666666667
50674,Sentimental-Fields 1 WC-Fields — The Superfools,50672,Sentimental-Fields 4 Don't Be A Luddy Duddy — The Superfools,0.0546875,0.5,2.6666666666666665
145912,North Pole — MMFFF,50672,Sentimental-Fields 4 Don't Be A Luddy Duddy — The Superfools,0.0703125,0.5,2.6666666666666665
50672,Sentimental-Fields 4 Don't Be A Luddy Duddy — The Superfools,145912,North Pole — MMFFF,0.0703125,0.375,2.6666666666666665
80167,So Much More (Featuring Alena Sola) — Mabafu,80166,Oblivion (Featuring Knixx) — Mabafu,0.03125,0.3076923076923077,2.6256410256410256
80166,Oblivion (Featuring Knixx) — Mabafu,80167,So Much More (Featuring Alena Sola) — Mabafu,0.03125,0.26666666666666666,2.6256410256410256
80169,Bersarinplatz — Mabafu,50671,Sentimental-Fields 3 All Kinds Of Gibberish Sounds — The Superfools,0.0546875,0.3888888888888889,2.6198830409356724
50671,Sentimental-Fields 3 All Kinds Of Gibberish Sounds — The Superfools,80169,Bersarinplatz — Mabafu,0.0546875,0.3684210526315789,2.6198830409356724
50892,Slow Burn — Kevin MacLeod,59173,She Gets All That She Wants — Ignatz,0.015625,0.2222222222222222,2.5858585858585856
120475,Tidings of Comfort (Instrumental) — Tidings of Comfort,80165,Danger In Dependency (Featuring Alena Sola) — Mabafu,0.0859375,0.5238095238095238,2.578754578754579
80165,Danger In Dependency (Featuring Alena Sola) — Mabafu,120475,Tidings of Comfort (Instrumental) — Tidings of Comfort,0.0859375,0.4230769230769231,2.578754578754579
745,Nite Nurses — Glass Candy,145915,The Mountain's Lament — MMFFF,0.0234375,0.5,2.56
145912,North Pole — MMFFF,145915,The Mountain's Lament — MMFFF,0.0703125,0.5,2.56
14900,Bridge Burners Union (Local 36) — Rex Hobart &amp; the Misery Boys,72511,Heaven — Zero V,0.015625,0.4,2.56
80166,Oblivion (Featuring Knixx) — Mabafu,145911,Quantum — MMFFF,0.046875,0.4,2.56
145915,The Mountain's Lament — MMFFF,145912,North Pole — MMFFF,0.0703125,0.36,2.56
145911,Quantum — MMFFF,80166,Oblivion (Featuring Knixx) — Mabafu,0.046875,0.3,2.56
50670,Sentimental-Fields 2 Here I Am — The Superfools,50672,Sentimental-Fields 4 Don't Be A Luddy Duddy — The Superfools,0.0625,0.47058823529411764,2.5098039215686274
23539,Can Opener — The Discoghosts,50670,Sentimental-Fields 2 Here I Am — The Superfools,0.015625,0.3333333333333333,2.5098039215686274
50672,Sentimental-Fields 4 Don't Be A Luddy Duddy — The Superfools,50670,Sentimental-Fields 2 Here I Am — The Superfools,0.0625,0.3333333333333333,2.5098039215686274
80169,Bersarinplatz — Mabafu,72511,Heaven — Zero V,0.0546875,0.3888888888888889,2.488888888888889
72511,Heaven — Zero V,80169,Bersarinplatz — Mabafu,0.0546875,0.35,2.488888888888889
12790,Nobody Knows You When You're Down and Out — Roger McGuinn,80165,Danger In Dependency (Featuring Alena Sola) — Mabafu,0.0234375,0.5,2.4615384615384617
50674,Sentimental-Fields 1 WC-Fields — The Superfools,80165,Danger In Dependency (Featuring Alena Sola) — Mabafu,0.0546875,0.5,2.4615384615384617
74982,Little Miss Fortune — Megan Jean and the Klay Family Band,80165,Danger In Dependency (Featuring Alena Sola) — Mabafu,0.0234375,0.5,2.4615384615384617
80167,So Much More (Featuring Alena Sola) — Mabafu,50672,Sentimental-Fields 4 Don't Be A Luddy Duddy — The Superfools,0.046875,0.46153846153846156,2.4615384615384617
3842,Shes Too Fat — Little Howlin' Wolf,80164,Changes (Featuring Alena Sola) — Mabafu,0.015625,0.25,2.4615384615384617
50672,Sentimental-Fields 4 Don't Be A Luddy Duddy — The Superfools,80167,So Much More (Featuring Alena Sola) — Mabafu,0.046875,0.25,2.4615384615384617
123638,The Glory of Life's Glory — Pimpstrut Local #13,80167,So Much More (Featuring Alena Sola) — Mabafu,0.015625,0.25,2.4615384615384617
80165,Danger In Dependency (Featuring Alena Sola) — Mabafu,50674,Sentimental-Fields 1 WC-Fields — The Superfools,0.0546875,0.2692307692307692,2.4615384615384612
14900,Bridge Burners Union (Local 36) — Rex Hobart &amp; the Misery Boys,120475,Tidings of Comfort (Instrumental) — Tidings of Comfort,0.015625,0.4,2.4380952380952383
72511,Heaven — Zero V,120475,Tidings of Comfort (Instrumental) — Tidings of Comfort,0.0625,0.4,2.4380952380952383
80166,Oblivion (Featuring Knixx) — Mabafu,120475,Tidings of Comfort (Instrumental) — Tidings of Comfort,0.046875,0.4,2.4380952380952383
127048,Gravedigger — Cletus Got Shot,113727,Whaledive — Martin Lowack,0.015625,0.4,2.4380952380952383
120475,Tidings of Comfort (Instrumental) — Tidings of Comfort,72511,Heaven — Zero V,0.0625,0.38095238095238093,2.438095238095238
1043,I'm Shufflin' — Little Howlin' Wolf,80166,Oblivion (Featuring Knixx) — Mabafu,0.015625,0.2857142857142857,2.438095238095238
11209,Cornbread Sally — Sawtooth Mountain Boys,80168,All I Need (Featuring Alena Sola) — Mabafu,0.015625,0.2857142857142857,2.438095238095238
120475,Tidings of Comfort (Instrumental) — Tidings of Comfort,80166,Oblivion (Featuring Knixx) — Mabafu,0.046875,0.2857142857142857,2.438095238095238
132228,High Class Girl From The Country — Zephaniah And The 18 Wheelers,80168,All I Need (Featuring Alena Sola) — Mabafu,0.015625,0.2857142857142857,2.438095238095238
72511,Heaven — Zero V,50672,Sentimental-Fields 4 Don't Be A Luddy Duddy — The Superfools,0.0703125,0.45,2.4
50672,Sentimental-Fields 4 Don't Be A Luddy Duddy — The Superfools,72511,Heaven — Zero V,0.0703125,0.375,2.4
145913,"Untold, unspoken — MMFFF",72511,Heaven — Zero V,0.046875,0.375,2.4
72511,Heaven — Zero V,145913,"Untold, unspoken — MMFFF",0.046875,0.3,2.4
50954,Soporific — Kevin MacLeod,80166,Oblivion (Featuring Knixx) — Mabafu,0.0390625,0.2777777777777778,2.3703703703703707
745,Nite Nurses — Glass Candy,50954,Soporific — Kevin MacLeod,0.015625,0.3333333333333333,2.3703703703703702
745,Nite Nurses — Glass Candy,80169,Bersarinplatz — Mabafu,0.015625,0.3333333333333333,2.3703703703703702
23539,Can Opener — The Discoghosts,50954,Soporific — Kevin MacLeod,0.015625,0.3333333333333333,2.3703703703703702
23539,Can Opener — The Discoghosts,145912,North Pole — MMFFF,0.015625,0.3333333333333333,2.3703703703703702
80166,Oblivion (Featuring Knixx) — Mabafu,50954,Soporific — Kevin MacLeod,0.0390625,0.3333333333333333,2.3703703703703702
80164,Changes (Featuring Alena Sola) — Mabafu,145915,The Mountain's Lament — MMFFF,0.046875,0.46153846153846156,2.3630769230769233
80167,So Much More (Featuring Alena Sola) — Mabafu,145915,The Mountain's Lament — MMFFF,0.046875,0.46153846153846156,2.3630769230769233
145915,The Mountain's Lament — MMFFF,80164,Changes (Featuring Alena Sola) — Mabafu,0.046875,0.24,2.363076923076923
145915,The Mountain's Lament — MMFFF,80167,So Much More (Featuring Alena Sola) — Mabafu,0.046875,0.24,2.363076923076923
50671,Sentimental-Fields 3 All Kinds Of Gibberish Sounds — The Superfools,145911,Quantum — MMFFF,0.0546875,0.3684210526315789,2.357894736842105
145909,Houdini's Last Trick — MMFFF,72511,Heaven — Zero V,0.0546875,0.3684210526315789,2.357894736842105
145911,Quantum — MMFFF,50671,Sentimental-Fields 3 All Kinds Of Gibberish Sounds — The Superfools,0.0546875,0.35,2.357894736842105
72511,Heaven — Zero V,145909,Houdini's Last Trick — MMFFF,0.0546875,0.35,2.357894736842105
80165,Danger In Dependency (Featuring Alena Sola) — Mabafu,30199,Soho Joe — Lee Rosevere,0.078125,0.38461538461538464,2.3443223443223444
30199,Soho Joe — Lee Rosevere,80165,Danger In Dependency (Featuring Alena Sola) — Mabafu,0.078125,0.47619047619047616,2.344322344322344
50671,Sentimental-Fields 3 All Kinds Of Gibberish Sounds — The Superfools,80165,Danger In Dependency (Featuring Alena Sola) — Mabafu,0.0703125,0.47368421052631576,2.331983805668016
50673,Sentimental-Fields 5 Sentimental Fields — The Superfools,80165,Danger In Dependency (Featuring Alena Sola) — Mabafu,0.0703125,0.47368421052631576,2.331983805668016
120474,Tidings of Comfort — Tidings of Comfort,80165,Danger In Dependency (Featuring Alena Sola) — Mabafu,0.0703125,0.47368421052631576,2.331983805668016
145909,Houdini's Last Trick — MMFFF,80165,Danger In Dependency (Featuring Alena Sola) — Mabafu,0.0703125,0.47368421052631576,2.331983805668016
80165,Danger In Dependency (Featuring Alena Sola) — Mabafu,50671,Sentimental-Fields 3 All Kinds Of Gibberish Sounds — The Superfools,0.0703125,0.34615384615384615,2.331983805668016
80165,Danger In Dependency (Featuring Alena Sola) — Mabafu,50673,Sentimental-Fields 5 Sentimental Fields — The Superfools,0.0703125,0.34615384615384615,2.331983805668016
80165,Danger In Dependency (Featuring Alena Sola) — Mabafu,120474,Tidings of Comfort — Tidings of Comfort,0.0703125,0.34615384615384615,2.331983805668016
80165,Danger In Dependency (Featuring Alena Sola) — Mabafu,145909,Houdini's Last Trick — MMFFF,0.0703125,0.34615384615384615,2.331983805668016
4538,There Is No Light — Wildbirds and Peacedrums,59173,She Gets All That She Wants — Ignatz,0.015625,0.2,2.3272727272727276
50670,Sentimental-Fields 2 Here I Am — The Superfools,72511,Heaven — Zero V,0.046875,0.35294117647058826,2.2588235294117647
72511,Heaven — Zero V,50670,Sentimental-Fields 2 Here I Am — The Superfools,0.046875,0.3,2.2588235294117647
50672,Sentimental-Fields 4 Don't Be A Luddy Duddy — The Superfools,80165,Danger In Dependency (Featuring Alena Sola) — Mabafu,0.0859375,0.4583333333333333,2.2564102564102564
80165,Danger In Dependency (Featuring Alena Sola) — Mabafu,50672,Sentimental-Fields 4 Don't Be A Luddy Duddy — The Superfools,0.0859375,0.4230769230769231,2.2564102564102564
736,You Are the Fly — Glass Candy,145909,Houdini's Last Trick — MMFFF,0.015625,0.3333333333333333,2.245614035087719
745,Nite Nurses — Glass Candy,50671,Sentimental-Fields 3 All Kinds Of Gibberish Sounds — The Superfools,0.015625,0.3333333333333333,2.245614035087719
745,Nite Nurses — Glass Candy,145909,Houdini's Last Trick — MMFFF,0.015625,0.3333333333333333,2.245614035087719
14014,Good BBQ — The Riptones,50671,Sentimental-Fields 3 All Kinds Of Gibberish Sounds — The Superfools,0.015625,0.3333333333333333,2.245614035087719
14017,I Can't and I Won't — The Riptones,50671,Sentimental-Fields 3 All Kinds Of Gibberish Sounds — The Superfools,0.015625,0.3333333333333333,2.245614035087719
23539,Can Opener — The Discoghosts,50673,Sentimental-Fields 5 Sentimental Fields — The Superfools,0.015625,0.3333333333333333,2.245614035087719
23539,Can Opener — The Discoghosts,120474,Tidings of Comfort — Tidings of Comfort,0.015625,0.3333333333333333,2.245614035087719
80166,Oblivion (Featuring Knixx) — Mabafu,50671,Sentimental-Fields 3 All Kinds Of Gibberish Sounds — The Superfools,0.0390625,0.3333333333333333,2.245614035087719
87598,Lift Off — Jahzzar,50673,Sentimental-Fields 5 Sentimental Fields — The Superfools,0.015625,0.3333333333333333,2.245614035087719
80166,Oblivion (Featuring Knixx) — Mabafu,120474,Tidings of Comfort — Tidings of Comfort,0.0390625,0.3333333333333333,2.245614035087719
80166,Oblivion (Featuring Knixx) — Mabafu,145909,Houdini's Last Trick — MMFFF,0.0390625,0.3333333333333333,2.245614035087719
80169,Bersarinplatz — Mabafu,145909,Houdini's Last Trick — MMFFF,0.046875,0.3333333333333333,2.245614035087719
145909,Houdini's Last Trick — MMFFF,80169,Bersarinplatz — Mabafu,0.046875,0.3157894736842105,2.245614035087719
50671,Sentimental-Fields 3 All Kinds Of Gibberish Sounds — The Superfools,80166,Oblivion (Featuring Knixx) — Mabafu,0.0390625,0.2631578947368421,2.245614035087719
120474,Tidings of Comfort — Tidings of Comfort,80166,Oblivion (Featuring Knixx) — Mabafu,0.0390625,0.2631578947368421,2.245614035087719
145909,Houdini's Last Trick — MMFFF,80166,Oblivion (Featuring Knixx) — Mabafu,0.0390625,0.2631578947368421,2.245614035087719
20695,Free Dschimi — Tracky Birthday,72511,Heaven — Zero V,0.0546875,0.35,2.2399999999999998
72511,Heaven — Zero V,20695,Free Dschimi — Tracky Birthday,0.0546875,0.35,2.2399999999999998
145915,The Mountain's Lament — MMFFF,113727,Whaledive — Martin Lowack,0.0703125,0.36,2.1942857142857144
1043,I'm Shufflin' — Little Howlin' Wolf,145915,The Mountain's Lament — MMFFF,0.0234375,0.42857142857142855,2.194285714285714
113727,Whaledive — Martin Lowack,145915,The Mountain's Lament — MMFFF,0.0703125,0.42857142857142855,2.194285714285714
50892,Slow Burn — Kevin MacLeod,80165,Danger In Dependency (Featuring Alena Sola) — Mabafu,0.03125,0.4444444444444444,2.188034188034188
62435,Boulevard St Germain — Jahzzar,80165,Danger In Dependency (Featuring Alena Sola) — Mabafu,0.03125,0.4444444444444444,2.188034188034188
50674,Sentimental-Fields 1 WC-Fields — The Superfools,30199,Soho Joe — Lee Rosevere,0.0390625,0.35714285714285715,2.17687074829932
30199,Soho Joe — Lee Rosevere,50674,Sentimental-Fields 1 WC-Fields — The Superfools,0.0390625,0.23809523809523808,2.1768707482993195
50673,Sentimental-Fields 5 Sentimental Fields — The Superfools,145915,The Mountain's Lament — MMFFF,0.0625,0.42105263157894735,2.1557894736842105
145915,The Mountain's Lament — MMFFF,50673,Sentimental-Fields 5 Sentimental Fields — The Superfools,0.0625,0.32,2.1557894736842105
3431,Throwaway — Brother JT,50670,Sentimental-Fields 2 Here I Am — The Superfools,0.015625,0.2857142857142857,2.1512605042016806
745,Nite Nurses — Glass Candy,20695,Free Dschimi — Tracky Birthday,0.015625,0.3333333333333333,2.1333333333333333
14017,I Can't and I Won't — The Riptones,20695,Free Dschimi — Tracky Birthday,0.015625,0.3333333333333333,2.1333333333333333
19132,I Love My Babe — T-Model Ford,72511,Heaven — Zero V,0.0234375,0.3333333333333333,2.1333333333333333
19137,"If You Love Me Like You Say — Paul ""Wine"" Jones",72511,Heaven — Zero V,0.015625,0.3333333333333333,2.1333333333333333
50884,Aces High — Kevin MacLeod,20695,Free Dschimi — Tracky Birthday,0.015625,0.3333333333333333,2.1333333333333333
50888,DD Groove — Kevin MacLeod,72511,Heaven — Zero V,0.015625,0.3333333333333333,2.1333333333333333
50954,Soporific — Kevin MacLeod,72511,Heaven — Zero V,0.046875,0.3333333333333333,2.1333333333333333
80166,Oblivion (Featuring Knixx) — Mabafu,72511,Heaven — Zero V,0.0390625,0.3333333333333333,2.1333333333333333
118656,Gone Away — Cullah,72511,Heaven — Zero V,0.015625,0.3333333333333333,2.1333333333333333
72511,Heaven — Zero V,50954,Soporific — Kevin MacLeod,0.046875,0.3,2.1333333333333333
80166,Oblivion (Featuring Knixx) — Mabafu,145913,"Untold, unspoken — MMFFF",0.03125,0.26666666666666666,2.1333333333333333
3444,Hypocrite Shoes — Brother JT,80166,Oblivion (Featuring Knixx) — Mabafu,0.015625,0.25,2.1333333333333333
14898,Nothin' But Nothin' — Rex Hobart &amp; the Misery Boys,80168,All I Need (Featuring Alena Sola) — Mabafu,0.015625,0.25,2.1333333333333333
72511,Heaven — Zero V,80166,Oblivion (Featuring Knixx) — Mabafu,0.0390625,0.25,2.1333333333333333
145913,"Untold, unspoken — MMFFF",80166,Oblivion (Featuring Knixx) — Mabafu,0.03125,0.25,2.1333333333333333
123638,The Glory of Life's Glory — Pimpstrut Local #13,80168,All I Need (Featuring Alena Sola) — Mabafu,0.015625,0.25,2.1333333333333333
3426,Hey Mr. Sun — Brother JT,80165,Danger In Dependency (Featuring Alena Sola) — Mabafu,0.0234375,0.42857142857142855,2.10989010989011
3440,Floatin' — Brother JT,80165,Danger In Dependency (Featuring Alena Sola) — Mabafu,0.0234375,0.42857142857142855,2.10989010989011
113727,Whaledive — Martin Lowack,80165,Danger In Dependency (Featuring Alena Sola) — Mabafu,0.0703125,0.42857142857142855,2.10989010989011
80165,Danger In Dependency (Featuring Alena Sola) — Mabafu,113727,Whaledive — Martin Lowack,0.0703125,0.34615384615384615,2.10989010989011
755,Love On a Plate — Glass Candy,145915,The Mountain's Lament — MMFFF,0.015625,0.4,2.048
72511,Heaven — Zero V,145915,The Mountain's Lament — MMFFF,0.0625,0.4,2.048
80166,Oblivion (Featuring Knixx) — Mabafu,145915,The Mountain's Lament — MMFFF,0.046875,0.4,2.048
145915,The Mountain's Lament — MMFFF,72511,Heaven — Zero V,0.0625,0.32,2.048
145915,The Mountain's Lament — MMFFF,80166,Oblivion (Featuring Knixx) — Mabafu,0.046875,0.24,2.048
736,You Are the Fly — Glass Candy,145914,The Lion & The Snake — MMFFF,0.015625,0.3333333333333333,2.0317460317460316
745,Nite Nurses — Glass Candy,145914,The Lion & The Snake — MMFFF,0.015625,0.3333333333333333,2.0317460317460316
14017,I Can't and I Won't — The Riptones,120475,Tidings of Comfort (Instrumental) — Tidings of Comfort,0.015625,0.3333333333333333,2.0317460317460316
23539,Can Opener — The Discoghosts,113727,Whaledive — Martin Lowack,0.015625,0.3333333333333333,2.0317460317460316
56177,We Don't Care (live at WFMU Record Fair) — CSC Funk Band,145912,North Pole — MMFFF,0.015625,0.2857142857142857,2.0317460317460316
123638,The Glory of Life's Glory — Pimpstrut Local #13,145913,"Untold, unspoken — MMFFF",0.015625,0.25,2.0
145915,The Mountain's Lament — MMFFF,50954,Soporific — Kevin MacLeod,0.0546875,0.28,1.9911111111111113
50954,Soporific — Kevin MacLeod,145915,The Mountain's Lament — MMFFF,0.0546875,0.3888888888888889,1.991111111111111
755,Love On a Plate — Glass Candy,80165,Danger In Dependency (Featuring Alena Sola) — Mabafu,0.015625,0.4,1.9692307692307693
50891,Dirt Rhodes — Kevin MacLeod,80165,Danger In Dependency (Featuring Alena Sola) — Mabafu,0.015625,0.4,1.9692307692307693
127048,Gravedigger — Cletus Got Shot,80165,Danger In Dependency (Featuring Alena Sola) — Mabafu,0.015625,0.4,1.9692307692307693
30199,Soho Joe — Lee Rosevere,145915,The Mountain's Lament — MMFFF,0.0625,0.38095238095238093,1.9504761904761905
120475,Tidings of Comfort (Instrumental) — Tidings of Comfort,145915,The Mountain's Lament — MMFFF,0.0625,0.38095238095238093,1.9504761904761905
145914,The Lion & The Snake — MMFFF,145915,The Mountain's Lament — MMFFF,0.0625,0.38095238095238093,1.9504761904761905
145915,The Mountain's Lament — MMFFF,30199,Soho Joe — Lee Rosevere,0.0625,0.32,1.9504761904761905
145915,The Mountain's Lament — MMFFF,120475,Tidings of Comfort (Instrumental) — Tidings of Comfort,0.0625,0.32,1.9504761904761905
145915,The Mountain's Lament — MMFFF,145914,The Lion & The Snake — MMFFF,0.0625,0.32,1.9504761904761905
50674,Sentimental-Fields 1 WC-Fields — The Superfools,50671,Sentimental-Fields 3 All Kinds Of Gibberish Sounds — The Superfools,0.03125,0.2857142857142857,1.9248120300751879
56177,We Don't Care (live at WFMU Record Fair) — CSC Funk Band,50671,Sentimental-Fields 3 All Kinds Of Gibberish Sounds — The Superfools,0.015625,0.2857142857142857,1.9248120300751879
132228,High Class Girl From The Country — Zephaniah And The 18 Wheelers,50673,Sentimental-Fields 5 Sentimental Fields — The Superfools,0.015625,0.2857142857142857,1.9248120300751879
56177,We Don't Care (live at WFMU Record Fair) — CSC Funk Band,120474,Tidings of Comfort — Tidings of Comfort,0.015625,0.2857142857142857,1.9248120300751879
56177,We Don't Care (live at WFMU Record Fair) — CSC Funk Band,145909,Houdini's Last Trick — MMFFF,0.015625,0.2857142857142857,1.9248120300751879
50671,Sentimental-Fields 3 All Kinds Of Gibberish Sounds — The Superfools,50674,Sentimental-Fields 1 WC-Fields — The Superfools,0.03125,0.21052631578947367,1.9248120300751879
50672,Sentimental-Fields 4 Don't Be A Luddy Duddy — The Superfools,145915,The Mountain's Lament — MMFFF,0.0703125,0.375,1.92
78750,Untitled 4 — Loren Connors and Bill Orcutt,145915,The Mountain's Lament — MMFFF,0.0234375,0.375,1.92
145915,The Mountain's Lament — MMFFF,50672,Sentimental-Fields 4 Don't Be A Luddy Duddy — The Superfools,0.0703125,0.36,1.92
38544,Women Be Wise — Nobody's Bizness,72511,Heaven — Zero V,0.0234375,0.3,1.92
145911,Quantum — MMFFF,72511,Heaven — Zero V,0.046875,0.3,1.92
72511,Heaven — Zero V,145911,Quantum — MMFFF,0.046875,0.3,1.92
145915,The Mountain's Lament — MMFFF,145909,Houdini's Last Trick — MMFFF,0.0546875,0.28,1.8863157894736844
145909,Houdini's Last Trick — MMFFF,145915,The Mountain's Lament — MMFFF,0.0546875,0.3684210526315789,1.8863157894736842
3444,Hypocrite Shoes — Brother JT,50670,Sentimental-Fields 2 Here I Am — The Superfools,0.015625,0.25,1.8823529411764706
3842,Shes Too Fat — Little Howlin' Wolf,50670,Sentimental-Fields 2 Here I Am — The Superfools,0.015625,0.25,1.8823529411764706
3842,Shes Too Fat — Little Howlin' Wolf,80165,Danger In Dependency (Featuring Alena Sola) — Mabafu,0.0234375,0.375,1.8461538461538463
72511,Heaven — Zero V,50674,Sentimental-Fields 1 WC-Fields — The Superfools,0.03125,0.2,1.8285714285714287
1043,I'm Shufflin' — Little Howlin' Wolf,72511,Heaven — Zero V,0.015625,0.2857142857142857,1.8285714285714285
3424,Interview — Brother JT,72511,Heaven — Zero V,0.015625,0.2857142857142857,1.8285714285714285
3431,Throwaway — Brother JT,72511,Heaven — Zero V,0.015625,0.2857142857142857,1.8285714285714285
3431,Throwaway — Brother JT,145911,Quantum — MMFFF,0.015625,0.2857142857142857,1.8285714285714285
3435,Let's Not And Say We Did — Brother JT,72511,Heaven — Zero V,0.015625,0.2857142857142857,1.8285714285714285
3440,Floatin' — Brother JT,72511,Heaven — Zero V,0.015625,0.2857142857142857,1.8285714285714285
4536,I Can't Tell In His Eyes — Wildbirds and Peacedrums,72511,Heaven — Zero V,0.015625,0.2857142857142857,1.8285714285714285
56177,We Don't Care (live at WFMU Record Fair) — CSC Funk Band,20695,Free Dschimi — Tracky Birthday,0.015625,0.2857142857142857,1.8285714285714285
50674,Sentimental-Fields 1 WC-Fields — The Superfools,72511,Heaven — Zero V,0.03125,0.2857142857142857,1.8285714285714285
118654,Where You Do Belong — Cullah,72511,Heaven — Zero V,0.015625,0.2857142857142857,1.8285714285714285
50670,Sentimental-Fields 2 Here I Am — The Superfools,145915,The Mountain's Lament — MMFFF,0.046875,0.35294117647058826,1.8070588235294118
145915,The Mountain's Lament — MMFFF,50670,Sentimental-Fields 2 Here I Am — The Superfools,0.046875,0.24,1.8070588235294116
145912,North Pole — MMFFF,72511,Heaven — Zero V,0.0390625,0.2777777777777778,1.777777777777778
50672,Sentimental-Fields 4 Don't Be A Luddy Duddy — The Superfools,80166,Oblivion (Featuring Knixx) — Mabafu,0.0390625,0.20833333333333334,1.777777777777778
745,Nite Nurses — Glass Candy,50672,Sentimental-Fields 4 Don't Be A Luddy Duddy — The Superfools,0.015625,0.3333333333333333,1.7777777777777777
80166,Oblivion (Featuring Knixx) — Mabafu,50672,Sentimental-Fields 4 Don't Be A Luddy Duddy — The Superfools,0.0390625,0.3333333333333333,1.7777777777777777
3444,Hypocrite Shoes — Brother JT,80169,Bersarinplatz — Mabafu,0.015625,0.25,1.7777777777777777
3842,Shes Too Fat — Little Howlin' Wolf,80169,Bersarinplatz — Mabafu,0.015625,0.25,1.7777777777777777
3842,Shes Too Fat — Little Howlin' Wolf,145912,North Pole — MMFFF,0.015625,0.25,1.7777777777777777
123638,The Glory of Life's Glory — Pimpstrut Local #13,50954,Soporific — Kevin MacLeod,0.015625,0.25,1.7777777777777777
72511,Heaven — Zero V,145912,North Pole — MMFFF,0.0390625,0.25,1.7777777777777777
123638,The Glory of Life's Glory — Pimpstrut Local #13,145912,North Pole — MMFFF,0.015625,0.25,1.7777777777777777
59173,She Gets All That She Wants — Ignatz,72511,Heaven — Zero V,0.0234375,0.2727272727272727,1.7454545454545454
11209,Cornbread Sally — Sawtooth Mountain Boys,30199,Soho Joe — Lee Rosevere,0.015625,0.2857142857142857,1.7414965986394557
56177,We Don't Care (live at WFMU Record Fair) — CSC Funk Band,113727,Whaledive — Martin Lowack,0.015625,0.2857142857142857,1.7414965986394557
56177,We Don't Care (live at WFMU Record Fair) — CSC Funk Band,145914,The Lion & The Snake — MMFFF,0.015625,0.2857142857142857,1.7414965986394557
132228,High Class Girl From The Country — Zephaniah And The 18 Wheelers,113727,Whaledive — Martin Lowack,0.015625,0.2857142857142857,1.7414965986394557
129502,Don't Sweetheart Me — Big Sandy and His Fly-Rite Boys,120475,Tidings of Comfort (Instrumental) — Tidings of Comfort,0.015625,0.2857142857142857,1.7414965986394557
72511,Heaven — Zero V,80165,Danger In Dependency (Featuring Alena Sola) — Mabafu,0.0546875,0.35,1.723076923076923
80165,Danger In Dependency (Featuring Alena Sola) — Mabafu,72511,Heaven — Zero V,0.0546875,0.2692307692307692,1.723076923076923
19137,"If You Love Me Like You Say — Paul ""Wine"" Jones",145915,The Mountain's Lament — MMFFF,0.015625,0.3333333333333333,1.7066666666666666
23539,Can Opener — The Discoghosts,145915,The Mountain's Lament — MMFFF,0.015625,0.3333333333333333,1.7066666666666666
80169,Bersarinplatz — Mabafu,145915,The Mountain's Lament — MMFFF,0.046875,0.3333333333333333,1.7066666666666666
118656,Gone Away — Cullah,145915,The Mountain's Lament — MMFFF,0.015625,0.3333333333333333,1.7066666666666666
128475,Blues do Cangaço — Molodoys,145915,The Mountain's Lament — MMFFF,0.015625,0.3333333333333333,1.7066666666666666
145129,Help Me After You Die [kat330 mash] — Kathleen Martin,145915,The Mountain's Lament — MMFFF,0.0234375,0.3333333333333333,1.7066666666666666
145915,The Mountain's Lament — MMFFF,80169,Bersarinplatz — Mabafu,0.046875,0.24,1.7066666666666666
123638,The Glory of Life's Glory — Pimpstrut Local #13,50671,Sentimental-Fields 3 All Kinds Of Gibberish Sounds — The Superfools,0.015625,0.25,1.6842105263157894
123638,The Glory of Life's Glory — Pimpstrut Local #13,50673,Sentimental-Fields 5 Sentimental Fields — The Superfools,0.015625,0.25,1.6842105263157894
123638,The Glory of Life's Glory — Pimpstrut Local #13,120474,Tidings of Comfort — Tidings of Comfort,0.015625,0.25,1.6842105263157894
123638,The Glory of Life's Glory — Pimpstrut Local #13,145909,Houdini's Last Trick — MMFFF,0.015625,0.25,1.6842105263157894
19132,I Love My Babe — T-Model Ford,50670,Sentimental-Fields 2 Here I Am — The Superfools,0.015625,0.2222222222222222,1.6732026143790848
737,Youe Deam Lover's On Video Again — Glass Candy,80165,Danger In Dependency (Featuring Alena Sola) — Mabafu,0.015625,0.3333333333333333,1.641025641025641
745,Nite Nurses — Glass Candy,80165,Danger In Dependency (Featuring Alena Sola) — Mabafu,0.015625,0.3333333333333333,1.641025641025641
4540,Doubt/Hope — Wildbirds and Peacedrums,80165,Danger In Dependency (Featuring Alena Sola) — Mabafu,0.015625,0.3333333333333333,1.641025641025641
23539,Can Opener — The Discoghosts,80165,Danger In Dependency (Featuring Alena Sola) — Mabafu,0.015625,0.3333333333333333,1.641025641025641
77381,Just Be — BJ Block & Dawn Pemberton,80165,Danger In Dependency (Featuring Alena Sola) — Mabafu,0.015625,0.3333333333333333,1.641025641025641
80166,Oblivion (Featuring Knixx) — Mabafu,80165,Danger In Dependency (Featuring Alena Sola) — Mabafu,0.0390625,0.3333333333333333,1.641025641025641
87598,Lift Off — Jahzzar,80165,Danger In Dependency (Featuring Alena Sola) — Mabafu,0.015625,0.3333333333333333,1.641025641025641
3444,Hypocrite Shoes — Brother JT,72511,Heaven — Zero V,0.015625,0.25,1.6
61487,Stormy Blues — Arne Bang Huseby,145911,Quantum — MMFFF,0.015625,0.25,1.6
145129,Help Me After You Die [kat330 mash] — Kathleen Martin,80169,Bersarinplatz — Mabafu,0.015625,0.2222222222222222,1.5802469135802468
20695,Free Dschimi — Tracky Birthday,145915,The Mountain's Lament — MMFFF,0.046875,0.3,1.536
145911,Quantum — MMFFF,145915,The Mountain's Lament — MMFFF,0.046875,0.3,1.536
145915,The Mountain's Lament — MMFFF,20695,Free Dschimi — Tracky Birthday,0.046875,0.24,1.536
145915,The Mountain's Lament — MMFFF,145911,Quantum — MMFFF,0.046875,0.24,1.536
3716,I Got to Cross the River Jordan — Immortal Lee County Killers,50672,Sentimental-Fields 4 Don't Be A Luddy Duddy — The Superfools,0.015625,0.2857142857142857,1.5238095238095237
56177,We Don't Care (live at WFMU Record Fair) — CSC Funk Band,50672,Sentimental-Fields 4 Don't Be A Luddy Duddy — The Superfools,0.015625,0.2857142857142857,1.5238095238095237
61489,Fjcb Reddit Gtr Fills Mix — Phoephus,50672,Sentimental-Fields 4 Don't Be A Luddy Duddy — The Superfools,0.015625,0.2857142857142857,1.5238095238095237
118874,Tubby Brothers — Jon Langford,50672,Sentimental-Fields 4 Don't Be A Luddy Duddy — The Superfools,0.015625,0.2857142857142857,1.5238095238095237
129499,Wishing Him Away — Big Sandy and His Fly-Rite Boys,50672,Sentimental-Fields 4 Don't Be A Luddy Duddy — The Superfools,0.015625,0.2857142857142857,1.5238095238095237
132228,High Class Girl From The Country — Zephaniah And The 18 Wheelers,50672,Sentimental-Fields 4 Don't Be A Luddy Duddy — The Superfools,0.015625,0.2857142857142857,1.5238095238095237
3444,Hypocrite Shoes — Brother JT,30199,Soho Joe — Lee Rosevere,0.015625,0.25,1.5238095238095237
3444,Hypocrite Shoes — Brother JT,120475,Tidings of Comfort (Instrumental) — Tidings of Comfort,0.015625,0.25,1.5238095238095237
3444,Hypocrite Shoes — Brother JT,145914,The Lion & The Snake — MMFFF,0.015625,0.25,1.5238095238095237
3842,Shes Too Fat — Little Howlin' Wolf,120475,Tidings of Comfort (Instrumental) — Tidings of Comfort,0.015625,0.25,1.5238095238095237
3842,Shes Too Fat — Little Howlin' Wolf,145914,The Lion & The Snake — MMFFF,0.015625,0.25,1.5238095238095237
123623,Playon Playaz — Pimpstrut Local #13,113727,Whaledive — Martin Lowack,0.015625,0.25,1.5238095238095237
123638,The Glory of Life's Glory — Pimpstrut Local #13,113727,Whaledive — Martin Lowack,0.015625,0.25,1.5238095238095237
123638,The Glory of Life's Glory — Pimpstrut Local #13,145914,The Lion & The Snake — MMFFF,0.015625,0.25,1.5238095238095237
145129,Help Me After You Die [kat330 mash] — Kathleen Martin,50671,Sentimental-Fields 3 All Kinds Of Gibberish Sounds — The Superfools,0.015625,0.2222222222222222,1.4970760233918128
145129,Help Me After You Die [kat330 mash] — Kathleen Martin,120474,Tidings of Comfort — Tidings of Comfort,0.015625,0.2222222222222222,1.4970760233918128
56177,We Don't Care (live at WFMU Record Fair) — CSC Funk Band,145915,The Mountain's Lament — MMFFF,0.015625,0.2857142857142857,1.4628571428571429
61489,Fjcb Reddit Gtr Fills Mix — Phoephus,145915,The Mountain's Lament — MMFFF,0.015625,0.2857142857142857,1.4628571428571429
118657,To The Rhythm of the Funk — Cullah,145915,The Mountain's Lament — MMFFF,0.015625,0.2857142857142857,1.4628571428571429
132228,High Class Girl From The Country — Zephaniah And The 18 Wheelers,145915,The Mountain's Lament — MMFFF,0.015625,0.2857142857142857,1.4628571428571429
3425,Nothing Really — Brother JT,145911,Quantum — MMFFF,0.015625,0.2222222222222222,1.422222222222222
62435,Boulevard St Germain — Jahzzar,72511,Heaven — Zero V,0.015625,0.2222222222222222,1.422222222222222
145129,Help Me After You Die [kat330 mash] — Kathleen Martin,72511,Heaven — Zero V,0.015625,0.2222222222222222,1.422222222222222
145129,Help Me After You Die [kat330 mash] — Kathleen Martin,145911,Quantum — MMFFF,0.015625,0.2222222222222222,1.422222222222222
3424,Interview — Brother JT,80165,Danger In Dependency (Featuring Alena Sola) — Mabafu,0.015625,0.2857142857142857,1.4065934065934065
3435,Let's Not And Say We Did — Brother JT,80165,Danger In Dependency (Featuring Alena Sola) — Mabafu,0.015625,0.2857142857142857,1.4065934065934065
3445,Young But Daily Growing — Brother JT,80165,Danger In Dependency (Featuring Alena Sola) — Mabafu,0.015625,0.2857142857142857,1.4065934065934065
3716,I Got to Cross the River Jordan — Immortal Lee County Killers,80165,Danger In Dependency (Featuring Alena Sola) — Mabafu,0.015625,0.2857142857142857,1.4065934065934065
12574,Comeback Kid — Deano Waco,80165,Danger In Dependency (Featuring Alena Sola) — Mabafu,0.015625,0.2857142857142857,1.4065934065934065
14899,I'll Never Sleep It Off — Rex Hobart &amp; the Misery Boys,80165,Danger In Dependency (Featuring Alena Sola) — Mabafu,0.015625,0.2857142857142857,1.4065934065934065
118658,No Home — Cullah,80165,Danger In Dependency (Featuring Alena Sola) — Mabafu,0.015625,0.2857142857142857,1.4065934065934065
59173,She Gets All That She Wants — Ignatz,145915,The Mountain's Lament — MMFFF,0.0234375,0.2727272727272727,1.3963636363636363
145915,The Mountain's Lament — MMFFF,80165,Danger In Dependency (Featuring Alena Sola) — Mabafu,0.0546875,0.28,1.3784615384615386
80165,Danger In Dependency (Featuring Alena Sola) — Mabafu,145915,The Mountain's Lament — MMFFF,0.0546875,0.2692307692307692,1.3784615384615384
145129,Help Me After You Die [kat330 mash] — Kathleen Martin,30199,Soho Joe — Lee Rosevere,0.015625,0.2222222222222222,1.3544973544973544
145129,Help Me After You Die [kat330 mash] — Kathleen Martin,120475,Tidings of Comfort (Instrumental) — Tidings of Comfort,0.015625,0.2222222222222222,1.3544973544973544
38544,Women Be Wise — Nobody's Bizness,120474,Tidings of Comfort — Tidings of Comfort,0.015625,0.2,1.3473684210526315
78750,Untitled 4 — Loren Connors and Bill Orcutt,50672,Sentimental-Fields 4 Don't Be A Luddy Duddy — The Superfools,0.015625,0.25,1.3333333333333333
3444,Hypocrite Shoes — Brother JT,145915,The Mountain's Lament — MMFFF,0.015625,0.25,1.28
123623,Playon Playaz — Pimpstrut Local #13,145915,The Mountain's Lament — MMFFF,0.015625,0.25,1.28
123638,The Glory of Life's Glory — Pimpstrut Local #13,145915,The Mountain's Lament — MMFFF,0.015625,0.25,1.28
145913,"Untold, unspoken — MMFFF",145915,The Mountain's Lament — MMFFF,0.03125,0.25,1.28
4538,There Is No Light — Wildbirds and Peacedrums,72511,Heaven — Zero V,0.015625,0.2,1.28
145129,Help Me After You Die [kat330 mash] — Kathleen Martin,50672,Sentimental-Fields 4 Don't Be A Luddy Duddy — The Superfools,0.015625,0.2222222222222222,1.1851851851851851
3425,Nothing Really — Brother JT,80165,Danger In Dependency (Featuring Alena Sola) — Mabafu,0.015625,0.2222222222222222,1.094017094017094
19132,I Love My Babe — T-Model Ford,80165,Danger In Dependency (Featuring Alena Sola) — Mabafu,0.015625,0.2222222222222222,1.094017094017094
38544,Women Be Wise — Nobody's Bizness,50672,Sentimental-Fields 4 Don't Be A Luddy Duddy — The Superfools,0.015625,0.2,1.0666666666666667
4538,There Is No Light — Wildbirds and Peacedrums,145915,The Mountain's Lament — MMFFF,0.015625,0.2,1.024
38544,Women Be Wise — Nobody's Bizness,145915,The Mountain's Lament — MMFFF,0.015625,0.2,1.024
